DATE,TICKER,FIRST,HIGH,LOW,CLOSE,VALUE,VOL,OPENINT,PER,OPEN,LAST,adj_first,adj_high,adj_low,adj_close,adj_open,adj_last,adj_value
2007-03-11,S*Mobarakeh Steel,1900.0,1938.0,1900.0,1900.0,889437216900.0,468077431,7736,D,1900.0,1900.0,1.81579447434501,1.8521103638319096,1.81579447434501,1.81579447434501,1.81579447434501,1.81579447434501,850018517.7493812
2007-03-12,S*Mobarakeh Steel,1938.0,1938.0,1938.0,1938.0,193879458000.0,100041000,9214,D,1900.0,1938.0,1.8521103638319096,1.8521103638319096,1.8521103638319096,1.8521103638319096,1.81579447434501,1.8521103638319096,185286972.90810803
2007-03-13,S*Mobarakeh Steel,1976.0,1976.0,1915.0,1973.0,249241504527.0,126270939,5862,D,1938.0,1973.0,1.8884262533188108,1.8884262533188108,1.8301296938793121,1.8855592094119495,1.8521103638319096,1.8855592094119495,238195445.63029644
2007-03-14,S*Mobarakeh Steel,1934.0,1966.0,1934.0,1934.0,51666379451.0,26705128,1901,D,1973.0,1934.0,1.8482876386227625,1.8788694402959414,1.8482876386227625,1.8482876386227625,1.8855592094119495,1.8482876386227625,49376592.798178084
2007-03-17,S*Mobarakeh Steel,1896.0,1927.0,1896.0,1898.0,28239006789.0,14877283,1514,D,1934.0,1898.0,1.8119717491358627,1.841597869506755,1.8119717491358627,1.8138831117404355,1.8482876386227625,1.8138831117404355,26987490.78339864
2007-03-19,S*Mobarakeh Steel,1872.0,1909.0,1861.0,1885.0,23432044982.0,12428574,1402,D,1898.0,1885.0,1.7890353978809779,1.8243956060655908,1.778522903555822,1.801459254810707,1.8138831117404355,1.801459254810707,22393567.263641745
2007-03-25,S*Mobarakeh Steel,1881.0,1922.0,1880.0,1894.0,7938296594.0,4151051,480,D,1885.0,1894.0,1.7976365296015595,1.8368194629953214,1.7966808482992733,1.8100603865312896,1.801459254810707,1.8100603865312896,7586481.626893165
2007-03-26,S*Mobarakeh Steel,1927.0,1931.0,1898.0,1900.0,5010080922.0,2604320,397,D,1894.0,1900.0,1.841597869506755,1.8454205947159026,1.8138831117404355,1.81579447434501,1.8100603865312896,1.81579447434501,4788040.660099449
2007-03-27,S*Mobarakeh Steel,1909.0,1935.0,1902.0,1904.0,3349931251.0,1737471,231,D,1900.0,1904.0,1.8243956060655908,1.8492433199250502,1.8177058369495827,1.8196171995541568,1.81579447434501,1.8196171995541568,3201466.6605270864
2007-03-28,S*Mobarakeh Steel,1925.0,1930.0,1906.0,1906.0,2819018765.0,1466522,221,D,1904.0,1906.0,1.8396865069021808,1.844464913413615,1.8215285621587307,1.8215285621587307,1.8196171995541568,1.8215285621587307,2694083.5245062597
2007-03-31,S*Mobarakeh Steel,1904.0,1920.0,1873.0,1905.0,1544256723.0,818231,209,D,1906.0,1905.0,1.8196171995541568,1.834908100390747,1.7899910791832652,1.820572880856444,1.8215285621587307,1.820572880856444,1475817.2761018595
2007-04-03,S*Mobarakeh Steel,1900.0,1900.0,1867.0,1900.0,5089821352.0,2705358,313,D,1905.0,1900.0,1.81579447434501,1.81579447434501,1.7842569913695443,1.81579447434501,1.820572880856444,1.81579447434501,4864247.098086762
2007-04-04,S*Mobarakeh Steel,1887.0,1896.0,1862.0,1896.0,3083948625.0,1649990,220,D,1900.0,1896.0,1.8033706174152802,1.8119717491358627,1.7794785848581094,1.8119717491358627,1.81579447434501,1.8119717491358627,2947272.038125732
2007-04-07,S*Mobarakeh Steel,1886.0,1888.0,1859.0,1881.0,9390429030.0,5050280,473,D,1896.0,1881.0,1.8024149361129942,1.8043262987175674,1.7766115409512486,1.7976365296015595,1.8119717491358627,1.7976365296015595,8974257.444422616
2007-04-08,S*Mobarakeh Steel,1854.0,1900.0,1849.0,1879.0,5626657331.0,3002511,433,D,1881.0,1879.0,1.7718331344398144,1.81579447434501,1.7670547279283813,1.795725166996986,1.7976365296015595,1.795725166996986,5377291.205611915
2007-04-09,S*Mobarakeh Steel,1889.0,1913.0,1874.0,1879.0,1307934968.0,692951,165,D,1879.0,1879.0,1.8052819800198547,1.8282183312747393,1.7909467604855516,1.795725166996986,1.795725166996986,1.795725166996986,1249968.9935247458
2007-04-10,S*Mobarakeh Steel,1907.0,1917.0,1862.0,1883.0,2477218529.0,1315311,310,D,1879.0,1883.0,1.822484243461017,1.8320410564838872,1.7794785848581094,1.7995478922061339,1.795725166996986,1.7995478922061339,2367431.429843827
2007-04-11,S*Mobarakeh Steel,1876.0,1880.0,1851.0,1880.0,3292833272.0,1767488,413,D,1883.0,1880.0,1.792858123090126,1.7966808482992733,1.7689660905329543,1.7966808482992733,1.7995478922061339,1.7966808482992733,3146899.18959842
2007-04-14,S*Mobarakeh Steel,1864.0,1875.0,1843.0,1875.0,3648614835.0,1975101,463,D,1880.0,1875.0,1.7813899474626842,1.7919024417878386,1.761320640114659,1.7919024417878386,1.7966808482992733,1.7919024417878386,3486912.9770559114
2007-04-15,S*Mobarakeh Steel,1848.0,1867.0,1838.0,1867.0,5293662864.0,2879638,600,D,1875.0,1867.0,1.7660990466260933,1.7842569913695443,1.7565422336032257,1.7842569913695443,1.7919024417878386,1.7842569913695443,5059054.619735041
2007-04-16,S*Mobarakeh Steel,1838.0,1862.0,1831.0,1862.0,3473179839.0,1890750,457,D,1867.0,1862.0,1.7565422336032257,1.7794785848581094,1.7498524644872173,1.7794785848581094,1.7842569913695443,1.7794785848581094,3319253.031611943
2007-04-17,S*Mobarakeh Steel,1848.0,1880.0,1826.0,1861.0,2532449179.0,1368173,344,D,1862.0,1861.0,1.7660990466260933,1.7966808482992733,1.7450740579757833,1.778522903555822,1.7794785848581094,1.778522903555822,2420214.3293619775
2007-04-18,S*Mobarakeh Steel,1876.0,1898.0,1853.0,1867.0,5705405876.0,3024167,500,D,1861.0,1867.0,1.792858123090126,1.8138831117404355,1.7708774531375284,1.7842569913695443,1.778522903555822,1.7842569913695443,5452549.717650713
2007-04-21,S*Mobarakeh Steel,1903.0,1904.0,1883.0,1883.0,10421277946.0,5473667,691,D,1867.0,1883.0,1.8186615182518704,1.8196171995541568,1.7995478922061339,1.7995478922061339,1.7842569913695443,1.7995478922061339,9959420.47892648
2007-04-22,S*Mobarakeh Steel,1920.0,1920.0,1888.0,1888.0,3405672640.0,1773788,360,D,1883.0,1888.0,1.834908100390747,1.834908100390747,1.8043262987175674,1.8043262987175674,1.7995478922061339,1.8043262987175674,3254737.663757886
2007-04-23,S*Mobarakeh Steel,1925.0,1925.0,1880.0,1889.0,1569866424.0,826566,237,D,1888.0,1889.0,1.8396865069021808,1.8396865069021808,1.7966808482992733,1.8052819800198547,1.8043262987175674,1.8052819800198547,1500291.9885047162
2007-04-24,S*Mobarakeh Steel,1900.0,1912.0,950.0,1890.0,3641241626070.0,3831874711,264,D,1889.0,1890.0,1.81579447434501,1.8272626499724527,0.907897237172505,1.8062376613221411,1.8052819800198547,1.8062376613221411,3479866539.1436553
2007-04-25,S*Mobarakeh Steel,1900.0,1903.0,1854.0,1890.0,3392879779.0,1796465,426,D,1890.0,1890.0,1.81579447434501,1.8186615182518704,1.7718331344398144,1.8062376613221411,1.8062376613221411,1.8062376613221411,3242511.765697431
2007-04-28,S*Mobarakeh Steel,1890.0,1890.0,1853.0,1884.0,4038766394.0,2176594,467,D,1890.0,1884.0,1.8062376613221411,1.8062376613221411,1.7708774531375284,1.8005035735084196,1.8062376613221411,1.8005035735084196,3859773.527050274
2007-04-29,S*Mobarakeh Steel,1847.0,1873.0,1847.0,1873.0,6713269926.0,3633565,750,D,1884.0,1873.0,1.7651433653238071,1.7899910791832652,1.7651433653238071,1.7899910791832652,1.8005035735084196,1.7899910791832652,6415746.545482808
2007-04-30,S*Mobarakeh Steel,1857.0,1910.0,1853.0,1884.0,10593596444.0,5581299,838,D,1873.0,1884.0,1.7747001783466758,1.8253512873678783,1.7708774531375284,1.8005035735084196,1.7899910791832652,1.8005035735084196,10124102.045503234
2007-05-01,S*Mobarakeh Steel,1895.0,1900.0,1864.0,1884.0,2613975235.0,1387680,207,D,1884.0,1884.0,1.8110160678335756,1.81579447434501,1.7813899474626842,1.8005035735084196,1.8005035735084196,1.8005035735084196,2498127.256730368
2007-05-02,S*Mobarakeh Steel,1889.0,1890.0,1848.0,1881.0,2830592959.0,1524106,354,D,1884.0,1881.0,1.8052819800198547,1.8062376613221411,1.7660990466260933,1.7976365296015595,1.8005035735084196,1.7976365296015595,2705144.7653010995
2007-05-05,S*Mobarakeh Steel,1854.0,1874.0,1844.0,1874.0,4653287427.0,2523017,479,D,1881.0,1874.0,1.7718331344398144,1.7909467604855516,1.7622763214169457,1.7909467604855516,1.7976365296015595,1.7909467604855516,4447059.788150375
2007-05-06,S*Mobarakeh Steel,1837.0,1863.0,1837.0,1863.0,6994053939.0,3807216,626,D,1874.0,1863.0,1.755586552300939,1.7804342661603965,1.755586552300939,1.7804342661603965,1.7909467604855516,1.7804342661603965,6684086.576687971
2007-05-07,S*Mobarakeh Steel,1835.0,1855.0,1826.0,1855.0,5157963190.0,2824699,483,D,1863.0,1855.0,1.7536751896963647,1.7727888157421017,1.7450740579757833,1.7727888157421017,1.7804342661603965,1.7727888157421017,4929368.97856682
2007-05-08,S*Mobarakeh Steel,1820.0,1851.0,1818.0,1851.0,5933952440.0,3256904,394,D,1855.0,1851.0,1.739339970162061,1.7689660905329543,1.7374286075574887,1.7689660905329543,1.7727888157421017,1.7689660905329543,5670967.395567416
2007-05-09,S*Mobarakeh Steel,1828.0,1850.0,1816.0,1847.0,5525634547.0,3031843,403,D,1851.0,1847.0,1.7469854205803568,1.7680104092306677,1.7355172449529155,1.7651433653238071,1.7689660905329543,1.7651433653238071,5280745.619838153
2007-05-12,S*Mobarakeh Steel,1837.0,1870.0,1823.0,1848.0,2489582384.0,1340525,303,D,1847.0,1848.0,1.755586552300939,1.7871240352764044,1.742207014068923,1.7660990466260933,1.7651433653238071,1.7660990466260933,2379247.334891515
2007-05-13,S*Mobarakeh Steel,1860.0,1884.0,1846.0,1857.0,6803190106.0,3617528,665,D,1848.0,1857.0,1.7775672222535348,1.8005035735084196,1.7641876840215192,1.7747001783466758,1.7660990466260933,1.7747001783466758,6501681.580207072
2007-05-14,S*Mobarakeh Steel,1891.0,1894.0,1857.0,1858.0,2843868527.0,1521600,322,D,1857.0,1858.0,1.8071933426244289,1.8100603865312896,1.7747001783466758,1.775655859648962,1.7747001783466758,1.775655859648962,2717831.977415938
2007-05-15,S*Mobarakeh Steel,1870.0,1870.0,1854.0,1858.0,1343546511.0,722100,194,D,1858.0,1858.0,1.7871240352764044,1.7871240352764044,1.7718331344398144,1.775655859648962,1.775655859648962,1.775655859648962,1284002.27931543
2007-05-16,S*Mobarakeh Steel,1860.0,1870.0,1857.0,1859.0,2368141606.0,1270938,266,D,1858.0,1859.0,1.7775672222535348,1.7871240352764044,1.7747001783466758,1.7766115409512486,1.775655859648962,1.7766115409512486,2263188.654021746
2007-05-19,S*Mobarakeh Steel,1857.0,1858.0,1830.0,1857.0,2145560723.0,1165541,257,D,1859.0,1857.0,1.7747001783466758,1.775655859648962,1.7488967831849311,1.7747001783466758,1.7766115409512486,1.7747001783466758,2050472.2658921499
2007-05-20,S*Mobarakeh Steel,1835.0,1855.0,1830.0,1855.0,2066324045.0,1125563,260,D,1857.0,1855.0,1.7536751896963647,1.7727888157421017,1.7488967831849311,1.7727888157421017,1.7747001783466758,1.7727888157421017,1974747.254272226
2007-05-21,S*Mobarakeh Steel,1840.0,1854.0,1830.0,1854.0,1869165969.0,1015994,273,D,1855.0,1854.0,1.758453596207799,1.7718331344398144,1.7488967831849311,1.7718331344398144,1.7727888157421017,1.7718331344398144,1786326.9674441766
2007-05-22,S*Mobarakeh Steel,1848.0,1853.0,1831.0,1853.0,1587771846.0,862753,189,D,1854.0,1853.0,1.7660990466260933,1.7708774531375284,1.7498524644872173,1.7708774531375284,1.7718331344398144,1.7708774531375284,1517403.8655196717
2007-05-23,S*Mobarakeh Steel,1848.0,1852.0,1818.0,1852.0,1017647066.0,555716,123,D,1853.0,1852.0,1.7660990466260933,1.7699217718352414,1.7374286075574887,1.7699217718352414,1.7708774531375284,1.7699217718352414,972546.2733032691
2007-05-26,S*Mobarakeh Steel,1835.0,1850.0,1816.0,1850.0,1819739565.0,995859,258,D,1852.0,1850.0,1.7536751896963647,1.7680104092306677,1.7355172449529155,1.7680104092306677,1.7699217718352414,1.7680104092306677,1739091.0773021004
2007-05-27,S*Mobarakeh Steel,1829.0,1848.0,1813.0,1848.0,1232478002.0,677604,175,D,1850.0,1848.0,1.7479411018826434,1.7660990466260933,1.7326502010460543,1.7660990466260933,1.7680104092306677,1.7660990466260933,1177856.1819912517
2007-05-28,S*Mobarakeh Steel,1818.0,1845.0,1817.0,1845.0,4885670697.0,2681100,312,D,1848.0,1845.0,1.7374286075574887,1.7632320027192334,1.7364729262552014,1.7632320027192334,1.7660990466260933,1.7632320027192334,4669144.134253647
2007-05-29,S*Mobarakeh Steel,1830.0,1844.0,1820.0,1844.0,3436495236.0,1881316,182,D,1845.0,1844.0,1.7488967831849311,1.7622763214169457,1.739339970162061,1.7622763214169457,1.7632320027192334,1.7622763214169457,3284194.242443026
2007-05-30,S*Mobarakeh Steel,1835.0,1845.0,1834.0,1844.0,1498893842.0,814969,204,D,1844.0,1844.0,1.7536751896963647,1.7632320027192334,1.7527195083940774,1.7622763214169457,1.7622763214169457,1.7622763214169457,1432464.8189122956
2007-06-02,S*Mobarakeh Steel,1844.0,1880.0,1843.0,1852.0,5903314799.0,3142342,628,D,1844.0,1852.0,1.7622763214169457,1.7966808482992733,1.761320640114659,1.7699217718352414,1.7622763214169457,1.7699217718352414,5641687.574917538
2007-06-03,S*Mobarakeh Steel,1889.0,1889.0,1862.0,1862.0,6644893791.0,3517679,457,D,1852.0,1862.0,1.8052819800198547,1.8052819800198547,1.7794785848581094,1.7794785848581094,1.7699217718352414,1.7794785848581094,6350400.751740666
2007-06-06,S*Mobarakeh Steel,1899.0,1899.0,1867.0,1867.0,3200694642.0,1686185,384,D,1862.0,1867.0,1.8148387930427226,1.8148387930427226,1.7842569913695443,1.7842569913695443,1.7794785848581094,1.7842569913695443,3058844.0236890935
2007-06-09,S*Mobarakeh Steel,1894.0,1904.0,1866.0,1870.0,3475993043.0,1842850,285,D,1867.0,1870.0,1.8100603865312896,1.8196171995541568,1.7833013100672568,1.7871240352764044,1.7842569913695443,1.7871240352764044,3321941.55807426
2007-06-10,S*Mobarakeh Steel,1906.0,1907.0,1871.0,1871.0,752248837.0,394471,99,D,1870.0,1871.0,1.8215285621587307,1.822484243461017,1.7880797165786917,1.7880797165786917,1.7871240352764044,1.7880797165786917,718910.1481879262
2007-06-11,S*Mobarakeh Steel,1908.0,1908.0,950.0,1873.0,893785181478.0,940111218,178,D,1871.0,1873.0,1.8234399247633044,1.8234399247633044,0.907897237172505,1.7899910791832652,1.7880797165786917,1.7899910791832652,854173786.1995811
2007-06-12,S*Mobarakeh Steel,1910.0,1910.0,1873.0,1873.0,216131410.0,113158,39,D,1873.0,1873.0,1.8253512873678783,1.8253512873678783,1.7899910791832652,1.7899910791832652,1.7899910791832652,1.7899910791832652,206552.74737389243
2007-06-13,S*Mobarakeh Steel,1910.0,1910.0,1910.0,1910.0,25017527620.0,13098182,1510,D,1873.0,1910.0,1.8253512873678783,1.8253512873678783,1.8253512873678783,1.8253512873678783,1.7899910791832652,1.8253512873678783,23908783.375878774
2007-06-16,S*Mobarakeh Steel,1948.0,1948.0,1948.0,1948.0,29286925488.0,15034356,1898,D,1910.0,1948.0,1.8616671768547788,1.8616671768547788,1.8616671768547788,1.8616671768547788,1.8253512873678783,1.8616671768547788,27988967.090349704
2007-06-17,S*Mobarakeh Steel,1986.0,1986.0,1986.0,1986.0,31093916244.0,15656554,2085,D,1948.0,1986.0,1.8979830663416781,1.8979830663416781,1.8979830663416781,1.8979830663416781,1.8616671768547788,1.8979830663416781,29715874.369264066
2007-06-19,S*Mobarakeh Steel,2025.0,2025.0,1956.0,2005.0,23809248413.0,11863183,2574,D,1986.0,2005.0,1.9352546371308659,1.9352546371308659,1.8693126272730733,1.916141011085129,1.8979830663416781,1.916141011085129,22754053.529806893
2007-06-20,S*Mobarakeh Steel,1986.0,1991.0,1966.0,1991.0,11205015358.0,5676578,1103,D,2005.0,1991.0,1.8979830663416781,1.902761472853113,1.8788694402959414,1.902761472853113,1.916141011085129,1.902761472853113,10708423.669477563
2007-06-23,S*Mobarakeh Steel,2000.0,2030.0,1995.0,2028.0,20160850793.0,9940077,1623,D,1991.0,2028.0,1.9113626045736953,1.9400330436423,1.9065841980622595,1.9381216810377266,1.902761472853113,1.9381216810377266,19267348.141065054
2007-06-24,S*Mobarakeh Steel,2030.0,2068.0,2026.0,2056.0,16194664330.0,7875528,1583,D,2028.0,2056.0,1.9400330436423,1.9763489331292003,1.9362103184331527,1.9648807575017582,1.9381216810377266,1.9648807575017582,15476937.89699275
2007-06-25,S*Mobarakeh Steel,2065.0,2097.0,2062.0,2096.0,22867336715.0,10909057,1818,D,2056.0,2096.0,1.9734818892223396,2.004063690895519,1.9706148453154788,2.0031080095932317,1.9648807575017582,2.0031080095932317,21853886.13162304
2007-06-26,S*Mobarakeh Steel,2137.0,2137.0,2065.0,2093.0,20129780241.0,9614186,1892,D,2096.0,2093.0,2.0422909429869924,2.0422909429869924,1.9734818892223396,2.000240965686371,2.0031080095932317,2.000240965686371,19237654.59546693
2007-06-27,S*Mobarakeh Steel,2070.0,2070.0,2052.0,2061.0,10145410287.0,4943752,883,D,2093.0,2061.0,1.9782602957337732,1.9782602957337732,1.9610580322926103,1.969659164013192,2.000240965686371,1.969659164013192,9695778.915314544
2007-06-30,S*Mobarakeh Steel,2100.0,2102.0,2085.0,2101.0,22200446843.0,10566520,2214,D,2061.0,2101.0,2.006930734802379,2.0088420974069527,1.9925955152680765,2.007886416104667,1.969659164013192,2.007886416104667,21216551.950268168
2007-07-01,S*Mobarakeh Steel,2129.0,2143.0,2122.0,2142.0,24596470666.0,11482272,1778,D,2101.0,2142.0,2.034645492568699,2.0480250308007135,2.02795572345269,2.0470693494984267,2.007886416104667,2.0470693494984267,23506387.117743123
2007-07-02,S*Mobarakeh Steel,2179.0,2184.0,2170.0,2183.0,32493053036.0,14878790,2494,D,2142.0,2183.0,2.08242955768304,2.0872079641944743,2.073828425962459,2.086252282892188,2.0470693494984267,2.086252282892188,31053003.24072007
2007-07-03,S*Mobarakeh Steel,2219.0,2223.0,1450.0,2200.0,981070450100.0,571322642,1214,D,2183.0,2200.0,2.1206568097745135,2.1244795349836614,1.3857378883159295,2.102498865031064,2.086252282892188,2.102498865031064,937590685.3867116
2007-07-04,S*Mobarakeh Steel,2189.0,2233.0,2171.0,2200.0,16814821740.0,7638788,1526,D,2200.0,2200.0,2.0919863707059085,2.13403634800653,2.074784107264745,2.102498865031064,2.102498865031064,2.102498865031064,16069610.738204384
2007-07-07,S*Mobarakeh Steel,2239.0,2242.0,2210.0,2221.0,10056265516.0,4510681,991,D,2200.0,2221.0,2.1397704358202505,2.1426374797271115,2.112055678053933,2.122568172379089,2.102498865031064,2.122568172379089,9610584.92447319
2007-07-08,S*Mobarakeh Steel,2258.0,2265.0,2240.0,2260.0,15160636801.0,6707990,1311,D,2221.0,2260.0,2.157928380563701,2.164618149679709,2.140726117122538,2.1598397431682743,2.122568172379089,2.1598397431682743,14488737.121477583
2007-07-09,S*Mobarakeh Steel,2294.0,2305.0,2290.0,2303.0,23374166886.0,10145458,1090,D,2260.0,2303.0,2.1923329074460276,2.202845401771183,2.18851018223688,2.2009340391666092,2.1598397431682743,2.2009340391666092,22338254.249482583
2007-07-10,S*Mobarakeh Steel,2340.0,2349.0,2320.0,2348.0,44882797405.0,19111410,814,D,2303.0,2348.0,2.2362942473512217,2.244895379071803,2.217180621305485,2.2439396977695187,2.2009340391666092,2.2439396977695187,42893650.27428713
2007-07-11,S*Mobarakeh Steel,2394.0,2394.0,2394.0,2394.0,32801833890.0,13701685,701,D,2348.0,2394.0,2.287901037674712,2.287901037674712,2.287901037674712,2.287901037674712,2.2439396977695187,2.287901037674712,31348099.329392042
2007-07-14,S*Mobarakeh Steel,2441.0,2441.0,2394.0,2435.0,101037157516.0,41484855,2611,D,2394.0,2435.0,2.3328180588821943,2.3328180588821943,2.287901037674712,2.3270839710684728,2.287901037674712,2.3270839710684728,96559322.27425219
2007-07-15,S*Mobarakeh Steel,2387.0,2428.0,2387.0,2428.0,2249683461.0,942473,121,D,2435.0,2428.0,2.281211268558705,2.320394201952466,2.281211268558705,2.320394201952466,2.3270839710684728,2.320394201952466,2149980.419741662
2007-07-16,S*Mobarakeh Steel,2380.0,2400.0,2380.0,2380.0,55551799076.0,23338850,1586,D,2428.0,2380.0,2.2745214994426965,2.2936351254884335,2.2745214994426965,2.2745214994426965,2.320394201952466,2.2745214994426965,53089815.68532895
2007-07-17,S*Mobarakeh Steel,2381.0,2419.0,2358.0,2384.0,41409372184.0,17354847,1497,D,2380.0,2384.0,2.2754771807449834,2.3117930702318827,2.253496510792386,2.2783442246518444,2.2745214994426965,2.2783442246518444,39574162.73568588
2007-07-25,S*Mobarakeh Steel,2333.0,2479.0,2254.0,2388.0,73538904099.0,30786113,2496,D,2384.0,2388.0,2.229604478235215,2.3691339483690945,2.1541056553545537,2.2821669498609904,2.2783442246518444,2.2821669498609904,70279755.63807993
2007-07-29,S*Mobarakeh Steel,2435.0,2435.0,2435.0,2435.0,15492784900.0,6362540,612,D,2388.0,2435.0,2.3270839710684728,2.3270839710684728,2.3270839710684728,2.3270839710684728,2.2821669498609904,2.3270839710684728,14806164.849281998
2007-07-30,S*Mobarakeh Steel,2483.0,2483.0,2483.0,2483.0,15681545412.0,6315564,1091,D,2435.0,2483.0,2.372956673578241,2.372956673578241,2.372956673578241,2.372956673578241,2.3270839710684728,2.372956673578241,14986559.741210494
2007-07-31,S*Mobarakeh Steel,2532.0,2532.0,2532.0,2532.0,21752452512.0,8591016,1567,D,2483.0,2532.0,2.4197850573902966,2.4197850573902966,2.4197850573902966,2.4197850573902966,2.372956673578241,2.4197850573902966,20788412.144600965
2007-08-01,S*Mobarakeh Steel,2582.0,2582.0,2582.0,2582.0,44144709618.0,17097099,2606,D,2532.0,2582.0,2.46756912250464,2.46756912250464,2.46756912250464,2.46756912250464,2.4197850573902966,2.46756912250464,42188273.57680494
2007-08-04,S*Mobarakeh Steel,2633.0,2633.0,2587.0,2632.0,121823899879.0,46268455,4074,D,2582.0,2632.0,2.516308868921269,2.516308868921269,2.4723475290160737,2.5153531876189814,2.46756912250464,2.5153531876189814,116424823.2860252
2007-08-05,S*Mobarakeh Steel,2650.0,2684.0,2645.0,2678.0,53325588071.0,19910250,3487,D,2632.0,2678.0,2.5325554510601465,2.5650486153378984,2.5277770445487104,2.5593145275241764,2.5153531876189814,2.5593145275241764,50962267.45290526
2007-08-06,S*Mobarakeh Steel,2731.0,2731.0,2729.0,2729.0,16522440740.0,6049960,575,D,2678.0,2729.0,2.60996563654538,2.60996563654538,2.6080542739408075,2.6080542739408075,2.5593145275241764,2.6080542739408075,15790187.683360456
2007-08-07,S*Mobarakeh Steel,2783.0,2783.0,2732.0,2732.0,834899490.0,300000,61,D,2729.0,2732.0,2.6596610642642955,2.6596610642642955,2.6109213178476676,2.6109213178476676,2.6080542739408075,2.6109213178476676,797897.8318818246
2007-08-08,S*Mobarakeh Steel,2786.0,2786.0,2734.0,2734.0,565039284.0,202814,47,D,2732.0,2734.0,2.662528108171156,2.662528108171156,2.6128326804522413,2.6128326804522413,2.6109213178476676,2.6128326804522413,539997.4787763477
2007-08-12,S*Mobarakeh Steel,2788.0,2788.0,2740.0,2740.0,2103194232.0,754374,257,D,2734.0,2740.0,2.664439470775729,2.664439470775729,2.6185667682659606,2.6185667682659606,2.6128326804522413,2.6185667682659606,2009983.4025999457
2007-08-13,S*Mobarakeh Steel,2794.0,2794.0,2769.0,2769.0,9454918102.0,3384008,758,D,2740.0,2769.0,2.6701735585894513,2.6701735585894513,2.6462815260322787,2.6462815260322787,2.6185667682659606,2.6462815260322787,9035888.444734845
2007-08-14,S*Mobarakeh Steel,2824.0,2824.0,2773.0,2773.0,1229442010.0,435355,100,D,2769.0,2773.0,2.6988439976580567,2.6988439976580567,2.650104251241428,2.650104251241428,2.6462815260322787,2.650104251241428,1174954.7412029589
2007-08-15,S*Mobarakeh Steel,2828.0,2828.0,2779.0,2779.0,1851516562.0,654709,280,D,2773.0,2779.0,2.7026667228672037,2.7026667228672037,2.655838339055149,2.655838339055149,2.650104251241428,2.655838339055149,1769459.7591778256
2007-08-18,S*Mobarakeh Steel,2834.0,2834.0,2783.0,2831.0,84277058183.0,29760995,2983,D,2779.0,2831.0,2.7084008106809243,2.7084008106809243,2.6596610642642955,2.7055337667740647,2.655838339055149,2.7055337667740647,80542008.71723384
2007-08-19,S*Mobarakeh Steel,2887.0,2887.0,2849.0,2849.0,5885518656.0,2038628,455,D,2831.0,2849.0,2.7590519197021273,2.7590519197021273,2.722736030215228,2.722736030215228,2.7055337667740647,2.722736030215228,5624680.133799618
2007-08-20,S*Mobarakeh Steel,2905.0,2905.0,2863.0,2863.0,4439879570.0,1528358,605,D,2849.0,2863.0,2.776254183143292,2.776254183143292,2.736115568447242,2.736115568447242,2.722736030215228,2.736115568447242,4243109.8894543685
2007-08-21,S*Mobarakeh Steel,2920.0,2920.0,2874.0,2874.0,3514710100.0,1203668,303,D,2863.0,2874.0,2.790589402677594,2.790589402677594,2.7466280627723987,2.7466280627723987,2.736115568447242,2.7466280627723987,3358942.725528735
2007-08-22,S*Mobarakeh Steel,2931.0,2931.0,2877.0,2877.0,1081350876.0,368936,155,D,2874.0,2877.0,2.8011018970027495,2.8011018970027495,2.749495106679259,2.749495106679259,2.7466280627723987,2.749495106679259,1033426.8134047034
2007-08-25,S*Mobarakeh Steel,2934.0,2934.0,2882.0,2882.0,1508465702.0,514133,182,D,2877.0,2882.0,2.8039689409096096,2.8039689409096096,2.7542735131906952,2.7542735131906952,2.749495106679259,2.7542735131906952,1441612.4665424034
2007-08-26,S*Mobarakeh Steel,2939.0,2939.0,2908.0,2908.0,8616036748.0,2931622,581,D,2882.0,2908.0,2.8087473474210434,2.8087473474210434,2.7791212270501524,2.7791212270501524,2.7542735131906952,2.7791212270501524,8234185.219879971
2007-08-27,S*Mobarakeh Steel,2966.0,2966.0,2917.0,2917.0,2810592974.0,947604,251,D,2908.0,2917.0,2.8345507425827896,2.8345507425827896,2.787722358770734,2.787722358770734,2.7791212270501524,2.787722358770734,2686031.1535905823
2007-08-28,S*Mobarakeh Steel,2975.0,2975.0,2949.0,2949.0,10388033340.0,3491776,661,D,2917.0,2949.0,2.8431518743033695,2.8431518743033695,2.8183041604439136,2.8183041604439136,2.787722358770734,2.8183041604439136,9927649.230570389
2007-09-01,S*Mobarakeh Steel,3007.0,3007.0,2968.0,2968.0,6387814815.0,2124315,445,D,2949.0,2968.0,2.8737336759765504,2.8737336759765504,2.8364621051873624,2.8364621051873624,2.8183041604439136,2.8364621051873624,6104715.181166417
2007-09-02,S*Mobarakeh Steel,3027.0,3027.0,2969.0,2969.0,416063597.0,137451,35,D,2968.0,2969.0,2.892847302022287,2.892847302022287,2.83741778648965,2.83741778648965,2.8364621051873624,2.83741778648965,397624.2002151101
2007-09-03,S*Mobarakeh Steel,3028.0,3028.0,2973.0,2973.0,1215399286.0,401387,106,D,2969.0,2973.0,2.893802983324574,2.893802983324574,2.8412405116987967,2.8412405116987967,2.83741778648965,2.8412405116987967,1161534.3724429843
2007-09-04,S*Mobarakeh Steel,3032.0,3032.0,2975.0,2975.0,494736934.0,163172,57,D,2973.0,2975.0,2.8976257085337216,2.8976257085337216,2.8431518743033695,2.8431518743033695,2.8412405116987967,2.8431518743033695,472810.837374522
2007-09-05,S*Mobarakeh Steel,3034.0,3034.0,2983.0,2983.0,2647501264.0,872611,373,D,2975.0,2983.0,2.8995370711382944,2.8995370711382944,2.8507973247216647,2.8507973247216647,2.8431518743033695,2.8507973247216647,2530167.4557855944
2007-09-08,S*Mobarakeh Steel,3042.0,3042.0,2984.0,2984.0,315132368.0,103594,32,D,2983.0,2984.0,2.90718252155659,2.90718252155659,2.8517530060239515,2.8517530060239515,2.8507973247216647,2.8517530060239515,301166.1118429781
2007-09-09,S*Mobarakeh Steel,3043.0,3043.0,2987.0,2987.0,902544111.0,296597,86,D,2984.0,2987.0,2.9081382028588765,2.9081382028588765,2.854620049930812,2.854620049930812,2.8517530060239515,2.854620049930812,862544.5313718048
2007-09-10,S*Mobarakeh Steel,3046.0,3046.0,2991.0,2991.0,1251408952.0,410837,246,D,2987.0,2991.0,2.9110052467657375,2.9110052467657375,2.85844277513996,2.85844277513996,2.854620049930812,2.85844277513996,1195948.1369407787
2007-09-11,S*Mobarakeh Steel,3050.0,3050.0,2992.0,2992.0,315890970.0,103571,98,D,2991.0,2992.0,2.9148279719748835,2.9148279719748835,2.8593984564422463,2.8593984564422463,2.85844277513996,2.8593984564422463,301891.09359025536
2007-09-12,S*Mobarakeh Steel,3051.0,3051.0,2994.0,2994.0,526989507.0,172727,85,D,2992.0,2994.0,2.915783653277172,2.915783653277172,2.8613098190468205,2.8613098190468205,2.8593984564422463,2.8613098190468205,503634.01834126376
2007-09-15,S*Mobarakeh Steel,3053.0,3053.0,2998.0,2998.0,1387682593.0,454531,146,D,2994.0,2998.0,2.9176950158817436,2.9176950158817436,2.8651325442559687,2.8651325442559687,2.8613098190468205,2.8651325442559687,1326182.307639029
2007-09-16,S*Mobarakeh Steel,3057.0,3057.0,3003.0,3003.0,1733260377.0,566981,234,D,2998.0,3003.0,2.9215177410908924,2.9215177410908924,2.8699109507674034,2.8699109507674034,2.8651325442559687,2.8699109507674034,1656444.5342935522
2007-09-17,S*Mobarakeh Steel,3063.0,3063.0,3063.0,3063.0,45361556697.0,14809519,2349,D,3003.0,3063.0,2.927251828904613,2.927251828904613,2.927251828904613,2.927251828904613,2.8699109507674034,2.927251828904613,43351191.577947624
2007-09-18,S*Mobarakeh Steel,3124.0,3124.0,3112.0,3112.0,15865096424.0,5078456,1045,D,3063.0,3112.0,2.9855483883441116,2.9855483883441116,2.9740802127166694,2.9740802127166694,2.927251828904613,2.9740802127166694,15161976.011394722
2007-09-19,S*Mobarakeh Steel,3174.0,3174.0,3113.0,3113.0,170855810.0,53830,24,D,3112.0,3113.0,3.0333324534584523,3.0333324534584523,2.975035894018955,2.975035894018955,2.9740802127166694,2.975035894018955,163283.70300407417
2007-09-22,S*Mobarakeh Steel,3175.0,3175.0,3115.0,3115.0,792282550.0,249538,89,D,3113.0,3115.0,3.0342881347607413,3.0342881347607413,2.976947256623529,2.976947256623529,2.975035894018955,2.976947256623529,757169.619163144
2007-09-23,S*Mobarakeh Steel,3177.0,3177.0,3123.0,3123.0,2541631230.0,800010,238,D,3115.0,3123.0,3.0361994973653137,3.0361994973653137,2.9845927070418234,2.9845927070418234,2.976947256623529,2.9845927070418234,2428989.4438193217
2007-09-24,S*Mobarakeh Steel,3185.0,3185.0,3128.0,3128.0,1592531280.0,500010,201,D,3123.0,3128.0,3.043844947783609,3.043844947783609,2.989371113553257,2.989371113553257,2.9845927070418234,2.989371113553257,1521952.3676029395
2007-09-30,S*Mobarakeh Steel,3190.0,3190.0,3128.0,3128.0,24769730.0,7765,4,D,3128.0,3128.0,3.0486233542950436,3.0486233542950436,2.989371113553257,2.989371113553257,2.989371113553257,2.989371113553257,23671.967823693583
2007-10-01,S*Mobarakeh Steel,3190.0,3190.0,3128.0,3128.0,42493370.0,13321,13,D,3128.0,3128.0,3.0486233542950436,3.0486233542950436,2.989371113553257,2.989371113553257,2.989371113553257,2.989371113553257,40610.11918015685
2007-10-02,S*Mobarakeh Steel,3190.0,3190.0,3129.0,3129.0,171021670.0,53612,37,D,3128.0,3129.0,3.0486233542950436,3.0486233542950436,2.9903267948555454,2.9903267948555454,2.989371113553257,2.9903267948555454,163442.21230487147
2007-10-06,S*Mobarakeh Steel,3191.0,3191.0,3134.0,3134.0,1566904879.0,491039,178,D,3129.0,3134.0,3.0495790355973287,3.0495790355973287,2.9951052013669788,2.9951052013669788,2.9903267948555454,2.9951052013669788,1497461.6953223348
2007-10-07,S*Mobarakeh Steel,3196.0,3196.0,3136.0,3136.0,723752776.0,226456,117,D,3134.0,3136.0,3.0543574421087647,3.0543574421087647,2.9970165639715525,2.9970165639715525,2.9951052013669788,2.9970165639715525,691676.995501401
2007-10-08,S*Mobarakeh Steel,3198.0,3198.0,3137.0,3137.0,302987504.0,94743,46,D,3136.0,3137.0,3.0562688047133366,3.0562688047133366,2.9979722452738393,2.9979722452738393,2.9970165639715525,2.9979722452738393,289559.49239936133
2007-10-09,S*Mobarakeh Steel,3199.0,3199.0,2388.0,3138.0,325053942005.0,136089385,41,D,3137.0,3138.0,3.0572244860156244,3.0572244860156244,2.2821669498609904,2.998927926576127,2.9979722452738393,2.998927926576127,310647974.6088118
2007-10-10,S*Mobarakeh Steel,3200.0,3200.0,3142.0,3142.0,1441631420.0,450510,173,D,3138.0,3142.0,3.058180167317912,3.058180167317912,3.0027506517852744,3.0027506517852744,2.998927926576127,3.0027506517852744,1377740.1928832368
2007-10-14,S*Mobarakeh Steel,3204.0,3204.0,3182.0,3182.0,13098265772.0,4088098,1127,D,3142.0,3182.0,3.0620028925270577,3.0620028925270577,3.040977903876748,3.040977903876748,3.0027506517852744,3.040977903876748,12517767.6906842
2007-10-15,S*Mobarakeh Steel,3245.0,3245.0,3223.0,3223.0,13216888025.0,4073001,1188,D,3182.0,3223.0,3.1011858259208207,3.1011858259208207,3.080160837270509,3.080160837270509,3.040977903876748,3.080160837270509,12631132.759911431
2007-10-16,S*Mobarakeh Steel,3287.0,3287.0,3224.0,3224.0,193478764.0,58862,54,D,3223.0,3224.0,3.141324440616868,3.141324440616868,3.081116518572795,3.081116518572795,3.080160837270509,3.081116518572795,184904.03714436962
2007-10-17,S*Mobarakeh Steel,3288.0,3288.0,3288.0,3288.0,32952723984.0,10022118,3082,D,3224.0,3288.0,3.1422801219191534,3.1422801219191534,3.1422801219191534,3.1422801219191534,3.081116518572795,3.1422801219191534,31492302.17092816
2007-10-20,S*Mobarakeh Steel,3353.0,3353.0,3353.0,3353.0,34051736859.0,10155603,2916,D,3288.0,3353.0,3.204399406567797,3.204399406567797,3.204399406567797,3.204399406567797,3.1422801219191534,3.204399406567797,32542608.226538144
2007-10-21,S*Mobarakeh Steel,3420.0,3420.0,3420.0,3420.0,69337422000.0,20274100,4553,D,3353.0,3420.0,3.2684300538210183,3.2684300538210183,3.2684300538210183,3.2684300538210183,3.204399406567797,3.2684300538210183,66264477.75417269
2007-10-22,S*Mobarakeh Steel,3488.0,3488.0,3488.0,3488.0,96779446688.0,27746401,4953,D,3420.0,3488.0,3.3334163823765244,3.3334163823765244,3.3334163823765244,3.3334163823765244,3.2684300538210183,3.3334163823765244,92490307.6453884
2007-10-23,S*Mobarakeh Steel,3557.0,3557.0,3557.0,3557.0,68603606453.0,19286929,3863,D,3488.0,3557.0,3.3993583922343142,3.3993583922343142,3.3993583922343142,3.3993583922343142,3.3334163823765244,3.3993583922343142,65563183.956577405
2007-11-03,S*Mobarakeh Steel,4149.0,4150.0,3820.0,3946.0,206146111822.0,52229357,5208,D,3557.0,3946.0,3.965121723188129,3.966077404490414,3.6507025747357567,3.771118418823899,3.3993583922343142,3.771118418823899,197009984.607419
2007-11-04,S*Mobarakeh Steel,3868.0,3970.0,3868.0,3882.0,45016810108.0,11595337,1163,D,3946.0,3882.0,3.696575277245525,3.794054770078786,3.696575277245525,3.709954815477542,3.771118418823899,3.709954815477542,43021723.708813176
2007-11-05,S*Mobarakeh Steel,3805.0,3881.0,3805.0,3881.0,244841095.0,64347,13,D,3882.0,3881.0,3.6363673552014535,3.708999134175254,3.6363673552014535,3.708999134175254,3.709954815477542,3.708999134175254,233990.05652293764
2007-11-11,S*Mobarakeh Steel,3804.0,3876.0,3804.0,3876.0,1536189060.0,403835,37,D,3881.0,3876.0,3.6354116738991653,3.7042207276638193,3.6354116738991653,3.7042207276638193,3.708999134175254,3.7042207276638193,1468107.1614196075
2007-11-12,S*Mobarakeh Steel,3799.0,3799.0,3799.0,3799.0,34661582130.0,9123870,568,D,3876.0,3799.0,3.6306332673877333,3.6306332673877333,3.6306332673877333,3.6306332673877333,3.7042207276638193,3.6306332673877333,33125425.94932092
2007-11-13,S*Mobarakeh Steel,3728.0,3794.0,3724.0,3731.0,86535252579.0,23189941,2013,D,3799.0,3731.0,3.5627798949253684,3.6258548608762986,3.558957169716219,3.565646938832228,3.6306332673877333,3.565646938832228,82700122.87841998
2007-11-14,S*Mobarakeh Steel,3657.0,3657.0,3657.0,3657.0,23410691427.0,6401611,266,D,3731.0,3657.0,3.4949265224630004,3.4949265224630004,3.4949265224630004,3.4949265224630004,3.565646938832228,3.4949265224630004,22373160.070390888
2007-11-17,S*Mobarakeh Steel,3584.0,3634.0,3584.0,3634.0,7074174964.0,1973821,110,D,3657.0,3634.0,3.425161787396062,3.472945852510403,3.425161787396062,3.472945852510403,3.4949265224630004,3.472945852510403,6760656.742200533
2007-11-18,S*Mobarakeh Steel,3562.0,3593.0,3562.0,3593.0,12888940582.0,3618456,143,D,3634.0,3593.0,3.40413679874575,3.4337629191166434,3.40413679874575,3.4337629191166434,3.472945852510403,3.4337629191166434,12317719.520503554
2007-11-19,S*Mobarakeh Steel,3522.0,3522.0,3522.0,3522.0,23365099446.0,6634043,196,D,3593.0,3522.0,3.3659095466542777,3.3659095466542777,3.3659095466542777,3.3659095466542777,3.4337629191166434,3.3659095466542777,22329588.666614976
2007-11-20,S*Mobarakeh Steel,3452.0,3500.0,3452.0,3452.0,234561737992.0,67946383,4722,D,3522.0,3452.0,3.299011855494197,3.344884558003966,3.299011855494197,3.299011855494197,3.3659095466542777,3.299011855494197,224166267.2308608
2007-11-21,S*Mobarakeh Steel,3430.0,3510.0,3385.0,3465.0,69346194088.0,20011097,2333,D,3452.0,3465.0,3.2779868668438876,3.3544413710268346,3.234981208240978,3.311435712423926,3.299011855494197,3.311435712423926,66272861.07465632
2007-11-24,S*Mobarakeh Steel,3473.0,3501.0,3396.0,3407.0,21692544948.0,6366536,660,D,3465.0,3407.0,3.319081162842222,3.3458402393062525,3.245493702566133,3.256006196891289,3.311435712423926,3.256006196891289,20731159.605820615
2007-11-25,S*Mobarakeh Steel,3339.0,3396.0,3339.0,3396.0,3289907253.0,985297,148,D,3407.0,3396.0,3.1910198683357835,3.245493702566133,3.1910198683357835,3.245493702566133,3.256006196891289,3.245493702566133,3144102.8479499854
2007-11-26,S*Mobarakeh Steel,3329.0,3329.0,3329.0,3329.0,20943338220.0,6291180,242,D,3396.0,3329.0,3.1814630553129146,3.1814630553129146,3.1814630553129146,3.1814630553129146,3.245493702566133,3.1814630553129146,20015156.7443235
2007-11-27,S*Mobarakeh Steel,3263.0,3323.0,3263.0,3323.0,1823208376.0,558752,78,D,3329.0,3323.0,3.1183880893619813,3.1757289674991944,3.1183880893619813,3.1757289674991944,3.1814630553129146,3.1757289674991944,1742406.1551159678
2007-11-28,S*Mobarakeh Steel,3257.0,3279.0,3257.0,3279.0,13590826105.0,4172805,185,D,3323.0,3279.0,3.112654001548261,3.1336789901985727,3.112654001548261,3.1336789901985727,3.1757289674991944,3.1336789901985727,12988498.39118048
2007-12-01,S*Mobarakeh Steel,3214.0,3260.0,3214.0,3260.0,5938508260.0,1847700,108,D,3279.0,3260.0,3.071559705549928,3.1155210454551217,3.071559705549928,3.1155210454551217,3.1336789901985727,3.1155210454551217,5675321.307557999
2007-12-02,S*Mobarakeh Steel,3195.0,3260.0,3195.0,3260.0,145047260.0,45398,26,D,3260.0,3260.0,3.053401760806477,3.1155210454551217,3.053401760806477,3.1155210454551217,3.1155210454551217,3.1155210454551217,138618.9543299389
2007-12-03,S*Mobarakeh Steel,3195.0,3257.0,3195.0,3257.0,859219190.0,268926,46,D,3260.0,3257.0,3.053401760806477,3.112654001548261,3.053401760806477,3.112654001548261,3.1155210454551217,3.112654001548261,821139.71444905
2007-12-04,S*Mobarakeh Steel,3192.0,3256.0,3192.0,3256.0,387228544.0,121312,28,D,3257.0,3256.0,3.050534716899618,3.1116983202459756,3.050534716899618,3.1116983202459756,3.112654001548261,3.1116983202459756,370067.0792125599
2007-12-05,S*Mobarakeh Steel,3191.0,3321.0,3191.0,3207.0,190593654461.0,59414283,4076,D,3256.0,3207.0,3.0495790355973287,3.1738176048946207,3.0495790355973287,3.06486993643392,3.1116983202459756,3.06486993643392,182146791.90289775
2007-12-08,S*Mobarakeh Steel,3210.0,3260.0,3166.0,3207.0,33213168190.0,10352089,1088,D,3207.0,3207.0,3.0677369803407784,3.1155210454551217,3.0256870030401566,3.06486993643392,3.06486993643392,3.06486993643392,31741203.828891292
2007-12-09,S*Mobarakeh Steel,3230.0,3271.0,3210.0,3233.0,11852522097.0,3643781,386,D,3207.0,3233.0,3.0868506063865153,3.1260335397802765,3.0677369803407784,3.0897176502933776,3.06486993643392,3.0897176502933776,11327233.753044596
2007-12-10,S*Mobarakeh Steel,3297.0,3297.0,3248.0,3248.0,4873786463.0,1478249,175,D,3233.0,3248.0,3.1508812536397346,3.1508812536397346,3.10405286982768,3.10405286982768,3.0897176502933776,3.10405286982768,4657786.594027846
2007-12-11,S*Mobarakeh Steel,3312.0,3312.0,3213.0,3297.0,70643721718.0,21450406,1762,D,3248.0,3297.0,3.1652164731740404,3.1652164731740404,3.0706040242476402,3.1508812536397346,3.10405286982768,3.1508812536397346,67512883.96984786
2007-12-12,S*Mobarakeh Steel,3290.0,3297.0,3232.0,3235.0,25977439448.0,8018532,618,D,3297.0,3235.0,3.1441914845237275,3.1508812536397346,3.088761968991091,3.091629012897951,3.1508812536397346,3.091629012897951,24826153.161742367
2007-12-15,S*Mobarakeh Steel,3258.0,3299.0,3237.0,3283.0,20144389766.0,6133987,525,D,3235.0,3283.0,3.1136096828505475,3.1527926162443096,3.0935403755025237,3.1375017154077196,3.091629012897951,3.1375017154077196,19251616.645344716
2007-12-16,S*Mobarakeh Steel,3276.0,3283.0,3218.0,3275.0,3186269110.0,985383,100,D,3283.0,3275.0,3.130811946291711,3.1375017154077196,3.0753824307590736,3.1298562649894253,3.1375017154077196,3.1298562649894253,3045057.8124811547
2007-12-17,S*Mobarakeh Steel,3210.0,3275.0,3210.0,3275.0,86808680.0,27043,19,D,3275.0,3275.0,3.0677369803407784,3.1298562649894253,3.0677369803407784,3.1298562649894253,3.1298562649894253,3.1298562649894253,82961.43235220216
2007-12-18,S*Mobarakeh Steel,3210.0,3274.0,3210.0,3274.0,161200420.0,50218,20,D,3275.0,3274.0,3.0677369803407784,3.128900583687138,3.0677369803407784,3.128900583687138,3.1298562649894253,3.128900583687138,154056.22731478678
2007-12-19,S*Mobarakeh Steel,3209.0,3274.0,3209.0,3274.0,94682195.0,29505,21,D,3274.0,3274.0,3.0667812990384933,3.128900583687138,3.0667812990384933,3.128900583687138,3.128900583687138,3.128900583687138,90486.00342097723
2007-12-22,S*Mobarakeh Steel,3209.0,3274.0,3209.0,3274.0,66199111.0,20629,11,D,3274.0,3274.0,3.0667812990384933,3.128900583687138,3.0667812990384933,3.128900583687138,3.128900583687138,3.128900583687138,63265.25261071157
2007-12-23,S*Mobarakeh Steel,3209.0,3274.0,3209.0,3274.0,27742455.0,8645,7,D,3274.0,3274.0,3.0667812990384933,3.128900583687138,3.0667812990384933,3.128900583687138,3.128900583687138,3.128900583687138,26512.945523034257
2007-12-24,S*Mobarakeh Steel,3209.0,3274.0,3209.0,3274.0,68150183.0,21237,13,D,3274.0,3274.0,3.0667812990384933,3.128900583687138,3.0667812990384933,3.128900583687138,3.128900583687138,3.128900583687138,65129.85564052694
2007-12-25,S*Mobarakeh Steel,3209.0,3273.0,3209.0,3273.0,206063366.0,64214,16,D,3274.0,3273.0,3.0667812990384933,3.1279449023848507,3.0667812990384933,3.1279449023848507,3.128900583687138,3.1279449023848507,196930.90597249122
2007-12-26,S*Mobarakeh Steel,3208.0,3273.0,3208.0,3273.0,38089234.0,11873,12,D,3273.0,3273.0,3.0658256177362055,3.1279449023848507,3.0658256177362055,3.1279449023848507,3.1279449023848507,3.1279449023848507,36401.16875222848
2007-12-30,S*Mobarakeh Steel,3208.0,3272.0,3208.0,3272.0,342515592.0,106769,13,D,3273.0,3272.0,3.0658256177362055,3.1269892210825643,3.0658256177362055,3.1269892210825643,3.1279449023848507,3.1269892210825643,327335.7470161104
2007-12-31,S*Mobarakeh Steel,3207.0,3207.0,3207.0,3207.0,54849321.0,17103,11,D,3272.0,3207.0,3.06486993643392,3.06486993643392,3.06486993643392,3.06486993643392,3.1269892210825643,3.06486993643392,52418.47052282933
2008-01-01,S*Mobarakeh Steel,3143.0,3205.0,3143.0,3159.0,56342263731.0,17834519,1580,D,3207.0,3159.0,3.0037063330875604,3.0629585738293454,3.0037063330875604,3.018997233924151,3.06486993643392,3.018997233924151,53845247.976231106
2008-01-02,S*Mobarakeh Steel,3189.0,3222.0,3163.0,3182.0,8373991750.0,2604903,296,D,3159.0,3182.0,3.0476676729927554,3.0792051559682214,3.0228199591332996,3.040977903876748,3.018997233924151,3.040977903876748,8002867.340979315
2008-01-05,S*Mobarakeh Steel,3245.0,3245.0,3217.0,3217.0,11502564200.0,3544704,184,D,3182.0,3217.0,3.1011858259208207,3.1011858259208207,3.0744267494567903,3.0744267494567903,3.040977903876748,3.0744267494567903,10992785.534294073
2008-01-06,S*Mobarakeh Steel,3240.0,3243.0,3160.0,3219.0,18925936397.0,5879043,797,D,3217.0,3219.0,3.0964074194093847,3.0992744633162466,3.019952915226435,3.0763381120613604,3.0744267494567903,3.0763381120613604,18087163.54288301
2008-01-08,S*Mobarakeh Steel,3190.0,3272.0,3184.0,3227.0,9746560701.0,3011602,444,D,3219.0,3227.0,3.0486233542950436,3.1269892210825643,3.0428892664813207,3.083983562479655,3.0763381120613604,3.083983562479655,9314605.823549489
2008-01-09,S*Mobarakeh Steel,3291.0,3291.0,3290.0,3290.0,23348231725.0,7094585,357,D,3227.0,3290.0,3.1451471658260153,3.1451471658260153,3.1441914845237275,3.1441914845237275,3.083983562479655,3.1441914845237275,22313468.501043078
2008-01-12,S*Mobarakeh Steel,3345.0,3355.0,3302.0,3354.0,33831056967.0,10086053,722,D,3290.0,3354.0,3.1967539561495038,3.206310769172372,3.1556596601511693,3.2053550878700854,3.1441914845237275,3.2053550878700854,32331708.579963084
2008-01-13,S*Mobarakeh Steel,3421.0,3421.0,3399.0,3399.0,14444624920.0,4222340,334,D,3354.0,3399.0,3.269385735123304,3.269385735123304,3.248360746472994,3.248360746472994,3.2053550878700854,3.248360746472994,13804457.954590648
2008-01-14,S*Mobarakeh Steel,3466.0,3466.0,3401.0,3401.0,574942896.0,165881,36,D,3399.0,3401.0,3.3123913937262137,3.3123913937262137,3.2502721090775673,3.2502721090775673,3.248360746472994,3.2502721090775673,549462.1755898513
2008-01-15,S*Mobarakeh Steel,3469.0,3469.0,3402.0,3402.0,243367025.0,70155,48,D,3401.0,3402.0,3.3152584376330734,3.3152584376330734,3.2512277903798545,3.2512277903798545,3.2502721090775673,3.2512277903798545,232581.3153856757
2008-01-16,S*Mobarakeh Steel,3470.0,3470.0,3470.0,3470.0,56137264420.0,16177886,1206,D,3402.0,3470.0,3.3162141189353602,3.3162141189353602,3.3162141189353602,3.3162141189353602,3.2512277903798545,3.3162141189353602,53649333.967726685
2008-01-29,S*Mobarakeh Steel,3400.0,3496.0,3331.0,3388.0,64221862000.0,18953509,1952,D,3470.0,3388.0,3.24931642777528,3.341061832794819,3.183374417917487,3.2378482521478373,3.3162141189353602,3.2378482521478373,61375632.711446196
2008-01-30,S*Mobarakeh Steel,3388.0,3455.0,3331.0,3419.0,34325904174.0,10039542,1253,D,3388.0,3419.0,3.2378482521478373,3.3018788994010566,3.183374417917487,3.2674743725187314,3.2378482521478373,3.2674743725187314,32804624.803181842
2008-02-02,S*Mobarakeh Steel,3487.0,3487.0,3420.0,3484.0,25078076153.0,7196993,657,D,3419.0,3484.0,3.3324607010742366,3.3324607010742366,3.2684300538210183,3.3295936571673748,3.2674743725187314,3.3295936571673748,23966648.476747774
2008-02-03,S*Mobarakeh Steel,3415.0,3415.0,3414.0,3414.0,23025903860.0,6742578,285,D,3484.0,3414.0,3.2636516473095845,3.2636516473095845,3.2626959660072967,3.2626959660072967,3.3295936571673748,3.2626959660072967,22005425.787256546
2008-02-04,S*Mobarakeh Steel,3396.0,3482.0,3346.0,3386.0,26931918832.0,7953856,794,D,3414.0,3386.0,3.245493702566133,3.3276822945628015,3.1977096374517924,3.235936889543265,3.2626959660072967,3.235936889543265,25738331.262449425
2008-02-05,S*Mobarakeh Steel,3380.0,3420.0,3319.0,3360.0,12111946431.0,3625941,531,D,3386.0,3360.0,3.2302028017295434,3.2684300538210183,3.1719062422900457,3.211089175683807,3.235936889543265,3.211089175683807,11575160.738406613
2008-02-06,S*Mobarakeh Steel,3419.0,3419.0,3293.0,3345.0,7514001918.0,2264332,308,D,3360.0,3345.0,3.2674743725187314,3.2674743725187314,3.147058528430587,3.1967539561495038,3.211089175683807,3.1967539561495038,7180991.13838011
2008-02-09,S*Mobarakeh Steel,3279.0,3300.0,3279.0,3300.0,14218169116.0,4335975,304,D,3345.0,3300.0,3.1336789901985727,3.153748297546596,3.1336789901985727,3.153748297546596,3.1967539561495038,3.153748297546596,13588038.376913512
2008-02-10,S*Mobarakeh Steel,3234.0,3270.0,3234.0,3235.0,30722630160.0,9496801,753,D,3300.0,3235.0,3.0906733315956645,3.125077858477992,3.0906733315956645,3.091629012897951,3.153748297546596,3.091629012897951,29361043.20098597
2008-02-12,S*Mobarakeh Steel,3266.0,3268.0,3171.0,3203.0,13824764411.0,4342051,455,D,3235.0,3203.0,3.1212551332688427,3.1231664958734173,3.030465409551594,3.061047211224773,3.091629012897951,3.061047211224773,13212068.856113333
2008-02-13,S*Mobarakeh Steel,3230.0,3267.0,3202.0,3262.0,21369820970.0,6550495,697,D,3203.0,3262.0,3.0868506063865153,3.122210814571131,3.0600915299224836,3.117432408059696,3.061047211224773,3.117432408059696,20422738.334246386
2008-02-16,S*Mobarakeh Steel,3327.0,3327.0,3230.0,3316.0,37734069042.0,11377498,885,D,3262.0,3316.0,3.1795516927083405,3.1795516927083405,3.0868506063865153,3.1690391983831865,3.117432408059696,3.1690391983831865,36061744.24264038
2008-02-17,S*Mobarakeh Steel,3270.0,3295.0,3250.0,3251.0,23979556327.0,7375763,506,D,3316.0,3251.0,3.125077858477992,3.1489698910351613,3.105964232432253,3.106919913734542,3.1690391983831865,3.106919913734542,22916813.618848167
2008-02-18,S*Mobarakeh Steel,3252.0,3260.0,3186.0,3230.0,14357996775.0,4456566,459,D,3251.0,3230.0,3.1078755950368273,3.1155210454551217,3.044800629085896,3.0868506063865153,3.106919913734542,3.0868506063865153,13721669.056162352
2008-02-19,S*Mobarakeh Steel,3240.0,3260.0,3173.0,3223.0,5879344280.0,1833134,353,D,3230.0,3223.0,3.0964074194093847,3.1155210454551217,3.032376772156167,3.080160837270509,3.0868506063865153,3.080160837270509,5618779.398103126
2008-02-20,S*Mobarakeh Steel,3250.0,3250.0,3159.0,3200.0,9388606200.0,2958556,459,D,3223.0,3200.0,3.105964232432253,3.105964232432253,3.018997233924151,3.058180167317912,3.080160837270509,3.058180167317912,8972515.399874367
2008-02-23,S*Mobarakeh Steel,3240.0,3250.0,3169.0,3205.0,11082399016.0,3453290,465,D,3200.0,3205.0,3.0964074194093847,3.105964232432253,3.0285540469470194,3.0629585738293454,3.058180167317912,3.0629585738293454,10591241.524073353
2008-02-24,S*Mobarakeh Steel,3256.0,3269.0,3172.0,3226.0,14477972771.0,4474937,571,D,3205.0,3226.0,3.1116983202459756,3.124122177175703,3.0314210908538795,3.0830278811773697,3.0629585738293454,3.0830278811773697,13836327.872262796
2008-02-25,S*Mobarakeh Steel,3278.0,3290.0,3260.0,3260.0,11797329521.0,3590181,328,D,3226.0,3260.0,3.132723308896286,3.1441914845237275,3.1155210454551217,3.1155210454551217,3.0830278811773697,3.1155210454551217,11274487.24013635
2008-02-26,S*Mobarakeh Steel,3300.0,3321.0,3210.0,3275.0,16879349612.0,5147494,515,D,3260.0,3275.0,3.153748297546596,3.1738176048946207,3.0677369803407784,3.1298562649894253,3.1155210454551217,3.1298562649894253,16131278.818951145
2008-02-27,S*Mobarakeh Steel,3217.0,3270.0,3210.0,3230.0,14671607655.0,4565319,322,D,3275.0,3230.0,3.0744267494567903,3.125077858477992,3.0677369803407784,3.0868506063865153,3.1298562649894253,3.0868506063865153,14021381.110372074
2008-03-01,S*Mobarakeh Steel,3210.0,3210.0,3166.0,3201.0,9391662203.0,2964381,394,D,3230.0,3201.0,3.0677369803407784,3.0677369803407784,3.0256870030401566,3.059135848620199,3.0868506063865153,3.059135848620199,8975435.964801198
2008-03-02,S*Mobarakeh Steel,3144.0,3177.0,3137.0,3177.0,7793790576.0,2481991,287,D,3201.0,3177.0,3.0046620143898473,3.0361994973653137,2.9979722452738393,3.0361994973653137,3.059135848620199,3.0361994973653137,7448379.927422635
2008-03-03,S*Mobarakeh Steel,3120.0,3240.0,3120.0,3195.0,7395524833.0,2291031,282,D,3177.0,3195.0,2.9817256631349616,3.0964074194093847,2.9817256631349616,3.053401760806477,3.0361994973653137,3.053401760806477,7067764.803496159
2008-03-04,S*Mobarakeh Steel,3227.0,3229.0,3149.0,3193.0,5149867629.0,1615229,189,D,3195.0,3193.0,3.083983562479655,3.0858949250842294,3.009440420901282,3.051490398201904,3.053401760806477,3.051490398201904,4921632.202287599
2008-03-05,S*Mobarakeh Steel,3199.0,3256.0,3182.0,3246.0,21189095915.0,6526657,431,D,3193.0,3246.0,3.0572244860156244,3.1116983202459756,3.040977903876748,3.1021415072231067,3.051490398201904,3.1021415072231067,20250022.778328117
2008-03-09,S*Mobarakeh Steel,3260.0,3260.0,3201.0,3243.0,4038283824.0,1250563,209,D,3246.0,3243.0,3.1155210454551217,3.1155210454551217,3.059135848620199,3.0992744633162466,3.1021415072231067,3.0992744633162466,3859312.3439242286
2008-03-10,S*Mobarakeh Steel,3211.0,3250.0,3200.0,3233.0,54754351288.0,16893228,427,D,3243.0,3233.0,3.068692661643066,3.105964232432253,3.058180167317912,3.0897176502933776,3.0992744633162466,3.0897176502933776,52327709.74478735
2008-03-11,S*Mobarakeh Steel,3197.0,3233.0,3170.0,3216.0,41352313412.0,12822170,317,D,3233.0,3216.0,3.055313123411049,3.0897176502933776,3.029509728249306,3.0734710681545008,3.0897176502933776,3.0734710681545008,39519632.73415404
2008-03-12,S*Mobarakeh Steel,3200.0,3217.0,3190.0,3210.0,56305023296.0,17516628,291,D,3216.0,3210.0,3.058180167317912,3.0744267494567903,3.0486233542950436,3.0677369803407784,3.0734710681545008,3.0677369803407784,53809657.98881253
2008-03-15,S*Mobarakeh Steel,3200.0,3210.0,3180.0,3202.0,238655312389.0,74366965,345,D,3210.0,3202.0,3.058180167317912,3.0677369803407784,3.0390665412721747,3.0600915299224836,3.0677369803407784,3.0600915299224836,228078419.74159384
2008-03-16,S*Mobarakeh Steel,3200.0,3210.0,3165.0,3197.0,10342433049.0,3239976,269,D,3202.0,3197.0,3.058180167317912,3.0677369803407784,3.0247313217378715,3.055313123411049,3.0600915299224836,3.055313123411049,9884069.88508285
2008-03-17,S*Mobarakeh Steel,3199.0,3212.0,3182.0,3197.0,7845285377.0,2452700,302,D,3197.0,3197.0,3.0572244860156244,3.0696483429453534,3.040977903876748,3.055313123411049,3.055313123411049,3.055313123411049,7497592.545903318
2008-03-18,S*Mobarakeh Steel,3200.0,3257.0,3168.0,3198.0,7690921574.0,2403116,329,D,3197.0,3198.0,3.058180167317912,3.112654001548261,3.0275983656447334,3.0562688047133366,3.055313123411049,3.0562688047133366,7350069.945626326
2008-03-24,S*Mobarakeh Steel,3198.0,3199.0,3160.0,3197.0,804269977.0,253387,68,D,3198.0,3197.0,3.0562688047133366,3.0572244860156244,3.019952915226435,3.055313123411049,3.0562688047133366,3.055313123411049,768625.7790095729
2008-03-26,S*Mobarakeh Steel,3179.0,3197.0,3137.0,3192.0,2477201734.0,784073,128,D,3197.0,3192.0,3.0381108599698874,3.055313123411049,2.9979722452738393,3.050534716899618,3.055313123411049,3.050534716899618,2367415.3791763564
2008-03-29,S*Mobarakeh Steel,3170.0,3191.0,3151.0,3191.0,931390021.0,293925,62,D,3192.0,3191.0,3.029509728249306,3.0495790355973287,3.0113517835058565,3.0495790355973287,3.050534716899618,3.0495790355973287,890112.028206254
2008-03-30,S*Mobarakeh Steel,3173.0,3200.0,3158.0,3186.0,4219431335.0,1331628,201,D,3191.0,3186.0,3.032376772156167,3.058180167317912,3.018041552621863,3.044800629085896,3.0495790355973287,3.044800629085896,4032431.63314273
2008-04-02,S*Mobarakeh Steel,3186.0,3249.0,3186.0,3198.0,9121025201.0,2808164,149,D,3186.0,3198.0,3.044800629085896,3.1050085511299668,3.044800629085896,3.0562688047133366,3.044800629085896,3.0562688047133366,8716793.242282834
2008-04-05,S*Mobarakeh Steel,3261.0,3261.0,3204.0,3204.0,1963991032.0,602282,81,D,3198.0,3204.0,3.1164767267574094,3.1164767267574094,3.0620028925270577,3.0620028925270577,3.0562688047133366,3.0620028925270577,1876949.5071414493
2008-04-06,S*Mobarakeh Steel,3268.0,3900.0,3235.0,3235.0,3091065472350.0,793080010,341,D,3204.0,3235.0,3.1231664958734173,3.7271570789187036,3.091629012897951,3.091629012897951,3.0620028925270577,3.091629012897951,2954073476.069358
2008-04-07,S*Mobarakeh Steel,3299.0,3299.0,3246.0,3246.0,3515898823.0,1065747,199,D,3235.0,3246.0,3.1527926162443096,3.1527926162443096,3.1021415072231067,3.1021415072231067,3.091629012897951,3.1021415072231067,3360078.765873433
2008-04-08,S*Mobarakeh Steel,3310.0,3900.0,3290.0,3290.0,3095404712670.0,794351877,570,D,3246.0,3290.0,3.163305110569465,3.7271570789187036,3.1441914845237275,3.1441914845237275,3.1021415072231067,3.1441914845237275,2958220406.90931
2008-04-09,S*Mobarakeh Steel,3355.0,3900.0,3271.0,3346.0,3159108697135.0,813342697,1717,D,3290.0,3346.0,3.206310769172372,3.7271570789187036,3.1260335397802765,3.1977096374517924,3.1441914845237275,3.1977096374517924,3019101113.7436824
2008-04-12,S*Mobarakeh Steel,3297.0,3297.0,3280.0,3291.0,17316658733.0,5278603,389,D,3346.0,3291.0,3.1508812536397346,3.1508812536397346,3.134634671500859,3.1451471658260153,3.1977096374517924,3.1451471658260153,16549206.969210353
2008-04-13,S*Mobarakeh Steel,3249.0,3275.0,3226.0,3275.0,5142224537.0,1593180,223,D,3291.0,3275.0,3.1050085511299668,3.1298562649894253,3.0830278811773697,3.1298562649894253,3.1451471658260153,3.1298562649894253,4914327.842171541
2008-04-14,S*Mobarakeh Steel,3210.0,3327.0,3210.0,3270.0,6195124821.0,1901010,350,D,3275.0,3270.0,3.0677369803407784,3.1795516927083405,3.0677369803407784,3.125077858477992,3.1298562649894253,3.125077858477992,5920564.956762852
2008-04-15,S*Mobarakeh Steel,3300.0,3335.0,3280.0,3305.0,12729273960.0,3824045,318,D,3270.0,3305.0,3.153748297546596,3.187197143126635,3.134634671500859,3.15852670405803,3.125077858477992,3.15852670405803,12165129.115258856
2008-04-16,S*Mobarakeh Steel,3360.0,4018.0,3310.0,3310.0,3178045594286.0,791147440,233,D,3305.0,3310.0,3.211089175683807,3.8399274725885535,3.163305110569465,3.163305110569465,3.15852670405803,3.163305110569465,3037198752.274222
2008-04-19,S*Mobarakeh Steel,3310.0,3369.0,3300.0,3321.0,9902966408.0,2959373,290,D,3310.0,3321.0,3.163305110569465,3.2196903074043868,3.153748297546596,3.1738176048946207,3.163305110569465,3.1738176048946207,9464079.83330034
2008-04-20,S*Mobarakeh Steel,3350.0,3352.0,3255.0,3315.0,10992944652.0,3312603,369,D,3321.0,3315.0,3.201532362660939,3.203443725265513,3.110742638943689,3.1680835170808987,3.1738176048946207,3.1680835170808987,10505751.660990592
2008-04-21,S*Mobarakeh Steel,3261.0,3311.0,3252.0,3309.0,2666816132.0,815990,144,D,3315.0,3309.0,3.1164767267574094,3.1642607918717514,3.1078755950368273,3.1623494292671785,3.1680835170808987,3.1623494292671785,2548626.313989332
2008-04-22,S*Mobarakeh Steel,3268.0,3302.0,3246.0,3302.0,3769061481.0,1151419,199,D,3309.0,3302.0,3.1231664958734173,3.1556596601511693,3.1021415072231067,3.1556596601511693,3.1623494292671785,3.1556596601511693,3602021.584561273
2008-04-23,S*Mobarakeh Steel,3272.0,3329.0,3271.0,3299.0,4321974235.0,1314209,217,D,3302.0,3299.0,3.1269892210825643,3.1814630553129146,3.1260335397802765,3.1527926162443096,3.1556596601511693,3.1527926162443096,4130429.965355002
2008-04-26,S*Mobarakeh Steel,3318.0,3319.0,3260.0,3295.0,3262670630.0,995760,186,D,3299.0,3295.0,3.1709505609877597,3.1719062422900457,3.1155210454551217,3.1489698910351613,3.1527926162443096,3.1489698910351613,3118073.3166114474
2008-04-27,S*Mobarakeh Steel,3270.0,3286.0,3247.0,3286.0,5195886633.0,1593493,263,D,3295.0,3286.0,3.125077858477992,3.1403687593145793,3.103097188525392,3.1403687593145793,3.1489698910351613,3.1403687593145793,4965611.703960262
2008-04-28,S*Mobarakeh Steel,3260.0,3351.0,3221.0,3300.0,21226122882.0,6431403,593,D,3286.0,3300.0,3.1155210454551217,3.202488043963225,3.0782494746659346,3.153748297546596,3.1403687593145793,3.153748297546596,20285408.758370407
2008-04-29,S*Mobarakeh Steel,3359.0,3366.0,3300.0,3321.0,29291415153.0,8835772,298,D,3300.0,3321.0,3.2101334943815205,3.2168232634975267,3.153748297546596,3.1738176048946207,3.153748297546596,3.1738176048946207,27993257.77924374
2008-04-30,S*Mobarakeh Steel,3332.0,3370.0,3281.0,3321.0,31440502276.0,9486806,635,D,3321.0,3321.0,3.1843300992197743,3.2206459887066745,3.135590352803146,3.1738176048946207,3.1738176048946207,3.1738176048946207,30047100.159680244
2008-05-03,S*Mobarakeh Steel,3299.0,3299.0,3255.0,3283.0,11846990993.0,3639167,288,D,3321.0,3283.0,3.1527926162443096,3.1527926162443096,3.110742638943689,3.1375017154077196,3.1738176048946207,3.1375017154077196,11321947.78037079
2008-05-04,S*Mobarakeh Steel,3222.0,3275.0,3219.0,3275.0,2922412739.0,904584,205,D,3283.0,3275.0,3.0792051559682214,3.1298562649894253,3.0763381120613604,3.1298562649894253,3.1375017154077196,3.1298562649894253,2792895.212227193
2008-05-05,S*Mobarakeh Steel,3228.0,3289.0,3227.0,3275.0,1288587827.0,393833,105,D,3275.0,3275.0,3.0849392437819443,3.1432358032214416,3.083983562479655,3.1298562649894253,3.1298562649894253,3.1298562649894253,1231479.2926183385
2008-05-06,S*Mobarakeh Steel,3299.0,3340.0,3280.0,3281.0,3354924633.0,1012875,152,D,3275.0,3281.0,3.1527926162443096,3.19197554963807,3.134634671500859,3.135590352803146,3.1298562649894253,3.135590352803146,3206238.7423396627
2008-05-07,S*Mobarakeh Steel,3324.0,3324.0,3285.0,3286.0,4126210458.0,1248203,217,D,3281.0,3286.0,3.176684648801479,3.176684648801479,3.1394130780122937,3.1403687593145793,3.135590352803146,3.1403687593145793,3943342.18401105
2008-05-10,S*Mobarakeh Steel,3310.0,3329.0,3291.0,3293.0,9155286523.0,2771880,312,D,3286.0,3293.0,3.163305110569465,3.1814630553129146,3.1451471658260153,3.147058528430587,3.1403687593145793,3.147058528430587,8749536.147109859
2008-05-11,S*Mobarakeh Steel,3318.0,3370.0,3289.0,3317.0,28124027318.0,8481101,615,D,3293.0,3317.0,3.1709505609877597,3.2206459887066745,3.1432358032214416,3.169994879685471,3.147058528430587,3.169994879685471,26877607.052817106
2008-05-12,S*Mobarakeh Steel,3416.0,3416.0,3368.0,3368.0,11778670068.0,3452581,437,D,3317.0,3368.0,3.264607328611869,3.264607328611869,3.2187346261021013,3.2187346261021013,3.169994879685471,3.2187346261021013,11256654.74979335
2008-05-13,S*Mobarakeh Steel,3469.0,3469.0,3386.0,3386.0,3926810038.0,1131972,112,D,3368.0,3386.0,3.3152584376330734,3.3152584376330734,3.235936889543265,3.235936889543265,3.2187346261021013,3.235936889543265,3752778.930948903
2008-05-14,S*Mobarakeh Steel,3487.0,3487.0,3420.0,3420.0,7329537337.0,2101961,239,D,3386.0,3420.0,3.3324607010742366,3.3324607010742366,3.2684300538210183,3.2684300538210183,3.235936889543265,3.2684300538210183,7004701.787384229
2008-05-17,S*Mobarakeh Steel,3522.0,3522.0,3469.0,3469.0,10790826340.0,3063835,316,D,3420.0,3469.0,3.3659095466542777,3.3659095466542777,3.3152584376330734,3.3152584376330734,3.2684300538210183,3.3152584376330734,10312590.969362412
2008-05-18,S*Mobarakeh Steel,3573.0,3573.0,3514.0,3514.0,9824027224.0,2749518,292,D,3469.0,3514.0,3.4146492930709047,3.4146492930709047,3.358264096235982,3.358264096235982,3.3152584376330734,3.358264096235982,9388639.131133758
2008-05-19,S*Mobarakeh Steel,3510.0,3589.0,3490.0,3530.0,40954054452.0,11598838,1338,D,3514.0,3530.0,3.3544413710268346,3.429940193907495,3.335327744981096,3.373554997072571,3.358264096235982,3.373554997072571,39139024.09261382
2008-05-20,S*Mobarakeh Steel,3574.0,3635.0,3197.0,3553.0,72748793754.0,22545629,777,D,3530.0,3553.0,3.4156049743731924,3.4739015338126897,3.055313123411049,3.3955356670251677,3.373554997072571,3.3955356670251677,69524661.95461997
2008-05-25,S*Mobarakeh Steel,3755.0,3800.0,3650.0,3745.0,44644943191.0,11919131,1294,D,3553.0,3745.0,3.5885832900871124,3.63158894869002,3.4882367533469933,3.579026477064243,3.3955356670251677,3.579026477064243,42666337.44929719
2008-05-26,S*Mobarakeh Steel,3846.0,3857.0,3197.0,3855.0,56699300506.0,15674277,779,D,3745.0,3855.0,3.6755502885952147,3.6860627829203714,3.055313123411049,3.684151420315795,3.579026477064243,3.684151420315795,54186461.34632737
2008-05-27,S*Mobarakeh Steel,3970.0,3970.0,3891.0,3966.0,87893523973.0,22158272,1747,D,3855.0,3966.0,3.794054770078786,3.794054770078786,3.7185559471981247,3.7902320448696347,3.684151420315795,3.7902320448696347,83998197.45309687
2008-05-28,S*Mobarakeh Steel,4020.0,4084.0,4000.0,4079.0,51959092358.0,12735139,861,D,3966.0,4079.0,3.8418388351931263,3.9030024385394846,3.8227252091473907,3.8982240320280495,3.7902320448696347,3.8982240320280495,49656333.05033603
2008-05-31,S*Mobarakeh Steel,4201.0,4201.0,4110.0,4200.0,111932317795.0,26644580,1768,D,4079.0,4200.0,4.014817150907047,4.014817150907047,3.927850152398942,4.013861469604758,3.8982240320280495,4.013861469604758,106971623.23831084
2008-06-01,S*Mobarakeh Steel,4216.0,4216.0,4074.0,4168.0,8134035249.0,1984729,345,D,4200.0,4168.0,4.029152370441348,4.029152370441348,3.8934456255166157,3.983279667931579,4.013861469604758,3.983279667931579,7773545.39961144
2008-06-02,S*Mobarakeh Steel,4043.0,4197.0,4043.0,4080.0,36715909118.0,8997842,1212,D,4168.0,4080.0,3.863819505145724,4.010994425697898,3.863819505145724,3.8991797133303376,3.983279667931579,3.8991797133303376,35088707.84053576
2008-06-08,S*Mobarakeh Steel,4190.0,4200.0,4134.0,4134.0,15947188733.0,3823992,618,D,4080.0,4134.0,4.00430465658189,4.013861469604758,3.9507865036538257,3.9507865036538257,3.8991797133303376,3.9507865036538257,15240430.096167577
2008-06-09,S*Mobarakeh Steel,4258.0,4258.0,4235.0,4235.0,21900950384.0,5143483,395,D,4134.0,4235.0,4.069290985137398,4.069290985137398,4.047310315184799,4.047310315184799,3.9507865036538257,4.047310315184799,20930328.784300745
2008-06-10,S*Mobarakeh Steel,4362.0,4362.0,4271.0,4271.0,7881858284.0,1806937,249,D,4235.0,4271.0,4.168681840575226,4.168681840575226,4.081714842067125,4.081714842067125,4.047310315184799,4.081714842067125,7532544.589293498
2008-06-11,S*Mobarakeh Steel,4399.0,4399.0,4294.0,4294.0,5058892940.0,1150010,197,D,4271.0,4294.0,4.20404204875984,4.20404204875984,4.103695512019722,4.103695512019722,4.081714842067125,4.103695512019722,4834689.393028937
2008-06-14,S*Mobarakeh Steel,4422.0,4422.0,4317.0,4317.0,4928835324.0,1114617,181,D,4294.0,4317.0,4.226022718712439,4.226022718712439,4.12567618197232,4.12567618197232,4.103695512019722,4.12567618197232,4710395.761197735
2008-06-15,S*Mobarakeh Steel,4446.0,4446.0,4341.0,4341.0,5335243410.0,1200010,210,D,4317.0,4341.0,4.248959069967323,4.248959069967323,4.148612533227205,4.148612533227205,4.12567618197232,4.148612533227205,5098792.370086119
2008-06-16,S*Mobarakeh Steel,4471.0,4471.0,4449.0,4449.0,23472794490.0,5250010,1041,D,4341.0,4449.0,4.272851102524495,4.272851102524495,4.251826113874183,4.251826113874183,4.148612533227205,4.251826113874183,22432510.80651474
2008-06-17,S*Mobarakeh Steel,4582.0,4582.0,4560.0,4560.0,24240795860.0,5290440,1087,D,4449.0,4560.0,4.378931727078334,4.378931727078334,4.357906738428024,4.357906738428024,4.251826113874183,4.357906738428024,23166475.355954416
2008-06-18,S*Mobarakeh Steel,4696.0,4696.0,3197.0,4696.0,216010784502.0,46248116,3834,D,4560.0,4696.0,4.4878793955390375,4.4878793955390375,3.055313123411049,4.4878793955390375,4.357906738428024,4.4878793955390375,206437467.84087488
2008-06-21,S*Mobarakeh Steel,4836.0,4836.0,4836.0,4836.0,54443204400.0,11257900,1360,D,4696.0,4836.0,4.621674777859192,4.621674777859192,4.621674777859192,4.621674777859192,4.4878793955390375,4.621674777859192,52030352.48166101
2008-06-22,S*Mobarakeh Steel,4981.0,4981.0,3197.0,4981.0,441942929443.0,95807319,5395,D,4836.0,4981.0,4.760248566690786,4.760248566690786,3.055313123411049,4.760248566690786,4.621674777859192,4.760248566690786,422356594.3465506
2008-07-05,S*Mobarakeh Steel,5680.0,6049.0,4482.0,5894.0,1037336243253.0,216134721,4944,D,4981.0,5894.0,5.4282697969892935,5.7809161975331405,4.283363596849651,5.632785595678679,4.760248566690786,5.632785595678679,991362851.8613726
2008-07-06,S*Mobarakeh Steel,6070.0,6070.0,6000.0,6067.0,142595974979.0,23503417,2089,D,5894.0,6067.0,5.800985504881164,5.800985504881164,5.734087813721083,5.798118460974301,5.632785595678679,5.798118460974301,136276307.0687934
2008-07-07,S*Mobarakeh Steel,6249.0,6249.0,5885.0,6122.0,232232070176.0,37929471,3413,D,6067.0,6122.0,5.972052457990508,5.972052457990508,5.624184463958097,5.850680932600078,5.798118460974301,5.850680932600078,221939847.25857028
2008-07-08,S*Mobarakeh Steel,5939.0,6095.0,5939.0,6095.0,5445031174.0,916826,142,D,6122.0,6095.0,5.675791254281584,5.8248775374383355,5.675791254281584,5.8248775374383355,5.850680932600078,5.8248775374383355,5203714.483360802
2008-07-09,S*Mobarakeh Steel,5913.0,6091.0,3197.0,6091.0,60229426659.0,18731695,541,D,6095.0,6091.0,5.65094354042213,5.821054812229188,3.055313123411049,5.821054812229188,5.8248775374383355,5.821054812229188,57560136.905463286
2008-07-12,S*Mobarakeh Steel,5909.0,6091.0,5909.0,6091.0,22261023.0,3767,10,D,6091.0,6091.0,5.647120815212983,5.821054812229188,5.647120815212983,5.821054812229188,5.821054812229188,5.821054812229188,21274.443450877465
2008-07-13,S*Mobarakeh Steel,5909.0,6088.0,5909.0,6088.0,569446211.0,96369,53,D,6091.0,6088.0,5.647120815212983,5.818187768322324,5.647120815212983,5.818187768322324,5.821054812229188,5.818187768322324,544209.0965107909
2008-07-14,S*Mobarakeh Steel,5906.0,6083.0,5906.0,6083.0,938116716.0,158841,66,D,6088.0,6083.0,5.64425377130612,5.81340936181089,5.64425377130612,5.81340936181089,5.818187768322324,5.81340936181089,896540.6048439406
2008-07-15,S*Mobarakeh Steel,5901.0,5901.0,5901.0,5901.0,252077537166.0,42717766,2677,D,6083.0,5901.0,5.639475364794687,5.639475364794687,5.639475364794687,5.639475364794687,5.81340936181089,5.639475364794687,240905788.99606398
2008-07-19,S*Mobarakeh Steel,5969.0,5990.0,5724.0,5819.0,146582834347.0,25187039,2944,D,5901.0,5819.0,5.704461693350191,5.724531000698216,5.470319774289916,5.561109498007166,5.639475364794687,5.561109498007166,140086474.02163813
2008-07-20,S*Mobarakeh Steel,5820.0,5830.0,5645.0,5704.0,29044689088.0,5115982,509,D,5819.0,5704.0,5.56206517930945,5.5716219923323225,5.39482095140925,5.451206148244177,5.561109498007166,5.451206148244177,27757466.292136434
2008-07-21,S*Mobarakeh Steel,5533.0,5701.0,5533.0,5701.0,619199710.0,111910,48,D,5704.0,5701.0,5.287784645553128,5.4483391043373155,5.287784645553128,5.4483391043373155,5.451206148244177,5.4483391043373155,591757.5852284379
2008-07-22,S*Mobarakeh Steel,5530.0,5695.0,5530.0,5695.0,1143351270.0,206754,44,D,5701.0,5695.0,5.284917601646266,5.442605016523594,5.284917601646266,5.442605016523594,5.4483391043373155,5.442605016523594,1092679.4306849204
2008-07-23,S*Mobarakeh Steel,5525.0,5611.0,5525.0,5611.0,17336240885.0,3137781,186,D,5695.0,5611.0,5.2801391951348275,5.3623277871315,5.2801391951348275,5.3623277871315,5.442605016523594,5.3623277871315,16567921.265735285
2008-07-26,S*Mobarakeh Steel,5443.0,5602.0,5443.0,5602.0,1884721985.0,346265,41,D,5611.0,5602.0,5.201773328347311,5.353726655410918,5.201773328347311,5.353726655410918,5.3623277871315,5.353726655410918,1801193.5610734522
2008-08-02,S*Mobarakeh Steel,5434.0,5602.0,5434.0,5602.0,55656708.0,10242,8,D,5602.0,5602.0,5.193172196626729,5.353726655410918,5.193172196626729,5.353726655410918,5.353726655410918,5.353726655410918,53190.07518243879
2008-08-03,S*Mobarakeh Steel,5434.0,5602.0,5434.0,5602.0,37159372.0,6838,19,D,5602.0,5602.0,5.193172196626729,5.353726655410918,5.193172196626729,5.353726655410918,5.353726655410918,5.353726655410918,35512.51702512141
2008-08-04,S*Mobarakeh Steel,5434.0,5602.0,5434.0,5602.0,8370040.0,1540,8,D,5602.0,5602.0,5.193172196626729,5.353726655410918,5.193172196626729,5.353726655410918,5.353726655410918,5.353726655410918,7999.090727393004
2008-08-05,S*Mobarakeh Steel,5434.0,5602.0,5434.0,5602.0,32768700.0,6030,5,D,5602.0,5602.0,5.193172196626729,5.353726655410918,5.193172196626729,5.353726655410918,5.353726655410918,5.353726655410918,31316.433890247023
2008-08-06,S*Mobarakeh Steel,5434.0,5602.0,5434.0,5602.0,659194.0,121,3,D,5602.0,5602.0,5.193172196626729,5.353726655410918,5.193172196626729,5.353726655410918,5.353726655410918,5.353726655410918,629.979380379676
2008-08-09,S*Mobarakeh Steel,5434.0,5602.0,5434.0,5602.0,37550620.0,6910,6,D,5602.0,5602.0,5.193172196626729,5.353726655410918,5.193172196626729,5.353726655410918,5.353726655410918,5.353726655410918,35886.42542327854
2008-08-10,S*Mobarakeh Steel,5434.0,5597.0,5434.0,5597.0,1021093702.0,187908,22,D,5602.0,5597.0,5.193172196626729,5.348948248899483,5.193172196626729,5.348948248899483,5.353726655410918,5.348948248899483,975840.1588842579
2008-08-11,S*Mobarakeh Steel,5430.0,5597.0,5430.0,5597.0,60263810.0,11098,11,D,5597.0,5597.0,5.189349471417582,5.348948248899483,5.189349471417582,5.348948248899483,5.348948248899483,5.348948248899483,57592.99642156713
2008-08-12,S*Mobarakeh Steel,5430.0,5597.0,5430.0,5597.0,10030880.0,1847,3,D,5597.0,5597.0,5.189349471417582,5.348948248899483,5.189349471417582,5.348948248899483,5.348948248899483,5.348948248899483,9586.324461483093
2008-08-13,S*Mobarakeh Steel,5430.0,5430.0,5430.0,5430.0,6896100.0,1270,2,D,5597.0,5430.0,5.189349471417582,5.189349471417582,5.189349471417582,5.189349471417582,5.348948248899483,5.189349471417582,6590.473828700327
2008-08-16,S*Mobarakeh Steel,5268.0,5268.0,3197.0,5268.0,163714998289.0,51175707,620,D,5430.0,5268.0,5.034529100447109,5.034529100447109,3.055313123411049,5.034529100447109,5.189349471417582,5.034529100447109,156459362.7687205
2008-08-18,S*Mobarakeh Steel,5110.0,5110.0,5110.0,5110.0,16489970.0,3227,4,D,5268.0,5110.0,4.883531454685789,4.883531454685789,4.883531454685789,4.883531454685789,5.034529100447109,4.883531454685789,15759.156004271039
2008-08-19,S*Mobarakeh Steel,4957.0,4957.0,4957.0,4957.0,45703540.0,9220,3,D,5110.0,4957.0,4.737312215435901,4.737312215435901,4.737312215435901,4.737312215435901,4.883531454685789,4.737312215435901,43678.01862631903
2008-08-20,S*Mobarakeh Steel,4809.0,4809.0,4809.0,4809.0,66162222.0,13758,5,D,4957.0,4809.0,4.5958713826974495,4.5958713826974495,4.5958713826974495,4.5958713826974495,4.737312215435901,4.5958713826974495,63229.998483151474
2008-08-23,S*Mobarakeh Steel,4665.0,4808.0,4665.0,4808.0,139181705.0,29835,22,D,4809.0,4808.0,4.4582532751681425,4.594915701395162,4.4582532751681425,4.594915701395162,4.5958713826974495,4.594915701395162,133013.35308890382
2008-08-24,S*Mobarakeh Steel,4664.0,4664.0,4664.0,4664.0,16958304.0,3636,4,D,4808.0,4664.0,4.4572975938658566,4.4572975938658566,4.4572975938658566,4.4572975938658566,4.594915701395162,4.4572975938658566,16206.734051296258
2008-08-25,S*Mobarakeh Steel,4525.0,4525.0,4525.0,4525.0,284504850.0,62874,12,D,4664.0,4525.0,4.324457892847985,4.324457892847985,4.324457892847985,4.324457892847985,4.4572975938658566,4.324457892847985,271895.96555492416
2008-08-26,S*Mobarakeh Steel,4390.0,4390.0,4390.0,4390.0,54168306580.0,12339022,396,D,4525.0,4390.0,4.19544091703926,4.19544091703926,4.19544091703926,4.19544091703926,4.324457892847985,4.19544091703926,51767637.775047585
2008-08-27,S*Mobarakeh Steel,4259.0,4307.0,4259.0,4307.0,17055617434.0,4004606,118,D,4390.0,4307.0,4.070246666439683,4.116119368949452,4.070246666439683,4.116119368949452,4.19544091703926,4.116119368949452,16299734.680631371
2008-08-30,S*Mobarakeh Steel,4178.0,4286.0,4178.0,4286.0,4255331682.0,1018509,61,D,4307.0,4286.0,3.992836480954447,4.096050061601427,3.992836480954447,4.096050061601427,4.116119368949452,4.096050061601427,4066740.9235162395
2008-08-31,S*Mobarakeh Steel,4158.0,4286.0,3197.0,4286.0,48295194541.0,15099302,259,D,4286.0,4286.0,3.9737228549087114,4.096050061601427,3.055313123411049,4.096050061601427,4.096050061601427,4.096050061601427,46154814.41313952
2008-09-01,S*Mobarakeh Steel,4158.0,4244.0,4158.0,4244.0,8599642988.0,2068216,70,D,4286.0,4244.0,3.9737228549087114,4.05591144690538,3.9737228549087114,4.05591144690538,4.096050061601427,4.05591144690538,8218518.009973795
2008-09-02,S*Mobarakeh Steel,4117.0,4117.0,4117.0,4117.0,34551568438.0,8392414,325,D,4244.0,4117.0,3.93453992151495,3.93453992151495,3.93453992151495,3.93453992151495,4.05591144690538,3.93453992151495,33020287.92088095
2008-09-03,S*Mobarakeh Steel,4050.0,4100.0,3994.0,4014.0,131707131077.0,32810518,3206,D,4117.0,4014.0,3.8705092742617317,3.9182933393760746,3.816991121333668,3.8361047473794048,3.93453992151495,3.8361047473794048,125870042.54813185
2008-09-06,S*Mobarakeh Steel,4050.0,4050.0,3894.0,3918.0,28131887545.0,7179745,646,D,4014.0,3918.0,3.8705092742617317,3.8705092742617317,3.7214229911049825,3.7443593423598673,3.8361047473794048,3.7443593423598673,26885118.924792726
2008-09-07,S*Mobarakeh Steel,3801.0,3801.0,3801.0,3801.0,72163079688.0,18985288,901,D,3918.0,3801.0,3.6325446299923057,3.6325446299923057,3.6325446299923057,3.6325446299923057,3.7443593423598673,3.6325446299923057,68964905.97325741
2008-09-08,S*Mobarakeh Steel,3701.0,3730.0,3687.0,3689.0,28276934120.0,7663666,537,D,3801.0,3689.0,3.536976499763622,3.5646912575299403,3.5235969615316076,3.5255083241361787,3.6325446299923057,3.5255083241361787,27023737.22448098
2008-09-13,S*Mobarakeh Steel,3197.0,3689.0,3197.0,3689.0,13446772346.0,4206058,108,D,3689.0,3689.0,3.055313123411049,3.5255083241361787,3.055313123411049,3.5255083241361787,3.5255083241361787,3.5255083241361787,12850828.907180047
2008-10-26,S*Mobarakeh Steel,2200.0,2500.0,2101.0,2242.0,42174254218.0,18805891,1536,D,3689.0,2242.0,2.102498865031064,2.389203255717118,2.007886416104667,2.1426374797271115,3.5255083241361787,2.1426374797271115,40305146.19403482
2008-10-27,S*Mobarakeh Steel,2309.0,2309.0,2265.0,2265.0,5269750213.0,2283436,282,D,2242.0,2265.0,2.2066681269803308,2.2066681269803308,2.164618149679709,2.164618149679709,2.1426374797271115,2.164618149679709,5036201.746286231
2008-10-28,S*Mobarakeh Steel,2332.0,2332.0,2270.0,2270.0,1197087272.0,513331,70,D,2265.0,2270.0,2.2286487969329283,2.2286487969329283,2.1693965561911432,2.1693965561911432,2.164618149679709,2.1693965561911432,1144033.9230559699
2008-10-29,S*Mobarakeh Steel,2338.0,2338.0,2274.0,2274.0,811759974.0,347203,59,D,2270.0,2274.0,2.234382884746648,2.234382884746648,2.1732192814002915,2.1732192814002915,2.1693965561911432,2.1732192814002915,775783.8290966573
2008-11-01,S*Mobarakeh Steel,2342.0,2342.0,2284.0,2284.0,2175560506.0,928933,98,D,2274.0,2284.0,2.2382056099557963,2.2382056099557963,2.182776094423159,2.182776094423159,2.1732192814002915,2.182776094423159,2079142.497577913
2008-11-02,S*Mobarakeh Steel,2352.0,2352.0,2290.0,2290.0,1335323860.0,567740,56,D,2284.0,2290.0,2.247762422978665,2.247762422978665,2.18851018223688,2.18851018223688,2.182776094423159,2.18851018223688,1276144.0454995
2008-11-03,S*Mobarakeh Steel,2358.0,2358.0,2303.0,2303.0,2762665262.0,1171614,127,D,2290.0,2303.0,2.253496510792386,2.253496510792386,2.2009340391666092,2.2009340391666092,2.18851018223688,2.2009340391666092,2640227.5353707946
2008-11-04,S*Mobarakeh Steel,2372.0,2372.0,2335.0,2371.0,58222565889.0,24550601,1669,D,2303.0,2371.0,2.2668760490244018,2.2668760490244018,2.2315158408397884,2.2659203677221154,2.2009340391666092,2.2659203677221154,55642217.59128131
2008-11-05,S*Mobarakeh Steel,2442.0,2442.0,2403.0,2441.0,19179322420.0,7856015,672,D,2371.0,2441.0,2.3337737401844807,2.3337737401844807,2.2965021693952936,2.3328180588821943,2.2659203677221154,2.3328180588821943,18329319.82732493
2008-11-08,S*Mobarakeh Steel,2479.0,2497.0,2368.0,2392.0,42311029326.0,17691718,1351,D,2441.0,2392.0,2.3691339483690945,2.386336211810258,2.263053323815255,2.285989675070139,2.3328180588821943,2.285989675070139,40435859.607368656
2008-11-09,S*Mobarakeh Steel,2350.0,2357.0,2321.0,2321.0,35017472448.0,15080798,941,D,2392.0,2321.0,2.245851060374091,2.2525408294900995,2.218136302607772,2.218136302607772,2.285989675070139,2.218136302607772,33465543.671898432
2008-11-10,S*Mobarakeh Steel,2257.0,3197.0,2252.0,2291.0,101055942264.0,32677258,861,D,2321.0,2291.0,2.1569726992614138,3.055313123411049,2.15219429274998,2.189465863539167,2.218136302607772,2.189465863539167,96577274.50668396
2008-11-11,S*Mobarakeh Steel,2260.0,2301.0,2230.0,2281.0,9293751985.0,4106443,287,D,2291.0,2281.0,2.1598397431682743,2.199022676562035,2.1311693040996693,2.1799090505162986,2.189465863539167,2.1799090505162986,8881865.000155775
2008-11-12,S*Mobarakeh Steel,2349.0,2349.0,2295.0,2295.0,3341235818.0,1424695,105,D,2281.0,2295.0,2.244895379071803,2.244895379071803,2.193288588748315,2.193288588748315,2.1799090505162986,2.193288588748315,3193156.5977936997
2008-11-15,S*Mobarakeh Steel,2363.0,2363.0,2335.0,2362.0,15193600748.0,6432097,522,D,2295.0,2362.0,2.25827491730382,2.25827491730382,2.2315158408397884,2.2573192360015337,2.193288588748315,2.2573192360015337,14520240.149275051
2008-11-16,S*Mobarakeh Steel,2420.0,3197.0,2392.0,2405.0,153507167384.0,49061554,883,D,2362.0,2405.0,2.3127487515341705,3.055313123411049,2.285989675070139,2.2984135319998678,2.2573192360015337,2.2984135319998678,146703929.6359062
2008-11-17,S*Mobarakeh Steel,2460.0,2477.0,2344.0,2441.0,23719370613.0,9742739,799,D,2405.0,2441.0,2.350976003625645,2.3672225857645217,2.24011697256037,2.3328180588821943,2.2984135319998678,2.3328180588821943,22668158.996856216
2008-11-18,S*Mobarakeh Steel,2368.0,2433.0,2368.0,2433.0,1716417034.0,724838,78,D,2441.0,2433.0,2.263053323815255,2.3251726084638995,2.263053323815255,2.3251726084638995,2.3328180588821943,2.3251726084638995,1640347.6663204483
2008-11-19,S*Mobarakeh Steel,2361.0,2429.0,2361.0,2429.0,798047012.0,338012,45,D,2433.0,2429.0,2.2563635546992455,2.321349883254753,2.2563635546992455,2.321349883254753,2.3251726084638995,2.321349883254753,762678.6077142869
2008-11-22,S*Mobarakeh Steel,2357.0,2416.0,2357.0,2416.0,2697872287.0,1144621,67,D,2429.0,2416.0,2.2525408294900995,2.308926026325024,2.2525408294900995,2.308926026325024,2.321349883254753,2.308926026325024,2578306.100643756
2008-11-23,S*Mobarakeh Steel,2344.0,3197.0,2344.0,2415.0,79311762191.0,24826947,332,D,2416.0,2415.0,2.24011697256037,3.055313123411049,2.24011697256037,2.307970345022736,2.308926026325024,2.307970345022736,75796768.17735963
2008-11-24,S*Mobarakeh Steel,2343.0,2414.0,2343.0,2414.0,161470898.0,68916,21,D,2415.0,2414.0,2.2391612912580827,2.3070146637204494,2.2391612912580827,2.3070146637204494,2.307970345022736,2.3070146637204494,154314.71808206668
2008-11-25,S*Mobarakeh Steel,2342.0,2413.0,2342.0,2413.0,156104378.0,66654,17,D,2414.0,2413.0,2.2382056099557963,2.306058982418162,2.2382056099557963,2.306058982418162,2.3070146637204494,2.306058982418162,149186.03525971828
2008-11-26,S*Mobarakeh Steel,2341.0,2412.0,2341.0,2412.0,295781378.0,126348,20,D,2413.0,2412.0,2.237249928653509,2.3051033011158757,2.237249928653509,2.3051033011158757,2.306058982418162,2.3051033011158757,282672.7325192382
2008-11-29,S*Mobarakeh Steel,2340.0,3197.0,2340.0,2411.0,122693235343.0,38410161,295,D,2412.0,2411.0,2.2362942473512217,3.055313123411049,2.2362942473512217,2.304147619813589,2.3051033011158757,2.304147619813589,117255630.9343849
2008-11-30,S*Mobarakeh Steel,2339.0,2410.0,2339.0,2410.0,233924100.0,100010,15,D,2411.0,2410.0,2.235338566048936,2.303191938511302,2.235338566048936,2.303191938511302,2.304147619813589,2.303191938511302,223556.88852427865
2008-12-01,S*Mobarakeh Steel,2338.0,2409.0,2338.0,2409.0,300845198.0,128676,13,D,2410.0,2409.0,2.234382884746648,2.302236257209015,2.234382884746648,2.302236257209015,2.303191938511302,2.302236257209015,287512.13061138446
2008-12-02,S*Mobarakeh Steel,2337.0,2337.0,2337.0,2337.0,66728361.0,28553,9,D,2409.0,2337.0,2.2334272034443616,2.2334272034443616,2.2334272034443616,2.2334272034443616,2.302236257209015,2.2334272034443616,63771.046939946864
2008-12-03,S*Mobarakeh Steel,2267.0,2267.0,2267.0,2267.0,53619084.0,23652,46,D,2337.0,2267.0,2.1665295122842827,2.1665295122842827,2.1665295122842827,2.1665295122842827,2.2334272034443616,2.1665295122842827,51242.75602454786
2008-12-06,S*Mobarakeh Steel,2199.0,2199.0,2199.0,2199.0,21932826.0,9974,4,D,2267.0,2199.0,2.1015431837287766,2.1015431837287766,2.1015431837287766,2.1015431837287766,2.1665295122842827,2.1015431837287766,20960.79171451082
2008-12-07,S*Mobarakeh Steel,2134.0,2134.0,2134.0,2134.0,12804000.0,6000,2,D,2199.0,2134.0,2.0394238990801328,2.0394238990801328,2.0394238990801328,2.0394238990801328,2.1015431837287766,2.0394238990801328,12236.543394480788
2008-12-08,S*Mobarakeh Steel,2070.0,2070.0,2070.0,2070.0,101225070.0,48901,7,D,2134.0,2070.0,1.9782602957337732,1.9782602957337732,1.9782602957337732,1.9782602957337732,2.0394238990801328,1.9782602957337732,96738.9067216773
2008-12-10,S*Mobarakeh Steel,2008.0,2008.0,2008.0,2008.0,12728693928.0,6338991,209,D,2070.0,2008.0,1.9190080549919892,1.9190080549919892,1.9190080549919892,1.9190080549919892,1.9782602957337732,1.9190080549919892,12164574.789521726
2008-12-13,S*Mobarakeh Steel,1948.0,2000.0,1948.0,1948.0,45545413681.0,23379522,1174,D,2008.0,1948.0,1.8616671768547788,1.9113626045736953,1.8616671768547788,1.8616671768547788,1.9190080549919892,1.8616671768547788,43526900.25985128
2008-12-14,S*Mobarakeh Steel,1901.0,1940.0,1890.0,1891.0,14057709080.0,7434850,485,D,1948.0,1890.0,1.816750155647297,1.8540217264364838,1.8062376613221411,1.8071933426244289,1.8616671768547788,1.8062376613221411,13434689.720744038
2008-12-15,S*Mobarakeh Steel,1851.0,1929.0,1835.0,1880.0,5564589662.0,2980938,253,D,1891.0,1879.0,1.7689660905329543,1.843509232111328,1.7536751896963647,1.7966808482992733,1.8071933426244289,1.795725166996986,5317974.294872085
2008-12-16,S*Mobarakeh Steel,1862.0,1927.0,1862.0,1889.0,3086551489.0,1611583,192,D,1880.0,1900.0,1.7794785848581094,1.841597869506755,1.7794785848581094,1.8052819800198547,1.7966808482992733,1.81579447434501,2949759.546582928
2008-12-20,S*Mobarakeh Steel,1907.0,1945.0,1907.0,1901.0,3473120143.0,1797719,162,D,1889.0,1945.0,1.822484243461017,1.8588001329479182,1.822484243461017,1.816750155647297,1.8052819800198547,1.8588001329479182,3319195.9812609223
2008-12-21,S*Mobarakeh Steel,1957.0,1958.0,1950.0,1916.0,3349022816.0,1710452,146,D,1901.0,1958.0,1.87026830857536,1.8712239898776475,1.8635785394593518,1.8310853751815988,1.816750155647297,1.8712239898776475,3200598.486183246
2008-12-22,S*Mobarakeh Steel,1973.0,1973.0,1973.0,1917.0,252032993.0,127741,14,D,1916.0,1973.0,1.8855592094119495,1.8855592094119495,1.8855592094119495,1.8320410564838872,1.8310853751815988,1.8855592094119495,240863.21896949186
2008-12-23,S*Mobarakeh Steel,1974.0,1974.0,1974.0,1920.0,561664194.0,284531,23,D,1917.0,1974.0,1.886514890714236,1.886514890714236,1.886514890714236,1.834908100390747,1.8320410564838872,1.886514890714236,536771.9683698126
2008-12-24,S*Mobarakeh Steel,1977.0,1977.0,1977.0,1927.0,1550515629.0,784277,65,D,1920.0,1977.0,1.8893819346210967,1.8893819346210967,1.8893819346210967,1.841597869506755,1.834908100390747,1.8893819346210967,1481798.79553883
2008-12-27,S*Mobarakeh Steel,1984.0,1984.0,1940.0,1981.0,48017639841.0,24240389,725,D,1927.0,1984.0,1.8960717037371047,1.8960717037371047,1.8540217264364838,1.8932046598302443,1.841597869506755,1.8960717037371047,45889560.57598769
2008-12-28,S*Mobarakeh Steel,2029.0,2029.0,1940.0,1978.0,1823457641.0,929314,173,D,1981.0,1957.0,1.9390773623400137,1.9390773623400137,1.8540217264364838,1.8903376159233842,1.8932046598302443,1.87026830857536,1742644.373015782
2008-12-29,S*Mobarakeh Steel,1919.0,1959.0,1919.0,1943.0,8620089852.0,4468611,303,D,1978.0,1919.0,1.8339524190884602,1.8721796711799337,1.8339524190884602,1.8568887703433439,1.8903376159233842,1.8339524190884602,8238058.695588999
2008-12-30,S*Mobarakeh Steel,1919.0,1928.0,1897.0,1929.0,6065420507.0,3167280,205,D,1943.0,1900.0,1.8339524190884602,1.842553550809041,1.8129274304381493,1.843509232111328,1.8568887703433439,1.81579447434501,5796608.969047109
2008-12-31,S*Mobarakeh Steel,1915.0,1980.0,1892.0,1914.0,7050767538.0,3703804,170,D,1929.0,1910.0,1.8301296938793121,1.8922489785279586,1.8081490239267148,1.8291740125770264,1.843509232111328,1.8253512873678783,6738286.702837666
2009-01-03,S*Mobarakeh Steel,1929.0,1971.0,1920.0,1943.0,7048410617.0,3585874,264,D,1914.0,1971.0,1.843509232111328,1.8836478468073763,1.834908100390747,1.8568887703433439,1.8291740125770264,1.8836478468073763,6736034.237507002
2009-01-04,S*Mobarakeh Steel,1997.0,2001.0,1989.0,1953.0,2298669391.0,1149500,152,D,1943.0,1999.0,1.908495560666834,1.912318285875981,1.900850110248539,1.8664455833662126,1.8568887703433439,1.910406923271408,2196795.3571177945
2009-01-05,S*Mobarakeh Steel,2011.0,2011.0,2000.0,1960.0,1708573559.0,850604,107,D,1953.0,2000.0,1.9218750988988504,1.9218750988988504,1.9113626045736953,1.87313535248222,1.8664455833662126,1.9113626045736953,1632851.803917993
2009-01-10,S*Mobarakeh Steel,2010.0,2018.0,1954.0,1966.0,7627872422.0,3871454,129,D,1960.0,1954.0,1.9209194175965632,1.9285648680148577,1.8674012646684999,1.8788694402959414,1.87313535248222,1.8674012646684999,7289815.049934886
2009-01-11,S*Mobarakeh Steel,1942.0,1966.0,1908.0,1959.0,3027983197.0,1561626,110,D,1966.0,1921.0,1.8559330890410577,1.8788694402959414,1.8234399247633044,1.8721796711799337,1.8788694402959414,1.8358637816930337,2893786.9250116507
2009-01-12,S*Mobarakeh Steel,1960.0,1960.0,1910.0,1956.0,1018692520.0,530360,85,D,1959.0,1921.0,1.87313535248222,1.87313535248222,1.8253512873678783,1.8693126272730733,1.8721796711799337,1.8358637816930337,973545.3941434708
2009-01-13,S*Mobarakeh Steel,1920.0,1947.0,1902.0,1948.0,2029288887.0,1062679,144,D,1956.0,1947.0,1.834908100390747,1.8607114955524913,1.8177058369495827,1.8616671768547788,1.8693126272730733,1.8607114955524913,1939353.4462443865
2009-01-14,S*Mobarakeh Steel,1929.0,1980.0,1924.0,1950.0,2711075048.0,1384200,127,D,1948.0,1980.0,1.843509232111328,1.8922489785279586,1.8387308255998935,1.8635785394593518,1.8616671768547788,1.8922489785279586,2590923.732470017
2009-01-17,S*Mobarakeh Steel,1977.0,1997.0,1953.0,1961.0,3868350987.0,1947009,100,D,1950.0,1954.0,1.8893819346210967,1.908495560666834,1.8664455833662126,1.8740910337845078,1.8635785394593518,1.8674012646684999,3696910.708958772
2009-01-18,S*Mobarakeh Steel,1980.0,1995.0,1978.0,1965.0,1610759752.0,810076,82,D,1961.0,1992.0,1.8922489785279586,1.9065841980622595,1.8903376159233842,1.8779137589936554,1.8740910337845078,1.9037171541554003,1539372.9774625993
2009-01-19,S*Mobarakeh Steel,1993.0,2023.0,1993.0,1971.0,1541413641.0,763741,64,D,1965.0,2023.0,1.9046728354576865,1.933343274526292,1.9046728354576865,1.8836478468073763,1.8779137589936554,1.933343274526292,1473100.1957935912
2009-01-20,S*Mobarakeh Steel,2030.0,2030.0,2030.0,1974.0,749587650.0,369255,24,D,1971.0,2030.0,1.9400330436423,1.9400330436423,1.9400330436423,1.886514890714236,1.8836478468073763,1.9400330436423,716366.9015301373
2009-01-21,S*Mobarakeh Steel,2033.0,2033.0,2033.0,1976.0,520517122.0,256034,23,D,1974.0,2033.0,1.9429000875491602,1.9429000875491602,1.9429000875491602,1.8884262533188108,1.886514890714236,1.9429000875491602,497448.4810155618
2009-01-24,S*Mobarakeh Steel,2035.0,2035.0,1971.0,2030.0,97594245937.0,48081745,459,D,1976.0,2008.0,1.9448114501537341,1.9448114501537341,1.8836478468073763,1.9400330436423,1.8884262533188108,1.9190080549919892,93268996.05277504
2009-01-25,S*Mobarakeh Steel,2029.0,2040.0,1983.0,2021.0,4939792470.0,2462301,178,D,2030.0,1990.0,1.9390773623400137,1.9495898566651688,1.8951160224348174,1.9314319119217178,1.9400330436423,1.901805791550826,4720867.300756361
2009-01-26,S*Mobarakeh Steel,1980.0,2010.0,1969.0,2009.0,4827553590.0,2426369,138,D,2021.0,1969.0,1.8922489785279586,1.9209194175965632,1.881736484202803,1.9199637362942767,1.9314319119217178,1.881736484202803,4613602.701750744
2009-01-27,S*Mobarakeh Steel,2007.0,2068.0,2000.0,2015.0,3190351147.0,1567840,187,D,2009.0,2049.0,1.9180523736897024,1.9763489331292003,1.9113626045736953,1.9256978241079978,1.9199637362942767,1.95819098838575,3048958.9389172974
2009-01-28,S*Mobarakeh Steel,2037.0,2071.0,2030.0,2020.0,1542033814.0,750261,100,D,2015.0,2030.0,1.9467228127583078,1.9792159770360613,1.9400330436423,1.930476230619432,1.9256978241079978,1.9400330436423,1473692.883533874
2009-01-31,S*Mobarakeh Steel,2026.0,2070.0,2016.0,2022.0,8008952346.0,3959110,104,D,2020.0,2037.0,1.9362103184331527,1.9782602957337732,1.926653505410285,1.9323875932240047,1.930476230619432,1.9467228127583078,7654006.007978581
2009-02-01,S*Mobarakeh Steel,2035.0,2058.0,2007.0,2019.0,4620334828.0,2295002,95,D,2022.0,2007.0,1.9448114501537341,1.966792120106331,1.9180523736897024,1.929520549317145,1.9323875932240047,1.9180523736897024,4415567.605424317
2009-02-02,S*Mobarakeh Steel,2001.0,2001.0,1985.0,2013.0,4004265104.0,2003361,101,D,2019.0,2000.0,1.912318285875981,1.912318285875981,1.897027385039393,1.9237864615034235,1.929520549317145,1.9113626045736953,3826801.2892924985
2009-02-03,S*Mobarakeh Steel,2000.0,2000.0,1980.0,2010.0,1175025575.0,592113,94,D,2013.0,1988.0,1.9113626045736953,1.9113626045736953,1.8922489785279586,1.9209194175965632,1.9237864615034235,1.899894428946253,1122949.971736351
2009-02-04,S*Mobarakeh Steel,1990.0,1990.0,1955.0,2004.0,2084891837.0,1056928,134,D,2010.0,1955.0,1.901805791550826,1.901805791550826,1.8683569459707867,1.915185329782842,1.9209194175965632,1.8683569459707867,1992492.145911378
2009-02-07,S*Mobarakeh Steel,1968.0,1990.0,1960.0,2001.0,1395825557.0,706712,102,D,2004.0,1961.0,1.8807808029005155,1.901805791550826,1.87313535248222,1.912318285875981,1.915185329782842,1.8740910337845078,1333964.386079024
2009-02-08,S*Mobarakeh Steel,1960.0,1960.0,1941.0,1964.0,7592513953.0,3910587,231,D,2001.0,1941.0,1.87313535248222,1.87313535248222,1.854977407738771,1.876958077691368,1.912318285875981,1.854977407738771,7256023.622234097
2009-02-09,S*Mobarakeh Steel,1908.0,1927.0,1906.0,1959.0,1045685869.0,547101,92,D,1964.0,1911.0,1.8234399247633044,1.841597869506755,1.8215285621587307,1.8721796711799337,1.876958077691368,1.8263069686701656,999342.4330688738
2009-02-11,S*Mobarakeh Steel,1917.0,1918.0,1905.0,1956.0,699613749.0,366283,56,D,1959.0,1914.0,1.8320410564838872,1.8329967377861736,1.820572880856444,1.8693126272730733,1.8721796711799337,1.8291740125770264,668607.7787421035
2009-02-14,S*Mobarakeh Steel,1901.0,1938.0,1898.0,1948.0,1953550870.0,1024897,97,D,1956.0,1910.0,1.816750155647297,1.8521103638319096,1.8138831117404355,1.8616671768547788,1.8693126272730733,1.8253512873678783,1866972.0395252036
2009-02-15,S*Mobarakeh Steel,1900.0,1900.0,1890.0,1944.0,806299171.0,426530,41,D,1948.0,1890.0,1.81579447434501,1.81579447434501,1.8062376613221411,1.857844451645631,1.8616671768547788,1.8062376613221411,770565.0417740855
2009-02-17,S*Mobarakeh Steel,1886.0,1886.0,1886.0,1926.0,3774651716.0,2001406,143,D,1944.0,1886.0,1.8024149361129942,1.8024149361129942,1.8024149361129942,1.8406421882044675,1.857844451645631,1.8024149361129942,3607364.067626163
2009-02-18,S*Mobarakeh Steel,1869.0,1869.0,1869.0,1921.0,943596423.0,504867,65,D,1926.0,1869.0,1.786168353974118,1.786168353974118,1.786168353974118,1.8358637816930337,1.8406421882044675,1.786168353974118,901777.4583658513
2009-02-21,S*Mobarakeh Steel,1864.0,1864.0,1864.0,1919.0,432708960.0,232140,35,D,1921.0,1864.0,1.7813899474626842,1.7813899474626842,1.7813899474626842,1.8339524190884602,1.8358637816930337,1.7813899474626842,413531.86240398744
2009-02-22,S*Mobarakeh Steel,1862.0,1864.0,1862.0,1872.0,9701801770.0,5210335,226,D,1919.0,1862.0,1.7794785848581094,1.7813899474626842,1.7794785848581094,1.7890353978809779,1.8339524190884602,1.7794785848581094,9271830.55008244
2009-02-23,S*Mobarakeh Steel,1816.0,1816.0,1816.0,1864.0,1580379448.0,870253,63,D,1872.0,1816.0,1.7355172449529155,1.7355172449529155,1.7355172449529155,1.7813899474626842,1.7890353978809779,1.7355172449529155,1510339.0889720083
2009-02-25,S*Mobarakeh Steel,1809.0,1809.0,1809.0,1864.0,74872701.0,41389,10,D,1864.0,1809.0,1.728827475836906,1.728827475836906,1.728827475836906,1.7813899474626842,1.7813899474626842,1.728827475836906,71554.44039741368
2009-02-28,S*Mobarakeh Steel,1809.0,1809.0,1809.0,1863.0,179291799.0,99111,17,D,1864.0,1809.0,1.728827475836906,1.728827475836906,1.728827475836906,1.7804342661603965,1.7813899474626842,1.728827475836906,171345.81995767166
2009-03-01,S*Mobarakeh Steel,1808.0,1808.0,1808.0,1858.0,1129634784.0,624798,50,D,1863.0,1808.0,1.7278717945346203,1.7278717945346203,1.7278717945346203,1.775655859648962,1.7804342661603965,1.7278717945346203,1079570.8414816414
2009-03-02,S*Mobarakeh Steel,1803.0,1803.0,1803.0,1856.0,316823160.0,175720,22,D,1858.0,1803.0,1.723093388023186,1.723093388023186,1.723093388023186,1.7737444970443887,1.775655859648962,1.723093388023186,302781.97014343407
2009-03-03,S*Mobarakeh Steel,1801.0,1801.0,1801.0,1856.0,69603247.0,38647,11,D,1856.0,1801.0,1.7211820254186116,1.7211820254186116,1.7211820254186116,1.7737444970443887,1.7737444970443887,1.7211820254186116,66518.52173635313
2009-03-04,S*Mobarakeh Steel,1801.0,1801.0,1801.0,1825.0,6401288897.0,3554297,123,D,1856.0,1801.0,1.7211820254186116,1.7211820254186116,1.7211820254186116,1.7441183766734967,1.7737444970443887,1.7211820254186116,6117592.109399294
2009-03-07,S*Mobarakeh Steel,1771.0,1771.0,1771.0,1795.0,6302238096.0,3558576,129,D,1825.0,1771.0,1.6925115863500073,1.6925115863500073,1.6925115863500073,1.7154479376048908,1.7441183766734967,1.6925115863500073,6022931.11090706
2009-03-08,S*Mobarakeh Steel,1742.0,1750.0,1742.0,1764.0,6546964630.0,3757233,210,D,1795.0,1743.0,1.6647968285836874,1.672442279001983,1.6647968285836874,1.6858218172339983,1.7154479376048908,1.6657525098859756,6256811.683624326
2009-03-09,S*Mobarakeh Steel,1770.0,1770.0,1712.0,1759.0,1464462336.0,847381,132,D,1764.0,1714.0,1.6915559050477196,1.6915559050477196,1.6361263895150824,1.6810434107225638,1.6858218172339983,1.638037752119656,1399559.272418518
2009-03-10,S*Mobarakeh Steel,1790.0,1811.0,1759.0,1770.0,2720521432.0,1506646,133,D,1759.0,1790.0,1.7106695310934563,1.7307388384414808,1.6810434107225638,1.6915559050477196,1.6810434107225638,1.7106695310934563,2599951.465033039
2009-03-11,S*Mobarakeh Steel,1794.0,1819.0,1761.0,1772.0,806446253.0,449321,103,D,1770.0,1819.0,1.7144922563026042,1.738384288859776,1.6829547733271388,1.6934672676522935,1.6915559050477196,1.738384288859776,770705.6052913882
2009-03-14,S*Mobarakeh Steel,1817.0,1825.0,1817.0,1780.0,1656369412.0,907624,102,D,1772.0,1825.0,1.7364729262552014,1.7441183766734967,1.7364729262552014,1.7011127180705885,1.6934672676522935,1.7441183766734967,1582961.2767282596
2009-03-16,S*Mobarakeh Steel,1833.0,1833.0,1828.0,1782.0,409087237.0,223189,50,D,1780.0,1833.0,1.7517638270917912,1.7517638270917912,1.7469854205803568,1.7030240806751618,1.7011127180705885,1.7517638270917912,390957.0234050881
2009-03-17,S*Mobarakeh Steel,1835.0,1835.0,1835.0,1787.0,1021964715.0,556929,43,D,1782.0,1835.0,1.7536751896963647,1.7536751896963647,1.7536751896963647,1.7078024871865962,1.7030240806751618,1.7536751896963647,976672.5697224068
2009-03-18,S*Mobarakeh Steel,1794.0,1800.0,1732.0,1754.0,1774016019.0,1011596,114,D,1787.0,1770.0,1.7144922563026042,1.7202263441163252,1.6552400155608198,1.6762650042111307,1.7078024871865962,1.6915559050477196,1695393.9393156485
2009-03-25,S*Mobarakeh Steel,1755.0,1806.0,1755.0,1754.0,430073634.0,243715,17,D,1754.0,1806.0,1.6772206855134173,1.7259604319300463,1.6772206855134173,1.6762650042111307,1.6762650042111307,1.7259604319300463,411013.33062035684
2009-03-28,S*Mobarakeh Steel,1806.0,1806.0,1806.0,1755.0,214068792.0,118532,20,D,1754.0,1806.0,1.7259604319300463,1.7259604319300463,1.7259604319300463,1.6772206855134173,1.6762650042111307,1.7259604319300463,204581.54191753225
2009-03-29,S*Mobarakeh Steel,1807.0,1807.0,1807.0,1757.0,533513136.0,295248,24,D,1755.0,1807.0,1.726916113232333,1.726916113232333,1.726916113232333,1.679132048117991,1.6772206855134173,1.726916113232333,509868.52859962
2009-03-30,S*Mobarakeh Steel,1809.0,1809.0,1809.0,1759.0,511008129.0,282481,23,D,1757.0,1809.0,1.728827475836906,1.728827475836906,1.728827475836906,1.6810434107225638,1.679132048117991,1.728827475836906,488360.9142018852
2009-03-31,S*Mobarakeh Steel,1811.0,1811.0,1800.0,1769.0,2237348686.0,1235850,125,D,1759.0,1810.0,1.7307388384414808,1.7307388384414808,1.7202263441163252,1.6906002237454332,1.6810434107225638,1.7297831571391935,2138192.305906247
2009-04-04,S*Mobarakeh Steel,1822.0,1822.0,1822.0,1770.0,311822546.0,171143,18,D,1769.0,1822.0,1.7412513327666355,1.7412513327666355,1.7412513327666355,1.6915559050477196,1.6906002237454332,1.7412513327666355,298002.9768436804
2009-04-05,S*Mobarakeh Steel,1823.0,1823.0,1823.0,1771.0,154289605.0,84635,12,D,1770.0,1823.0,1.742207014068923,1.742207014068923,1.742207014068923,1.6925115863500073,1.6915559050477196,1.742207014068923,147451.69063572324
2009-04-06,S*Mobarakeh Steel,1824.0,1824.0,1824.0,1775.0,959969376.0,526299,47,D,1771.0,1824.0,1.743162695371209,1.743162695371209,1.743162695371209,1.6963343115591538,1.6925115863500073,1.743162695371209,917424.7834111723
2009-04-07,S*Mobarakeh Steel,1828.0,1828.0,1828.0,1780.0,1018545148.0,557191,68,D,1775.0,1828.0,1.7469854205803568,1.7469854205803568,1.7469854205803568,1.7011127180705885,1.6963343115591538,1.7469854205803568,973404.5534785895
2009-04-08,S*Mobarakeh Steel,1833.0,1833.0,1833.0,1782.0,484062306.0,264082,22,D,1780.0,1833.0,1.7517638270917912,1.7517638270917912,1.7517638270917912,1.7030240806751618,1.7011127180705885,1.7517638270917912,462609.2949860544
2009-04-11,S*Mobarakeh Steel,1835.0,1835.0,1835.0,1782.0,56319820.0,30692,7,D,1782.0,1835.0,1.7536751896963647,1.7536751896963647,1.7536751896963647,1.7030240806751618,1.7030240806751618,1.7536751896963647,53823.79892216081
2009-04-12,S*Mobarakeh Steel,1835.0,1835.0,1835.0,1790.0,1673688820.0,912092,44,D,1782.0,1835.0,1.7536751896963647,1.7536751896963647,1.7536751896963647,1.7106695310934563,1.7030240806751618,1.7536751896963647,1599513.1111205374
2009-04-13,S*Mobarakeh Steel,1843.0,1843.0,1800.0,1810.0,4782894059.0,2601161,369,D,1790.0,1810.0,1.761320640114659,1.761320640114659,1.7202263441163252,1.7297831571391935,1.7106695310934563,1.7297831571391935,4570922.423005144
2009-04-14,S*Mobarakeh Steel,1802.0,1830.0,1770.0,1809.0,1173881862.0,652863,80,D,1810.0,1798.0,1.7221377067208987,1.7488967831849311,1.6915559050477196,1.728827475836906,1.7297831571391935,1.7183149815117509,1121856.9466070686
2009-04-15,S*Mobarakeh Steel,1801.0,1811.0,1780.0,1808.0,816215076.0,455277,74,D,1809.0,1781.0,1.7211820254186116,1.7307388384414808,1.7011127180705885,1.7278717945346203,1.728827475836906,1.702068399372875,780041.4867778377
2009-04-18,S*Mobarakeh Steel,1800.0,1800.0,1754.0,1766.0,16281050563.0,9219676,186,D,1808.0,1754.0,1.7202263441163252,1.7202263441163252,1.6762650042111307,1.687733179838572,1.7278717945346203,1.6762650042111307,15559495.60464585
2009-04-19,S*Mobarakeh Steel,1790.0,1818.0,1775.0,1791.0,5693839249.0,3133968,221,D,1766.0,1818.0,1.7106695310934563,1.7374286075574887,1.6963343115591538,1.711625212395744,1.687733179838572,1.7374286075574887,5441495.708496285
2009-04-20,S*Mobarakeh Steel,1844.0,1844.0,1844.0,1799.0,1674353844.0,908001,60,D,1791.0,1844.0,1.7622763214169457,1.7622763214169457,1.7622763214169457,1.7192706628140377,1.711625212395744,1.7622763214169457,1600148.6621229085
2009-04-21,S*Mobarakeh Steel,1852.0,1852.0,1852.0,1799.0,89933120.0,48560,7,D,1799.0,1852.0,1.7699217718352414,1.7699217718352414,1.7699217718352414,1.7192706628140377,1.7192706628140377,1.7699217718352414,85947.40124031932
2009-04-22,S*Mobarakeh Steel,1852.0,1852.0,1806.0,1810.0,3080043128.0,1674153,203,D,1799.0,1842.0,1.7699217718352414,1.7699217718352414,1.7259604319300463,1.7297831571391935,1.7192706628140377,1.7603649588123729,2943539.6276666964
2009-04-25,S*Mobarakeh Steel,1847.0,1847.0,1756.0,1806.0,2081096696.0,1163156,145,D,1810.0,1800.0,1.7651433653238071,1.7651433653238071,1.6781763668157037,1.7259604319300463,1.7297831571391935,1.7202263441163252,1988865.2006181355
2009-04-26,S*Mobarakeh Steel,1798.0,1820.0,1778.0,1805.0,1815162847.0,1009201,110,D,1806.0,1805.0,1.7183149815117509,1.739339970162061,1.6992013554660148,1.7250047506277588,1.7259604319300463,1.7250047506277588,1734717.1934836607
2009-04-27,S*Mobarakeh Steel,1800.0,1801.0,1779.0,1803.0,1460204898.0,815360,122,D,1805.0,1779.0,1.7202263441163252,1.7211820254186116,1.7001570367683014,1.723093388023186,1.7250047506277588,1.7001570367683014,1395490.5185262726
2009-04-28,S*Mobarakeh Steel,1799.0,1803.0,1760.0,1799.0,10641829696.0,5914954,130,D,1803.0,1772.0,1.7192706628140377,1.723093388023186,1.6819990920248515,1.7192706628140377,1.723093388023186,1.6934672676522935,10170197.662588123
2009-04-29,S*Mobarakeh Steel,1790.0,1790.0,1763.0,1797.0,1016249615.0,571927,77,D,1799.0,1776.0,1.7106695310934563,1.7106695310934563,1.6848661359317116,1.7173593002094645,1.7192706628140377,1.6972899928614404,971210.7555117068
2009-05-02,S*Mobarakeh Steel,1770.0,1798.0,1756.0,1794.0,1137789303.0,645319,99,D,1797.0,1779.0,1.6915559050477196,1.7183149815117509,1.6781763668157037,1.7144922563026042,1.7173593002094645,1.7001570367683014,1087363.962819084
2009-05-03,S*Mobarakeh Steel,1779.0,1779.0,1741.0,1785.0,2382521788.0,1358340,147,D,1794.0,1760.0,1.7001570367683014,1.7001570367683014,1.6638411472814008,1.7058911245820227,1.7144922563026042,1.6819990920248515,2276931.5250826282
2009-05-04,S*Mobarakeh Steel,1750.0,1838.0,1735.0,1792.0,3759836863.0,2080737,204,D,1785.0,1838.0,1.672442279001983,1.7565422336032257,1.6581070594676801,1.712580893698031,1.7058911245820227,1.7565422336032257,3593205.7896179357
2009-05-05,S*Mobarakeh Steel,1845.0,1845.0,1845.0,1797.0,1081376640.0,586112,41,D,1792.0,1845.0,1.7632320027192334,1.7632320027192334,1.7632320027192334,1.7173593002094645,1.712580893698031,1.7632320027192334,1033451.4355777752
2009-05-06,S*Mobarakeh Steel,1850.0,1850.0,1850.0,1797.0,91486200.0,49452,11,D,1797.0,1850.0,1.7680104092306677,1.7680104092306677,1.7680104092306677,1.7173593002094645,1.7173593002094645,1.7680104092306677,87431.65075727503
2009-05-09,S*Mobarakeh Steel,1850.0,1850.0,1850.0,1798.0,142795950.0,77187,7,D,1797.0,1850.0,1.7680104092306677,1.7680104092306677,1.7680104092306677,1.7183149815117509,1.7173593002094645,1.7680104092306677,136467.4194572875
2009-05-10,S*Mobarakeh Steel,1851.0,1851.0,1851.0,1799.0,250958580.0,135580,10,D,1798.0,1851.0,1.7689660905329543,1.7689660905329543,1.7689660905329543,1.7192706628140377,1.7183149815117509,1.7689660905329543,239836.42255445797
2009-05-11,S*Mobarakeh Steel,1852.0,1852.0,1852.0,1822.0,5017247644.0,2709097,106,D,1799.0,1852.0,1.7699217718352414,1.7699217718352414,1.7699217718352414,1.7412513327666355,1.7192706628140377,1.7699217718352414,4794889.7623135345
2009-05-12,S*Mobarakeh Steel,1876.0,1876.0,1876.0,1843.0,4718149380.0,2515005,97,D,1822.0,1876.0,1.792858123090126,1.792858123090126,1.792858123090126,1.761320640114659,1.7412513327666355,1.792858123090126,4509047.143862282
2009-05-13,S*Mobarakeh Steel,1898.0,1898.0,1898.0,1869.0,5607333524.0,2954338,107,D,1843.0,1898.0,1.8138831117404355,1.8138831117404355,1.8138831117404355,1.786168353974118,1.761320640114659,1.8138831117404355,5358823.804573017
2009-05-16,S*Mobarakeh Steel,1940.0,1940.0,1801.0,1907.0,13454470284.0,7053500,536,D,1869.0,1906.0,1.8540217264364838,1.8540217264364838,1.7211820254186116,1.822484243461017,1.786168353974118,1.8215285621587307,12858185.682592807
2009-05-17,S*Mobarakeh Steel,1959.0,1959.0,1855.0,1894.0,9473523262.0,5012489,211,D,1907.0,1900.0,1.8721796711799337,1.8721796711799337,1.7727888157421017,1.8100603865312896,1.822484243461017,1.81579447434501,9053669.0482729
2009-05-18,S*Mobarakeh Steel,1917.0,1917.0,1838.0,1873.0,4531965627.0,2462168,234,D,1894.0,1838.0,1.8320410564838872,1.8320410564838872,1.7565422336032257,1.7899910791832652,1.8100603865312896,1.7565422336032257,4331114.812330589
2009-05-19,S*Mobarakeh Steel,1871.0,1929.0,1871.0,1882.0,3746544650.0,1969515,142,D,1873.0,1874.0,1.7880797165786917,1.843509232111328,1.7880797165786917,1.798592210903846,1.7899910791832652,1.7909467604855516,3580502.67018782
2009-05-20,S*Mobarakeh Steel,1883.0,1935.0,1880.0,1885.0,2511906357.0,1324885,172,D,1882.0,1896.0,1.7995478922061339,1.8492433199250502,1.7966808482992733,1.801459254810707,1.798592210903846,1.8119717491358627,2400581.9384803707
2009-05-23,S*Mobarakeh Steel,1941.0,1941.0,1898.0,1891.0,3006809165.0,1574071,149,D,1885.0,1909.0,1.854977407738771,1.854977407738771,1.8138831117404355,1.8071933426244289,1.801459254810707,1.8243956060655908,2873551.2985352273
2009-05-24,S*Mobarakeh Steel,1930.0,1940.0,1880.0,1884.0,12607557404.0,6692340,139,D,1891.0,1889.0,1.844464913413615,1.8540217264364838,1.7966808482992733,1.8005035735084196,1.8071933426244289,1.8052819800198547,12048806.87851091
2009-05-25,S*Mobarakeh Steel,1900.0,1900.0,1855.0,1865.0,20916597366.0,11212616,107,D,1884.0,1874.0,1.81579447434501,1.81579447434501,1.7727888157421017,1.7823456287649702,1.8005035735084196,1.7909467604855516,19989601.010148514
2009-05-26,S*Mobarakeh Steel,1895.0,1895.0,1842.0,1870.0,43530139400.0,23277384,102,D,1865.0,1862.0,1.8110160678335756,1.8110160678335756,1.7603649588123729,1.7871240352764044,1.7823456287649702,1.7794785848581094,41600940.31051999
2009-05-27,S*Mobarakeh Steel,1868.0,1924.0,1841.0,1875.0,3416449483.0,1809850,144,D,1870.0,1923.0,1.7852126726718307,1.8387308255998935,1.7594092775100856,1.7919024417878386,1.7871240352764044,1.8377751442976074,3265036.891110667
2009-05-30,S*Mobarakeh Steel,1910.0,1912.0,1860.0,1877.0,6367947727.0,3388959,181,D,1875.0,1880.0,1.8253512873678783,1.8272626499724527,1.7775672222535348,1.7938138043924114,1.7919024417878386,1.7966808482992733,6085728.576633927
2009-05-31,S*Mobarakeh Steel,1882.0,1910.0,1865.0,1882.0,15915460843.0,8457775,688,D,1877.0,1900.0,1.798592210903846,1.8253512873678783,1.7823456287649702,1.798592210903846,1.7938138043924114,1.81579447434501,15210108.344933568
2009-06-01,S*Mobarakeh Steel,1928.0,1938.0,1890.0,1903.0,56817725842.0,29855571,203,D,1882.0,1938.0,1.842553550809041,1.8521103638319096,1.8062376613221411,1.8186615182518704,1.798592210903846,1.8521103638319096,54299638.22565961
2009-06-02,S*Mobarakeh Steel,1960.0,1960.0,1960.0,1929.0,5659215800.0,2887355,121,D,1903.0,1960.0,1.87313535248222,1.87313535248222,1.87313535248222,1.843509232111328,1.8186615182518704,1.87313535248222,5408406.725666302
2009-06-03,S*Mobarakeh Steel,1986.0,1986.0,1986.0,1986.0,18599932650.0,9365525,339,D,1929.0,1986.0,1.8979830663416781,1.8979830663416781,1.8979830663416781,1.8979830663416781,1.843509232111328,1.8979830663416781,17775607.85739965
2009-06-06,S*Mobarakeh Steel,2045.0,2045.0,2009.0,2045.0,92080076321.0,45028304,1321,D,1986.0,2045.0,1.954368263176603,1.954368263176603,1.9199637362942767,1.954368263176603,1.8979830663416781,1.954368263176603,87999207.25312558
2009-06-07,S*Mobarakeh Steel,2100.0,2106.0,2045.0,2068.0,112619748590.0,54450733,964,D,2045.0,2106.0,2.006930734802379,2.0126648226161006,1.954368263176603,1.9763489331292003,1.954368263176603,2.0126648226161006,107628587.99570858
2009-06-08,S*Mobarakeh Steel,2120.0,2130.0,2100.0,2108.0,9405809014.0,4426340,253,D,2068.0,2130.0,2.026044360848117,2.035601173870985,2.006930734802379,2.014576185220674,1.9763489331292003,2.035601173870985,8988955.80756089
2009-06-09,S*Mobarakeh Steel,2171.0,2171.0,2171.0,2122.0,3097257150.0,1426650,63,D,2108.0,2171.0,2.074784107264745,2.074784107264745,2.074784107264745,2.02795572345269,2.014576185220674,2.074784107264745,2959990.746629248
2009-06-10,S*Mobarakeh Steel,2185.0,2185.0,2185.0,2156.0,7407611035.0,3390211,160,D,2122.0,2185.0,2.0881636454967616,2.0881636454967616,2.0881636454967616,2.0604488877304425,2.02795572345269,2.0881636454967616,7079315.360763223
2009-06-13,S*Mobarakeh Steel,2169.0,2220.0,2100.0,2187.0,41974902483.0,19189087,1312,D,2156.0,2142.0,2.072872744660172,2.1216124910768004,2.006930734802379,2.0900750081013353,2.0604488877304425,2.0470693494984267,40114629.46831687
2009-06-14,S*Mobarakeh Steel,2127.0,2164.0,2122.0,2122.0,47748793361.0,22498389,947,D,2187.0,2122.0,2.0327341299641235,2.0680943381487378,2.02795572345269,2.02795572345269,2.0900750081013353,2.02795572345269,45632629.021866046
2009-06-23,S*Mobarakeh Steel,1699.0,1750.0,1661.0,1695.0,25832263208.0,15236944,982,D,1522.0,1662.0,2.2637955152077,2.3317493535099922,2.2131632435314836,2.258465802399678,2.0279557234526893,2.2144956717334883,34419636.01997368
2009-06-24,S*Mobarakeh Steel,1694.0,1697.0,1645.0,1684.0,3328902588.0,2004220,223,D,1695.0,1645.0,2.257133374197671,2.26113065880369,2.191844392299392,2.2438090921776146,2.258465802399678,2.191844392299392,4435523.689980995
2009-06-27,S*Mobarakeh Steel,1634.0,1634.0,1634.0,1682.0,495802986.0,303429,30,D,1684.0,1634.0,2.1771876820773297,2.1771876820773297,2.1771876820773297,2.2411442357736044,2.2438090921776146,2.1771876820773297,660621.8811850416
2009-06-28,S*Mobarakeh Steel,1632.0,1632.0,1632.0,1681.0,230821920.0,141435,26,D,1682.0,1632.0,2.174522825673317,2.174522825673317,2.174522825673317,2.239811807571598,2.2411442357736044,2.174522825673317,307553.6358491058
2009-06-29,S*Mobarakeh Steel,1631.0,1631.0,1631.0,1680.0,194413569.0,119199,24,D,1681.0,1631.0,2.1731903974713123,2.1731903974713123,2.1731903974713123,2.238479379369592,2.239811807571598,2.1731903974713123,259042.122188183
2009-06-30,S*Mobarakeh Steel,1630.0,1630.0,1630.0,1678.0,464403300.0,284910,32,D,1680.0,1630.0,2.1718579692693063,2.1718579692693063,2.1718579692693063,2.235814522965581,2.238479379369592,2.1718579692693063,618784.0540245179
2009-07-01,S*Mobarakeh Steel,1628.0,1628.0,1628.0,1636.0,8716258276.0,5353967,155,D,1678.0,1628.0,2.1691931128652957,2.1691931128652957,2.1691931128652957,2.1798525384813408,2.235814522965581,2.1691931128652957,11613788.342908064
2009-07-04,S*Mobarakeh Steel,1587.0,1587.0,1587.0,1590.0,9464982264.0,5964072,160,D,1636.0,1587.0,2.1145635565830605,2.1145635565830605,2.1145635565830605,2.1185608411890784,2.1798525384813408,2.1145635565830605,12611409.30003745
2009-07-05,S*Mobarakeh Steel,1543.0,1613.0,1543.0,1556.0,46188493803.0,29690819,1590,D,1590.0,1610.0,2.0559367156948096,2.14920668983521,2.0559367156948096,2.0732582823208845,2.1185608411890784,2.145209405229193,61542851.75128316
2009-07-07,S*Mobarakeh Steel,1602.0,1602.0,1602.0,1585.0,6373568214.0,3978507,170,D,1556.0,1602.0,2.134549979613146,2.134549979613146,2.134549979613146,2.11189870017905,2.0732582823208845,2.134549979613146,8492322.03574076
2009-07-11,S*Mobarakeh Steel,1603.0,1617.0,1550.0,1573.0,19597245950.0,12457812,816,D,1585.0,1569.0,2.1358824078151524,2.1545364026432328,2.06526371310885,2.095909561754982,2.11189870017905,2.0905798489469585,26111923.18542218
2009-07-12,S*Mobarakeh Steel,1578.0,1579.0,1526.0,1529.0,13251292615.0,8668889,476,D,1573.0,1526.0,2.1025717027650095,2.103904130967015,2.033285436260713,2.03728272086673,2.095909561754982,2.033285436260713,17656395.99325599
2009-07-13,S*Mobarakeh Steel,1543.0,1543.0,1484.0,1503.0,7509328364.0,5017785,404,D,1529.0,1500.0,2.0559367156948096,2.0559367156948096,1.9773234517764728,2.0026395876145804,2.03728272086673,1.9986423030085643,10005640.890314998
2009-07-14,S*Mobarakeh Steel,1505.0,1539.0,1473.0,1497.0,12222109654.0,8162902,424,D,1503.0,1508.0,2.0053044440185936,2.0506070028867867,1.9626667415544108,1.994645018402547,2.0026395876145804,2.0093017286246098,16285083.590995848
2009-07-15,S*Mobarakeh Steel,1520.0,1541.0,1496.0,1530.0,10172812354.0,6649509,396,D,1497.0,1541.0,2.025290867048678,2.053271859290797,1.993312590200541,2.0386151490687365,1.994645018402547,2.053271859290797,13554542.074181689
2009-07-18,S*Mobarakeh Steel,1568.0,1575.0,1560.0,1541.0,2555857991.0,1623278,142,D,1530.0,1575.0,2.089247420744952,2.098574418158993,2.0785879951289057,2.053271859290797,2.0386151490687365,2.098574418158993,3405497.2675300543
2009-07-19,S*Mobarakeh Steel,1587.0,1587.0,1587.0,1560.0,4183852536.0,2636328,134,D,1541.0,1587.0,2.1145635565830605,2.1145635565830605,2.1145635565830605,2.0785879951289057,2.053271859290797,2.1145635565830605,5574683.11199951
2009-07-21,S*Mobarakeh Steel,1606.0,1606.0,1606.0,1589.0,6437002176.0,4008096,236,D,1560.0,1606.0,2.1398796924211694,2.1398796924211694,2.1398796924211694,2.117228412987073,2.0785879951289057,2.1398796924211694,8576843.235674517
2009-07-22,S*Mobarakeh Steel,1618.0,1635.0,1579.0,1612.0,12051498101.0,7474107,607,D,1589.0,1600.0,2.1558688308452383,2.178520110279336,2.103904130967015,2.1478742616332034,2.117228412987073,2.131885123209136,16057755.946190648
2009-07-25,S*Mobarakeh Steel,1610.0,1612.0,1595.0,1609.0,2760717231.0,1723433,169,D,1612.0,1612.0,2.145209405229193,2.1478742616332034,2.1252229821991073,2.143876977027186,2.1478742616332034,2.1478742616332034,3678457.4963475117
2009-07-26,S*Mobarakeh Steel,1600.0,1600.0,1563.0,1597.0,3943841757.0,2497511,285,D,1609.0,1570.0,2.131885123209136,2.131885123209136,2.0825852797349245,2.127887838603119,2.143876977027186,2.0919122771489644,5254885.981274549
2009-07-27,S*Mobarakeh Steel,1556.0,1573.0,1550.0,1551.0,10349016249.0,6674326,455,D,1597.0,1570.0,2.0732582823208845,2.095909561754982,2.06526371310885,2.0665961413108564,2.127887838603119,2.0919122771489644,13789321.113182943
2009-07-28,S*Mobarakeh Steel,1550.0,1579.0,1506.0,1542.0,6416998925.0,4175226,339,D,1551.0,1579.0,2.06526371310885,2.103904130967015,2.006636872220599,2.0546042874928045,2.0665961413108564,2.103904130967015,8550190.339910323
2009-07-29,S*Mobarakeh Steel,1550.0,1588.0,1550.0,1553.0,2838358839.0,1794766,124,D,1542.0,1588.0,2.06526371310885,2.115895984785067,2.06526371310885,2.0692609977148666,2.0546042874928045,2.115895984785067,3781909.3644957826
2009-08-01,S*Mobarakeh Steel,1599.0,1599.0,1581.0,1589.0,7896336870.0,4939066,319,D,1553.0,1599.0,2.130552695007129,2.130552695007129,2.1065689873710274,2.117228412987073,2.0692609977148666,2.130552695007129,10521301.938125495
2009-08-02,S*Mobarakeh Steel,1636.0,1636.0,1636.0,1617.0,6086224296.0,3720186,207,D,1589.0,1636.0,2.1798525384813408,2.1798525384813408,2.1798525384813408,2.1545364026432328,2.117228412987073,2.1798525384813408,8109456.895722749
2009-08-03,S*Mobarakeh Steel,1665.0,1665.0,1602.0,1658.0,26265137746.0,15842662,878,D,1617.0,1602.0,2.218492956339507,2.218492956339507,2.134549979613146,2.209165958925467,2.1545364026432328,2.134549979613146,34996410.26233507
2009-08-04,S*Mobarakeh Steel,1628.0,1641.0,1609.0,1637.0,5804662594.0,3580073,234,D,1658.0,1610.0,2.1691931128652957,2.186514679491369,2.143876977027186,2.1811849666833467,2.209165958925467,2.145209405229193,7734296.143373217
2009-08-05,S*Mobarakeh Steel,1623.0,1686.0,1623.0,1670.0,8278836046.0,4929741,288,D,1637.0,1686.0,2.1625309718552668,2.2464739485816265,2.1625309718552668,2.225155097349535,2.1811849666833467,2.2464739485816265,11030954.627471834
2009-08-08,S*Mobarakeh Steel,1720.0,1720.0,1720.0,1685.0,3186470280.0,1852599,100,D,1670.0,1720.0,2.29177650744982,2.29177650744982,2.29177650744982,2.24514152037962,2.225155097349535,2.29177650744982,4245742.865925031
2009-08-09,S*Mobarakeh Steel,1735.0,1735.0,1735.0,1706.0,4549117950.0,2621970,117,D,1685.0,1735.0,2.3117629304799063,2.3117629304799063,2.3117629304799063,2.2731225126217405,2.24514152037962,2.3117629304799063,6061373.050830397
2009-08-10,S*Mobarakeh Steel,1757.0,1757.0,1757.0,1757.0,35037336733.0,19941569,823,D,1706.0,1757.0,2.341076350924032,2.341076350924032,2.341076350924032,2.341076350924032,2.2731225126217405,2.341076350924032,46684735.5862198
2009-08-11,S*Mobarakeh Steel,1809.0,1809.0,1809.0,1782.0,5437398132.0,3005748,161,D,1757.0,1809.0,2.4103626174283277,2.4103626174283277,2.4103626174283277,2.374387055974174,2.341076350924032,2.4103626174283277,7244942.616609964
2009-08-12,S*Mobarakeh Steel,1835.0,1835.0,1835.0,1794.0,2715649530.0,1479918,72,D,1782.0,1835.0,2.445005750680477,2.445005750680477,2.445005750680477,2.390376194398243,2.374387055974174,2.445005750680477,3618408.020535549
2009-08-15,S*Mobarakeh Steel,1847.0,1847.0,1847.0,1821.0,6016624664.0,3257512,145,D,1794.0,1847.0,2.460994889104546,2.460994889104546,2.460994889104546,2.426351755852397,2.390376194398243,2.460994889104546,8016720.383196728
2009-08-16,S*Mobarakeh Steel,1875.0,1875.0,1875.0,1852.0,6842701875.0,3649441,153,D,1821.0,1875.0,2.4983028787607053,2.4983028787607053,2.4983028787607053,2.4676570301145744,2.426351755852397,2.4983028787607053,9117408.956167346
2009-08-17,S*Mobarakeh Steel,1907.0,1907.0,1907.0,1878.0,5703520438.0,2990834,120,D,1852.0,1907.0,2.540940581224887,2.540940581224887,2.540940581224887,2.5023001633667215,2.4676570301145744,2.540940581224887,7599531.482307156
2009-08-18,S*Mobarakeh Steel,1934.0,1934.0,1878.0,1932.0,91116674159.0,47165484,2469,D,1878.0,1934.0,2.576916142679042,2.576916142679042,2.5023001633667215,2.5742512862750306,2.5023001633667215,2.576916142679042,121406426.32241648
2009-08-19,S*Mobarakeh Steel,1948.0,1955.0,1882.0,1920.0,14065236369.0,7325706,578,D,1932.0,1890.0,2.5955701375071225,2.6048971349211625,2.5076298761747444,2.5582621478509626,2.5742512862750306,2.518289301790791,18740917.605931975
2009-08-22,S*Mobarakeh Steel,1970.0,1977.0,1950.0,1958.0,8675764276.0,4392924,261,D,1920.0,1977.0,2.624883557951248,2.6342105553652875,2.598234993911133,2.60889441952718,2.5582621478509626,2.6342105553652875,11559832.995296052
2009-08-23,S*Mobarakeh Steel,2016.0,2016.0,2016.0,1997.0,8558990496.0,4245531,207,D,1958.0,2016.0,2.6861752552435116,2.6861752552435116,2.6861752552435116,2.660859119405402,2.60889441952718,2.6861752552435116,11404240.317569233
2009-08-24,S*Mobarakeh Steel,2056.0,2056.0,2056.0,2025.0,6227809040.0,3029090,143,D,1997.0,2056.0,2.739472383323739,2.739472383323739,2.739472383323739,2.698167109061562,2.660859119405402,2.739472383323739,8298108.4016021015
2009-08-25,S*Mobarakeh Steel,2085.0,2085.0,2085.0,2061.0,7928026935.0,3802411,177,D,2025.0,2085.0,2.7781128011819045,2.7781128011819045,2.7781128011819045,2.746134524333767,2.698167109061562,2.7781128011819045,10563526.674454885
2009-08-26,S*Mobarakeh Steel,2122.0,2122.0,2122.0,2084.0,5044061904.0,2377032,119,D,2061.0,2122.0,2.827412644656116,2.827412644656116,2.827412644656116,2.7767803729798985,2.746134524333767,2.827412644656116,6720850.333552215
2009-08-29,S*Mobarakeh Steel,2146.0,2146.0,2022.0,2112.0,76767805790.0,36344526,1863,D,2084.0,2050.0,2.8593909215042532,2.8593909215042532,2.694169824455544,2.8140883626360593,2.7767803729798985,2.731477814111705,102287589.4406932
2009-08-30,S*Mobarakeh Steel,2079.0,2079.0,2049.0,2086.0,5490311434.0,2677845,224,D,2112.0,2049.0,2.7701182319698705,2.7701182319698705,2.7301453859096987,2.779445229383909,2.8140883626360593,2.7301453859096987,7315445.7924560085
2009-08-31,S*Mobarakeh Steel,2024.0,2079.0,2024.0,2028.0,47378104459.0,23362664,1465,D,2086.0,2024.0,2.6968346808595567,2.7701182319698705,2.6968346808595567,2.7021643936675797,2.779445229383909,2.6968346808595567,63127922.538744055
2009-09-01,S*Mobarakeh Steel,2020.0,2088.0,2012.0,2079.0,38995515967.0,18753686,1225,D,2028.0,2080.0,2.691504968051534,2.782110085787922,2.6808455424354882,2.7701182319698705,2.7021643936675797,2.771450660171876,51958725.22619474
2009-09-02,S*Mobarakeh Steel,2090.0,2118.0,2051.0,2082.0,18952890434.0,9102570,655,D,2079.0,2079.0,2.784774942191933,2.8220829318480924,2.73281024231371,2.774115516575888,2.7701182319698705,2.7701182319698705,25253365.723785836
2009-09-05,S*Mobarakeh Steel,2080.0,2096.0,2020.0,2030.0,23383447992.0,11516772,776,D,2082.0,2020.0,2.771450660171876,2.792769511403967,2.691504968051534,2.7048292500715903,2.774115516575888,2.691504968051534,31156765.564674586
2009-09-06,S*Mobarakeh Steel,2021.0,2040.0,1970.0,1979.0,20352269586.0,10283264,586,D,2030.0,1970.0,2.6928373962535384,2.718153532091648,2.624883557951248,2.6368754117693,2.7048292500715903,2.624883557951248,27117937.97120947
2009-09-07,S*Mobarakeh Steel,1923.0,2030.0,1920.0,1965.0,27039732606.0,13763683,901,D,1979.0,2020.0,2.5622594324569796,2.7048292500715903,2.5582621478509626,2.61822141694122,2.6368754117693,2.691504968051534,36028502.29892773
2009-09-08,S*Mobarakeh Steel,2023.0,2023.0,2023.0,2009.0,9774047626.0,4831462,215,D,1965.0,2023.0,2.6955022526575503,2.6955022526575503,2.6955022526575503,2.6768482578294712,2.61822141694122,2.6955022526575503,13023216.704629354
2009-09-09,S*Mobarakeh Steel,2069.0,2069.0,2069.0,2025.0,3431254428.0,1658412,99,D,2009.0,2069.0,2.7567939499498126,2.7567939499498126,2.7567939499498126,2.698167109061562,2.6768482578294712,2.7567939499498126,4571900.168124169
2009-09-13,S*Mobarakeh Steel,2085.0,2085.0,2085.0,2058.0,7154733795.0,3431527,156,D,2025.0,2085.0,2.7781128011819045,2.7781128011819045,2.7781128011819045,2.7421372397277493,2.698167109061562,2.7781128011819045,9533169.086301332
2009-09-14,S*Mobarakeh Steel,2119.0,2119.0,2088.0,2118.0,89924050040.0,42457911,2661,D,2058.0,2117.0,2.8234153600500984,2.8234153600500984,2.782110085787922,2.8220829318480924,2.7421372397277493,2.820750503646088,119817340.31186864
2009-09-19,S*Mobarakeh Steel,2119.0,2120.0,2061.0,2107.0,5080996578.0,2430677,278,D,2118.0,2090.0,2.8234153600500984,2.8247477882521053,2.746134524333767,2.807426221626029,2.8220829318480924,2.784774942191933,6770063.134821704
2009-09-21,S*Mobarakeh Steel,2107.0,2167.0,2073.0,2107.0,11867067969.0,5632460,554,D,2107.0,2083.0,2.807426221626029,2.8873719137463723,2.762123662757836,2.807426221626029,2.807426221626029,2.7754479447778952,15812016.037014212
2009-09-22,S*Mobarakeh Steel,2083.0,2170.0,2083.0,2164.0,40845965205.0,18871830,1324,D,2107.0,2170.0,2.7754479447778952,2.89136919835239,2.7754479447778952,2.883374629140356,2.807426221626029,2.89136919835239,54424315.977285914
2009-09-23,S*Mobarakeh Steel,2197.0,2228.0,2190.0,2224.0,28003438054.0,12593172,772,D,2164.0,2228.0,2.9273447598065445,2.968650034068722,2.9180177623925037,2.9633203212606976,2.883374629140356,2.968650034068722,37312570.616269484
2009-09-26,S*Mobarakeh Steel,2206.0,2270.0,2158.0,2208.0,30538486562.0,13828388,954,D,2224.0,2180.0,2.9393366136245946,3.024612018552961,2.8753800599283217,2.9420014700286057,2.9633203212606976,2.9046934803724467,40690340.74178119
2009-09-27,S*Mobarakeh Steel,2189.0,2189.0,2142.0,2147.0,19312324413.0,8995792,645,D,2208.0,2142.0,2.916685334190498,2.916685334190498,2.85406120869623,2.8607233497062583,2.9420014700286057,2.85406120869623,25732285.69416457
2009-09-28,S*Mobarakeh Steel,2090.0,2139.0,2083.0,2091.0,13763301562.0,6581281,528,D,2147.0,2083.0,2.784774942191933,2.8500639240902133,2.7754479447778952,2.786107370393938,2.8607233497062583,2.7754479447778952,18338611.15391804
2009-09-29,S*Mobarakeh Steel,2060.0,2147.0,2060.0,2107.0,13328998374.0,6324901,548,D,2091.0,2120.0,2.744802096131762,2.8607233497062583,2.744802096131762,2.807426221626029,2.786107370393938,2.8247477882521053,17759933.33800585
2009-09-30,S*Mobarakeh Steel,2100.0,2148.0,2050.0,2080.0,24752749496.0,11902124,601,D,2107.0,2073.0,2.79809922421199,2.8620557779082647,2.731477814111705,2.771450660171876,2.807426221626029,2.762123662757836,32981261.505653016
2009-10-03,S*Mobarakeh Steel,2142.0,2142.0,2136.0,2142.0,27066981494.0,12636625,558,D,2080.0,2142.0,2.85406120869623,2.85406120869623,2.846066639484196,2.85406120869623,2.771450660171876,2.85406120869623,36064809.48577222
2009-10-04,S*Mobarakeh Steel,2206.0,2206.0,2170.0,2203.0,100444095293.0,45586064,2112,D,2142.0,2206.0,2.9393366136245946,2.9393366136245946,2.89136919835239,2.9353393290185776,2.85406120869623,2.9393366136245946,133834545.29334213
2009-10-05,S*Mobarakeh Steel,2200.0,2230.0,2155.0,2180.0,31658865890.0,14525370,947,D,2203.0,2155.0,2.931342044412561,2.9713148904727325,2.871382775322304,2.9046934803724467,2.9353393290185776,2.871382775322304,42183165.75535258
2009-10-06,S*Mobarakeh Steel,2178.0,2178.0,2115.0,2133.0,30019228057.0,14073992,1052,D,2180.0,2132.0,2.9020286239684365,2.9020286239684365,2.8180856472420754,2.842069354878178,2.9046934803724467,2.840736926676173,39998466.065587886
2009-10-07,S*Mobarakeh Steel,2158.0,2190.0,2150.0,2173.0,16833400473.0,7746576,739,D,2133.0,2170.0,2.8753800599283217,2.9180177623925037,2.8647206343122753,2.8953664829584067,2.842069354878178,2.89136919835239,22429297.52588145
2009-10-10,S*Mobarakeh Steel,2183.0,2183.0,2108.0,2125.0,19440498544.0,9148945,728,D,2173.0,2108.0,2.908690764978464,2.908690764978464,2.8087586498280355,2.8314099292621324,2.8953664829584067,2.8087586498280355,25903068.52107653
2009-10-11,S*Mobarakeh Steel,2099.0,2099.0,2062.0,2089.0,7693179294.0,3727005,266,D,2125.0,2062.0,2.796766796009985,2.796766796009985,2.7474669525357727,2.7834425139899266,2.8314099292621324,2.7474669525357727,10250609.054411974
2009-10-12,S*Mobarakeh Steel,2027.0,2027.0,2027.0,2086.0,643542095.0,317485,48,D,2089.0,2027.0,2.7008319654655746,2.7008319654655746,2.7008319654655746,2.779445229383909,2.7834425139899266,2.7008319654655746,857473.6365558376
2009-10-13,S*Mobarakeh Steel,2024.0,2062.0,2024.0,2026.0,44089760593.0,21765356,1265,D,2086.0,2030.0,2.6968346808595567,2.7474669525357727,2.6968346808595567,2.6994995372635677,2.779445229383909,2.7048292500715903,58746440.433793195
2009-10-17,S*Mobarakeh Steel,2054.0,2054.0,1966.0,1972.0,30691933555.0,15567278,1101,D,2026.0,1967.0,2.7368075269197263,2.7368075269197263,2.6195538451432245,2.627548414355259,2.6994995372635677,2.6208862733452314,40894797.84276737
2009-10-18,S*Mobarakeh Steel,1930.0,2000.0,1914.0,1956.0,11726679308.0,5998683,560,D,1972.0,1951.0,2.571586429871019,2.66485640401142,2.550267578638929,2.606229563123168,2.627548414355259,2.5995674221131395,15624958.225855995
2009-10-19,S*Mobarakeh Steel,1988.0,2014.0,1987.0,2013.0,15199994096.0,7549335,419,D,1956.0,2014.0,2.6488672655873513,2.683510398839499,2.647534837385344,2.6821779706374933,2.606229563123168,2.683510398839499,20252900.803830687
2009-10-20,S*Mobarakeh Steel,2073.0,2073.0,2039.0,2072.0,30375878345.0,14657331,807,D,2013.0,2073.0,2.762123662757836,2.762123662757836,2.716821103889642,2.760791234555831,2.6821779706374933,2.762123662757836,40473676.9675725
2009-10-21,S*Mobarakeh Steel,2133.0,2134.0,2060.0,2118.0,27202415378.0,12841585,838,D,2072.0,2069.0,2.842069354878178,2.843401783080185,2.744802096131762,2.8220829318480924,2.760791234555831,2.7567939499498126,36245265.41232099
2009-10-24,S*Mobarakeh Steel,2099.0,2120.0,2055.0,2081.0,11487910117.0,5533676,483,D,2118.0,2060.0,2.796766796009985,2.8247477882521053,2.738139955121733,2.772783088373883,2.8220829318480924,2.744802096131762,15306815.421997508
2009-10-25,S*Mobarakeh Steel,2070.0,2070.0,2020.0,2032.0,13466040891.0,6627898,537,D,2081.0,2025.0,2.7581263781518177,2.7581263781518177,2.691504968051534,2.707494106475602,2.772783088373883,2.698167109061562,17942532.65253049
2009-10-26,S*Mobarakeh Steel,2026.0,2065.0,2020.0,2033.0,6956489941.0,3420262,383,D,2032.0,2020.0,2.6994995372635677,2.75146423714179,2.691504968051534,2.7088265346776073,2.707494106475602,2.691504968051534,9269023.384357434
2009-10-27,S*Mobarakeh Steel,2033.0,2089.0,2030.0,2054.0,9676987332.0,4694017,489,D,2033.0,2041.0,2.7088265346776073,2.7834425139899266,2.7048292500715903,2.7368075269197263,2.7088265346776073,2.7194859602936536,12893890.83160879
2009-10-28,S*Mobarakeh Steel,2060.0,2082.0,2026.0,2051.0,10906957248.0,5317873,488,D,2054.0,2053.0,2.744802096131762,2.774115516575888,2.6994995372635677,2.73281024231371,2.7368075269197263,2.7354750987177225,14532737.43530578
2009-10-31,S*Mobarakeh Steel,2050.0,2058.0,1990.0,2015.0,13458401622.0,6678316,568,D,2051.0,1990.0,2.731477814111705,2.7421372397277493,2.651532121991362,2.6848428270415057,2.73281024231371,2.651532121991362,17932353.87507218
2009-11-01,S*Mobarakeh Steel,1975.0,1997.0,1955.0,1962.0,18860057278.0,9612086,763,D,2015.0,1955.0,2.6315456989612755,2.660859119405402,2.6048971349211625,2.6142241323352025,2.6848428270415057,2.6048971349211625,25129672.208650246
2009-11-02,S*Mobarakeh Steel,1950.0,1955.0,1904.0,1906.0,27446245535.0,14399772,1009,D,1962.0,1904.0,2.598234993911133,2.6048971349211625,2.5369432966188703,2.5396081530228822,2.6142241323352025,2.5369432966188703,36570151.59000729
2009-11-03,S*Mobarakeh Steel,1880.0,1940.0,1852.0,1894.0,11901551840.0,6283461,416,D,1906.0,1913.0,2.5049650197707347,2.5849107118910766,2.4676570301145744,2.523619014598815,2.5396081530228822,2.548935150436923,15857963.319248945
2009-11-04,S*Mobarakeh Steel,1949.0,1950.0,1920.0,1948.0,12232768716.0,6276848,264,D,1894.0,1950.0,2.596902565709128,2.598234993911133,2.5582621478509626,2.5955701375071225,2.523619014598815,2.598234993911133,16299286.025811577
2009-12-15,S*Mobarakeh Steel,1749.0,1749.0,1624.0,1678.0,33396052298.0,19901653,1097,D,1948.0,1651.0,2.3304169253079867,2.3304169253079867,2.1638634000572723,2.235814522965581,2.5955701375071225,2.199838961511426,44497841.91751278
2009-12-16,S*Mobarakeh Steel,1635.0,1690.0,1620.0,1630.0,15193899033.0,9319561,591,D,1678.0,1620.0,2.178520110279336,2.251803661389649,2.1585336872492493,2.1718579692693063,2.235814522965581,2.1585336872492493,20244779.56999648
2009-12-19,S*Mobarakeh Steel,1573.0,1662.0,1573.0,1591.0,14377192209.0,9035189,524,D,1630.0,1648.0,2.095909561754982,2.2144956717334883,2.095909561754982,2.119893269391084,2.1718579692693063,2.195841676905409,19156576.364928365
2009-12-20,S*Mobarakeh Steel,1646.0,1646.0,1646.0,1626.0,5032284526.0,3057281,82,D,1591.0,1646.0,2.1931768205013986,2.1931768205013986,2.1931768205013986,2.1665282564612838,2.119893269391084,2.1931768205013986,6705157.8229593355
2009-12-21,S*Mobarakeh Steel,1682.0,1682.0,1670.0,1682.0,36298403503.0,21585734,651,D,1626.0,1682.0,2.2411442357736044,2.2411442357736044,2.225155097349535,2.2411442357736044,2.1665282564612838,2.2411442357736044,48365016.515180044
2009-12-22,S*Mobarakeh Steel,1700.0,1719.0,1625.0,1683.0,11099288266.0,6595430,610,D,1682.0,1660.0,2.2651279434097056,2.290444079247815,2.165195828259278,2.242476663975608,2.2411442357736044,2.211830815329477,14789004.70780945
2009-12-23,S*Mobarakeh Steel,1656.0,1700.0,1627.0,1671.0,6828359698.0,4091733,321,D,1683.0,1671.0,2.2065011025214565,2.2651279434097056,2.167860684663289,2.2264875255515415,2.242476663975608,2.2264875255515415,9098299.03505439
2009-12-28,S*Mobarakeh Steel,1681.0,1681.0,1613.0,1636.0,5359651620.0,3308041,234,D,1671.0,1613.0,2.239811807571598,2.239811807571598,2.14920668983521,2.1798525384813408,2.2264875255515415,2.14920668983521,7141350.971413586
2009-12-29,S*Mobarakeh Steel,1595.0,1627.0,1595.0,1620.0,3943807887.0,2457130,211,D,1636.0,1627.0,2.1252229821991073,2.167860684663289,2.1252229821991073,2.1585336872492493,2.1798525384813408,2.167860684663289,5254840.851931347
2009-12-30,S*Mobarakeh Steel,1617.0,1676.0,1616.0,1646.0,5031383882.0,3029604,296,D,1620.0,1655.0,2.1545364026432328,2.23314966656157,2.153203974441227,2.1931768205013986,2.1585336872492493,2.2051686743194496,6703957.779493769
2010-01-02,S*Mobarakeh Steel,1690.0,1703.0,1690.0,1703.0,8225866364.0,4830598,154,D,1646.0,1703.0,2.251803661389649,2.2691252280157235,2.251803661389649,2.2691252280157235,2.1931768205013986,2.2691252280157235,10960376.329323767
2010-01-03,S*Mobarakeh Steel,1762.0,1762.0,1714.0,1759.0,38683863389.0,21987690,819,D,1703.0,1720.0,2.34773849193406,2.34773849193406,2.283781938237786,2.3437412073280424,2.2691252280157235,2.29177650744982,51543470.5420398
2010-01-04,S*Mobarakeh Steel,1720.0,1780.0,1700.0,1740.0,7602860891.0,4372311,336,D,1759.0,1750.0,2.29177650744982,2.3717221995701636,2.2651279434097056,2.318425071489935,2.3437412073280424,2.3317493535099922,10130266.267094659
2010-01-05,S*Mobarakeh Steel,1751.0,1800.0,1751.0,1799.0,27007110274.0,15014701,714,D,1740.0,1800.0,2.3330817817119973,2.3983707636102776,2.3330817817119973,2.3970383354082707,2.318425071489935,2.3983707636102776,35985035.383755736
2010-01-06,S*Mobarakeh Steel,1800.0,1861.0,1800.0,1858.0,33064414087.0,17792573,743,D,1799.0,1861.0,2.3983707636102776,2.4796488839326245,2.3983707636102776,2.475651599326608,2.3970383354082707,2.4796488839326245,44055957.812313676
2010-01-09,S*Mobarakeh Steel,1923.0,1923.0,1923.0,1870.0,1650639741.0,858367,43,D,1858.0,1923.0,2.5622594324569796,2.5622594324569796,2.5622594324569796,2.491640737750677,2.475651599326608,2.5622594324569796,2199358.9422598
2010-01-10,S*Mobarakeh Steel,1935.0,1935.0,1870.0,1929.0,74333968934.0,38543262,1560,D,1870.0,1909.0,2.578248570881049,2.578248570881049,2.491640737750677,2.570254001669013,2.491640737750677,2.543605437628899,99044676.57467793
2010-01-11,S*Mobarakeh Steel,1910.0,1996.0,1903.0,1984.0,46775803412.0,23574833,1183,D,1929.0,1996.0,2.544937865830905,2.659526691203397,2.5356108684168652,2.6435375527793274,2.570254001669013,2.659526691203397,62325399.63762368
2010-01-12,S*Mobarakeh Steel,2007.0,2038.0,1929.0,1966.0,21342415109.0,10853296,797,D,1984.0,1950.0,2.674183401425459,2.7154886756876353,2.570254001669013,2.6195538451432245,2.6435375527793274,2.598234993911133,28437235.790144358
2010-01-13,S*Mobarakeh Steel,1940.0,1960.0,1902.0,1930.0,11818259748.0,6121902,481,D,1966.0,1931.0,2.5849107118910766,2.61155927593119,2.5342784402148584,2.571586429871019,2.6195538451432245,2.572918858073026,15746982.586864088
2010-01-16,S*Mobarakeh Steel,1933.0,1980.0,1911.0,1940.0,18432910206.0,9502692,605,D,1930.0,1915.0,2.5755837144770366,2.6382078399713063,2.5462702940329116,2.5849107118910766,2.571586429871019,2.5516000068409332,24560529.403513268
2010-01-17,S*Mobarakeh Steel,1969.0,1969.0,1900.0,1924.0,22368292891.0,11626510,665,D,1940.0,1911.0,2.6235511297492433,2.6235511297492433,2.5316135838108487,2.5635918606589843,2.5849107118910766,2.5462702940329116,29804144.278692223
2010-01-18,S*Mobarakeh Steel,1930.0,1938.0,1880.0,1905.0,8791130270.0,4615110,477,D,1924.0,1880.0,2.571586429871019,2.5822458554870646,2.5049650197707347,2.5382757248208767,2.5635918606589843,2.5049650197707347,11713549.89925407
2010-01-19,S*Mobarakeh Steel,1895.0,1920.0,1870.0,1895.0,8592457586.0,4535939,385,D,1905.0,1917.0,2.5249514428008197,2.5582621478509626,2.491640737750677,2.5249514428008197,2.5382757248208767,2.5542648632449465,11448832.812124297
2010-01-20,S*Mobarakeh Steel,1919.0,1935.0,1900.0,1909.0,13879926979.0,7271525,503,D,1895.0,1919.0,2.556929719648957,2.578248570881049,2.5316135838108487,2.543605437628899,2.5249514428008197,2.556929719648957,18494006.14859951
2010-01-26,S*Mobarakeh Steel,1982.0,2006.0,1938.0,1958.0,35802180394.0,18286051,1017,D,1909.0,1957.0,2.640872696375315,2.672850973223453,2.5822458554870646,2.60889441952718,2.543605437628899,2.6075619913251735,47703834.85026148
2010-01-27,S*Mobarakeh Steel,1940.0,1949.0,1920.0,1934.0,9194253288.0,4755187,422,D,1958.0,1930.0,2.5849107118910766,2.596902565709128,2.5582621478509626,2.576916142679042,2.60889441952718,2.571586429871019,12250682.377314925
2010-01-30,S*Mobarakeh Steel,1867.0,1889.0,1867.0,1867.0,39273808145.0,21030169,893,D,1934.0,1867.0,2.4876434531446603,2.5169568735887857,2.4876434531446603,2.4876434531446603,2.576916142679042,2.4876434531446603,52329529.57255953
2010-01-31,S*Mobarakeh Steel,1829.0,1870.0,1829.0,1861.0,5483931591.0,2952205,282,D,1867.0,1859.0,2.4370111814684425,2.491640737750677,2.4370111814684425,2.4796488839326245,2.4876434531446603,2.4769840275286135,7306945.109718436
2010-02-01,S*Mobarakeh Steel,1841.0,1926.0,1839.0,1883.0,6114009143.0,3229445,259,D,1861.0,1926.0,2.453000319892511,2.566256717062996,2.4503354634885,2.5089623043767517,2.4796488839326245,2.566256717062996,8146478.20945396
2010-02-02,S*Mobarakeh Steel,1948.0,1948.0,1911.0,1945.0,22570429851.0,11602071,588,D,1883.0,1916.0,2.5955701375071225,2.5955701375071225,2.5462702940329116,2.5915728529011055,2.5089623043767517,2.5529324350429388,30073477.264863927
2010-02-03,S*Mobarakeh Steel,1940.0,1989.0,1940.0,1957.0,10553926303.0,5392805,400,D,1945.0,1959.0,2.5849107118910766,2.650199693789356,2.5849107118910766,2.6075619913251735,2.5915728529011055,2.610226847729185,14062349.048007054
2010-02-06,S*Mobarakeh Steel,1926.0,1926.0,1897.0,1921.0,5974269466.0,3141101,313,D,1957.0,1906.0,2.566256717062996,2.566256717062996,2.527616299204831,2.559594576052968,2.6075619913251735,2.5396081530228822,7960285.122879994
2010-02-07,S*Mobarakeh Steel,1900.0,1910.0,1892.0,1907.0,5671209397.0,2986610,243,D,1921.0,1892.0,4.126530141611683,4.148248721304375,4.1091552778575275,4.1417331473965655,4.1721391589663375,4.1091552778575275,12317061.32426943
2010-02-08,S*Mobarakeh Steel,1899.0,1899.0,1863.0,1893.0,4488586994.0,2389613,261,D,1907.0,1863.0,4.124358283642412,4.124358283642412,4.046171396748718,4.111327135826798,4.1417331473965655,4.046171396748718,9748573.43367746
2010-02-09,S*Mobarakeh Steel,1870.0,1898.0,1860.0,1885.0,3906334610.0,2082556,177,D,1893.0,1870.0,4.061374402533603,4.122186425673142,4.039655822840907,4.0939522720726425,4.111327135826798,4.061374402533603,8484003.953361005
2010-02-10,S*Mobarakeh Steel,1880.0,1930.0,1880.0,1901.0,13742138263.0,7228331,415,D,1885.0,1892.0,4.083092982226297,4.191685880689761,4.083092982226297,4.128701999580952,4.0939522720726425,4.1091552778575275,29845972.50129722
2010-02-14,S*Mobarakeh Steel,1929.0,1967.0,1929.0,1950.0,10351410914.0,5309215,364,D,1901.0,1967.0,4.189514022720491,4.272044625552727,4.189514022720491,4.2351230400751465,4.128701999580952,4.272044625552727,22481794.286752176
2010-02-16,S*Mobarakeh Steel,1980.0,2010.0,1953.0,1986.0,9537535644.0,4802770,393,D,1950.0,1970.0,4.300278779153229,4.365434518231306,4.241638613982955,4.3133099269688415,4.2351230400751465,4.278560199460534,20714172.795611463
2010-02-17,S*Mobarakeh Steel,1950.0,1960.0,1938.0,1967.0,4992164076.0,2558796,274,D,1986.0,1948.0,4.2351230400751465,4.256841619767839,4.209060744443915,4.272044625552727,4.3133099269688415,4.230779324136609,10842271.332360541
2010-02-20,S*Mobarakeh Steel,1949.0,1990.0,1946.0,1966.0,15087616202.0,7674226,321,D,1967.0,1980.0,4.232951182105879,4.32199735884592,4.22643560819807,4.269872767583456,4.272044625552727,4.300278779153229,32768159.485590413
2010-02-21,S*Mobarakeh Steel,1980.0,2034.0,1976.0,2015.0,10044277296.0,4985179,309,D,1966.0,2034.0,4.300278779153229,4.417559109493771,4.29159134727615,4.376293808077654,4.269872767583456,4.417559109493771,21814743.690868355
2010-02-22,S*Mobarakeh Steel,2085.0,2085.0,2043.0,2083.0,68725711522.0,32991611,1299,D,2015.0,2085.0,4.528323865926504,4.528323865926504,4.437105831217194,4.523980149987969,4.376293808077654,4.528323865926504,149262484.26275915
2010-02-23,S*Mobarakeh Steel,2121.0,2155.0,2101.0,2140.0,48117756110.0,22485175,1236,D,2083.0,2140.0,4.606510752820199,4.680353923775355,4.563073593434814,4.647776054236316,4.523980149987969,4.647776054236316,104504932.07086033
2010-02-24,S*Mobarakeh Steel,2119.0,2129.0,2080.0,2101.0,14364109976.0,6838201,535,D,2140.0,2111.0,4.60216703688166,4.623885616574356,4.517464576080157,4.563073593434814,4.647776054236316,4.584792173127504,31196806.722836334
2010-02-27,S*Mobarakeh Steel,2090.0,2090.0,2043.0,2067.0,9094884834.0,4404431,393,D,2101.0,2050.0,4.53918315577285,4.53918315577285,4.437105831217194,4.489230422479656,4.563073593434814,4.452308837002079,19752798.106309455
2010-02-28,S*Mobarakeh Steel,2050.0,2100.0,2050.0,2068.0,7237180710.0,3498786,325,D,2067.0,2072.0,4.452308837002079,4.560901735465543,4.452308837002079,4.491402280448926,4.489230422479656,4.500089712326004,15718128.600055596
2010-03-01,S*Mobarakeh Steel,2085.0,2093.0,2052.0,2071.0,10794049054.0,5211609,369,D,2068.0,2065.0,4.528323865926504,4.545698729680658,4.456652552940616,4.497917854356735,4.491402280448926,4.4848867065411175,23443141.458613724
2010-03-02,S*Mobarakeh Steel,2080.0,2143.0,2080.0,2125.0,21400997558.0,10072273,680,D,2071.0,2100.0,4.517464576080157,4.654291628144123,4.517464576080157,4.615198184697276,4.497917854356735,4.560901735465543,46479927.096655264
2010-03-03,S*Mobarakeh Steel,2113.0,2145.0,2110.0,2127.0,29164147791.0,13714406,478,D,2125.0,2115.0,4.5891358890660445,4.658635344082661,4.5826203151582385,4.619541900635814,4.615198184697276,4.593479605004583,63340386.796831176
2010-03-06,S*Mobarakeh Steel,2170.0,2201.0,2161.0,2190.0,29573012865.0,13504064,827,D,2127.0,2183.0,4.712931793314396,4.780259390361742,4.69338507159097,4.7563689526997806,4.619541900635814,4.741165946914896,64228383.666154
2010-03-07,S*Mobarakeh Steel,2189.0,2189.0,2158.0,2174.0,12690452998.0,5836266,501,D,2190.0,2172.0,4.754197094730512,4.754197094730512,4.686869497683164,4.72161922519147,4.7563689526997806,4.717275509252933,27561861.47734386
2010-03-08,S*Mobarakeh Steel,2175.0,2220.0,2171.0,2195.0,25507945699.0,11623456,723,D,2174.0,2220.0,4.723791083160743,4.821524691777859,4.715103651283663,4.767228242546128,4.72161922519147,4.821524691777859,55399635.14606188
2010-03-09,S*Mobarakeh Steel,2222.0,2271.0,2222.0,2269.0,24563075601.0,10826279,613,D,2195.0,2271.0,4.8258684077164,4.932289448210595,4.8258684077164,4.9279457322720575,4.767228242546128,4.932289448210595,53347511.4937963
2010-03-10,S*Mobarakeh Steel,2290.0,2320.0,2223.0,2267.0,29721615626.0,13108913,788,D,2269.0,2240.0,4.973554749626712,5.03871048870479,4.828040265685668,4.9236020163335175,4.9279457322720575,4.864961851163247,64551127.75688725
2010-03-13,S*Mobarakeh Steel,2261.0,2319.0,2241.0,2294.0,26976594049.0,11757753,845,D,2267.0,2310.0,4.910570868517903,5.036538630735524,4.867133709132518,4.982242181503789,4.9236020163335175,5.016991909012097,58589330.7690636
2010-03-14,S*Mobarakeh Steel,2302.0,2343.0,2300.0,2320.0,22714084992.0,9791891,615,D,2294.0,2315.0,4.999617045257943,5.088663221997984,4.9952733293194065,5.03871048870479,4.982242181503789,5.027851198858443,49331766.504535556
2010-03-15,S*Mobarakeh Steel,2339.0,2339.0,2265.0,2296.0,22500706189.0,9800541,665,D,2320.0,2280.0,5.079975790120908,5.079975790120908,4.919258300394978,4.986585897442327,5.03871048870479,4.95183616993402,48868338.050766855
2010-03-16,S*Mobarakeh Steel,2216.0,2287.0,2216.0,2218.0,20483198867.0,9234365,471,D,2296.0,2216.0,4.812837259900784,4.967039175718904,4.812837259900784,4.817180975839318,4.986585897442327,4.812837259900784,44486598.69542198
2010-03-17,S*Mobarakeh Steel,2170.0,2295.0,2170.0,2253.0,26555658065.0,11786466,696,D,2218.0,2249.0,4.712931793314396,4.98441403947306,4.712931793314396,4.893196004763747,4.817180975839318,4.88450857288667,57675117.59766096
2010-03-27,S*Mobarakeh Steel,2331.0,2331.0,2331.0,2256.0,355104540.0,152340,26,D,2253.0,2331.0,5.062600926366753,5.062600926366753,5.062600926366753,4.899711578671558,4.893196004763747,5.062600926366753,771236.6251227111
2010-03-28,S*Mobarakeh Steel,2334.0,2334.0,2334.0,2256.0,14118366.0,6049,5,D,2256.0,2334.0,5.0691165002745615,5.0691165002745615,5.0691165002745615,4.899711578671558,4.899711578671558,5.0691165002745615,30663.085710160824
2010-03-29,S*Mobarakeh Steel,2334.0,2334.0,2334.0,2278.0,3103713522.0,1329783,25,D,2256.0,2334.0,5.0691165002745615,5.0691165002745615,5.0691165002745615,4.947492453995479,4.899711578671558,5.0691165002745615,6740824.9470846085
2010-03-30,S*Mobarakeh Steel,2357.0,2357.0,2357.0,2279.0,138247478.0,58654,8,D,2278.0,2357.0,5.119069233567757,5.119069233567757,5.119069233567757,4.94966431196475,4.947492453995479,5.119069233567757,300253.8868256832
2010-03-31,S*Mobarakeh Steel,2358.0,2358.0,2358.0,2286.0,943200000.0,400000,16,D,2279.0,2358.0,5.121241091537025,5.121241091537025,5.121241091537025,4.964867317749634,4.94966431196475,5.121241091537025,2048496.43661481
2010-04-03,S*Mobarakeh Steel,2366.0,2366.0,2366.0,2303.0,2452993088.0,1036768,33,D,2286.0,2366.0,5.13861595529118,5.13861595529118,5.13861595529118,5.0017889032272125,4.964867317749634,5.13861595529118,5327552.586735324
2010-04-04,S*Mobarakeh Steel,2383.0,2383.0,2383.0,2383.0,131742105620.0,55284140,646,D,2303.0,2383.0,5.175537540768756,5.175537540768756,5.175537540768756,5.175537540768756,5.0017889032272125,5.175537540768756,286125141.9791157
2010-04-05,S*Mobarakeh Steel,2466.0,2466.0,2466.0,2422.0,5431143060.0,2202410,99,D,2383.0,2466.0,5.355801752218107,5.355801752218107,5.355801752218107,5.260240001570259,5.175537540768756,5.355801752218107,11795671.337102687
2010-04-06,S*Mobarakeh Steel,2506.0,2506.0,2506.0,2469.0,6671836570.0,2662345,93,D,2422.0,2506.0,5.442676070988882,5.442676070988882,5.442676070988882,5.362317326125919,5.260240001570259,5.442676070988882,14490281.424216893
2010-04-07,S*Mobarakeh Steel,2555.0,2555.0,2555.0,2555.0,18299903895.0,7162389,118,D,2469.0,2555.0,5.549097111483078,5.549097111483078,5.549097111483078,5.549097111483078,5.362317326125919,5.549097111483078,39744792.11121818
2010-04-10,S*Mobarakeh Steel,2644.0,2644.0,2644.0,2606.0,7223019332.0,2731853,72,D,2555.0,2644.0,5.742392470748045,5.742392470748045,5.742392470748045,5.659861867915812,5.549097111483078,5.742392470748045,15687372.09839047
2010-04-11,S*Mobarakeh Steel,2697.0,2697.0,2697.0,2624.0,2549830104.0,945432,55,D,2606.0,2697.0,5.857500943119319,5.857500943119319,5.857500943119319,5.698955311362662,5.659861867915812,5.857500943119319,5537868.831655183
2010-04-12,S*Mobarakeh Steel,2715.0,2715.0,2715.0,2674.0,7055163705.0,2598587,102,D,2624.0,2715.0,5.896594386566169,5.896594386566169,5.896594386566169,5.807548209826125,5.698955311362662,5.896594386566169,15322813.517203817
2010-04-13,S*Mobarakeh Steel,2767.0,2767.0,2767.0,2767.0,14464293276.0,5227428,166,D,2674.0,2767.0,6.0095310009681695,6.0095310009681695,6.0095310009681695,6.0095310009681695,5.807548209826125,6.0095310009681695,31414390.621329054
2010-04-14,S*Mobarakeh Steel,2863.0,2863.0,2760.0,2854.0,478910462950.0,167801382,5336,D,2767.0,2863.0,6.218029366018021,6.218029366018021,5.994327995183284,6.198482644294603,6.0095310009681695,6.218029366018021,1040125505.5244107
2010-04-17,S*Mobarakeh Steel,2800.0,2859.0,2755.0,2770.0,93885311553.0,33899285,1804,D,2854.0,2761.0,6.081202313954055,6.209341934140947,5.98346870533694,6.0160465748759755,6.198482644294603,5.996499853152556,203905562.09371477
2010-04-18,S*Mobarakeh Steel,2797.0,2866.0,2791.0,2848.0,66692600667.0,23415608,1804,D,2770.0,2866.0,6.07468674004625,6.224544939925832,6.061655592230633,6.185451496478985,6.0160465748759755,6.224544939925832,144846856.2499194
2010-04-19,S*Mobarakeh Steel,2947.0,2947.0,2947.0,2939.0,12811837899.0,4347417,174,D,2848.0,2947.0,6.400465435436647,6.400465435436647,6.400465435436647,6.38309057168249,6.185451496478985,6.400465435436647,27825492.241929688
2010-04-20,S*Mobarakeh Steel,3030.0,3041.0,2900.0,3001.0,137983028158.0,45972425,2671,D,2939.0,2997.0,6.580729646885996,6.60462008454796,6.2983881108809925,6.517745765777187,6.38309057168249,6.5090583339001125,299679539.3288634
2010-04-21,S*Mobarakeh Steel,2941.0,2950.0,2896.0,2910.0,78829141343.0,27093587,1403,D,3001.0,2940.0,6.387434287621029,6.406981009344452,6.2897006790039125,6.320106690573681,6.517745765777187,6.385262429651764,171205698.83645108
2010-04-24,S*Mobarakeh Steel,2809.0,2809.0,2809.0,2809.0,21962349085.0,7818565,229,D,2910.0,2809.0,6.100749035677482,6.100749035677482,6.100749035677482,6.100749035677482,6.320106690573681,6.100749035677482,47699102.88413172
2010-04-25,S*Mobarakeh Steel,2712.0,2786.0,2711.0,2717.0,70784700504.0,26056953,1076,D,2809.0,2711.0,5.8900788126583565,6.050796302384287,5.88790695468909,5.900938102504707,6.100749035677482,5.88790695468909,153734315.89195338
2010-04-26,S*Mobarakeh Steel,2660.0,2750.0,2660.0,2712.0,56312524648.0,20760817,1429,D,2717.0,2711.0,5.777142198256356,5.972609415490593,5.777142198256356,5.8900788126583565,5.900938102504707,5.88790695468909,122302805.42643304
2010-04-27,S*Mobarakeh Steel,2716.0,2730.0,2618.0,2638.0,42812391496.0,16226066,1239,D,2712.0,2622.0,5.898766244535438,5.929172256105207,5.685924163547044,5.72936132293243,5.8900788126583565,5.694611595424122,92982433.65406512
2010-04-28,S*Mobarakeh Steel,2581.0,2618.0,2546.0,2555.0,32419916380.0,12688272,753,D,2638.0,2546.0,5.605565418684078,5.685924163547044,5.529550389759654,5.549097111483078,5.72936132293243,5.529550389759654,70411453.75294755
2010-05-01,S*Mobarakeh Steel,2560.0,2644.0,2560.0,2638.0,18043683003.0,6839472,321,D,2555.0,2644.0,5.559956401329425,5.742392470748045,5.559956401329425,5.72936132293243,5.549097111483078,5.742392470748045,39188316.72503468
2010-05-02,S*Mobarakeh Steel,2700.0,2720.0,2600.0,2663.0,25348035550.0,9517098,746,D,2638.0,2670.0,5.864016517027128,5.907453676412513,5.646830720100196,5.783657772164163,5.72936132293243,5.7988607779490495,55052333.014589176
2010-05-03,S*Mobarakeh Steel,2670.0,2670.0,2570.0,2577.0,23616286870.0,9164074,642,D,2663.0,2570.0,5.7988607779490495,5.7988607779490495,5.5816749810221165,5.596877986807003,5.783657772164163,5.5816749810221165,51291220.843159586
2010-05-04,S*Mobarakeh Steel,2551.0,2580.0,2487.0,2513.0,18912524562.0,7524416,679,D,2577.0,2500.0,5.540409679606001,5.603393560714814,5.401410769572766,5.457879076773768,5.596877986807003,5.4296449231732655,41075317.1889812
2010-05-05,S*Mobarakeh Steel,2488.0,2488.0,2426.0,2427.0,23560912890.0,9705925,599,D,2513.0,2426.0,5.4035826275420344,5.4035826275420344,5.268927433447338,5.271099291416605,5.457879076773768,5.268927433447338,51170956.42340642
2010-05-08,S*Mobarakeh Steel,2343.0,2343.0,2343.0,2372.0,7286123163.0,3109741,103,D,2427.0,2343.0,5.088663221997984,5.088663221997984,5.088663221997984,5.151647103106796,5.271099291416605,5.088663221997984,15824424.656639239
2010-05-09,S*Mobarakeh Steel,2340.0,2455.0,2340.0,2412.0,28144784453.0,11667253,685,D,2372.0,2455.0,5.082147648090175,5.331911314556147,5.082147648090175,5.238521421877567,5.151647103106796,5.331911314556147,61126474.407614924
2010-05-10,S*Mobarakeh Steel,2496.0,2496.0,2496.0,2490.0,10967438976.0,4394006,214,D,2412.0,2496.0,5.420957491296187,5.420957491296187,5.420957491296187,5.407926343480573,5.238521421877567,5.420957491296187,23819719.742500395
2010-05-11,S*Mobarakeh Steel,2577.0,2577.0,2486.0,2561.0,46985360055.0,18346525,925,D,2490.0,2530.0,5.596877986807003,5.596877986807003,5.399238911603497,5.5621282592986905,5.407926343480573,5.494800662251346,102045528.6744395
2010-05-12,S*Mobarakeh Steel,2485.0,2500.0,2472.0,2510.0,6951413753.0,2808034,225,D,2561.0,2472.0,5.397067053634226,5.4296449231732655,5.368832900033727,5.45136350286596,5.5621282592986905,5.368832900033727,15097483.357141314
2010-05-15,S*Mobarakeh Steel,2423.0,2520.0,2423.0,2444.0,58983003610.0,24136134,1069,D,2510.0,2520.0,5.262411859539532,5.473082082558653,5.262411859539532,5.308020876894185,5.45136350286596,5.473082082558653,128102706.44181874
2010-05-16,S*Mobarakeh Steel,2490.0,2526.0,2431.0,2499.0,12536459838.0,5015766,382,D,2444.0,2505.0,5.407926343480573,5.486113230374269,5.279786723293684,5.427473065203998,5.308020876894185,5.4405042130196115,27227410.205584906
2010-05-18,S*Mobarakeh Steel,2519.0,2519.0,2412.0,2438.0,13874025264.0,5690101,428,D,2499.0,2432.0,5.470910224589382,5.470910224589382,5.238521421877567,5.29498972907857,5.427473065203998,5.281958581262954,30132412.335462105
2010-05-19,S*Mobarakeh Steel,2420.0,2500.0,2390.0,2462.0,22985304212.0,9336267,604,D,2438.0,2488.0,5.255896285631722,5.4296449231732655,5.190740546553642,5.347114320341034,5.29498972907857,5.4035826275420344,49920816.12891156
2010-05-25,S*Mobarakeh Steel,2480.0,2517.0,2450.0,2485.0,51051704733.0,20543303,738,D,2462.0,2477.0,5.38620776378788,5.466566508650845,5.321052024709801,5.397067053634226,5.347114320341034,5.379692189880074,110877051.76914966
2010-05-26,S*Mobarakeh Steel,2480.0,2480.0,2399.0,2407.0,18787895603.0,7806472,519,D,2485.0,2399.0,5.38620776378788,5.38620776378788,5.210287268277066,5.22766213203122,5.397067053634226,5.210287268277066,40804640.791175306
2010-05-29,S*Mobarakeh Steel,2400.0,2490.0,2380.0,2413.0,6935121593.0,2870330,282,D,2407.0,2394.0,5.212459126246335,5.407926343480573,5.169021966860949,5.240693279846836,5.22766213203122,5.199427978430719,15062099.099608691
2010-05-30,S*Mobarakeh Steel,2400.0,2410.0,2334.0,2388.0,5415427655.0,2292418,248,D,2413.0,2348.0,5.212459126246335,5.234177705939029,5.0691165002745615,5.186396830615101,5.240693279846836,5.099522511844334,11761539.70951314
2010-05-31,S*Mobarakeh Steel,2380.0,2380.0,2307.0,2352.0,7693533093.0,3292311,258,D,2388.0,2320.0,5.169021966860949,5.169021966860949,5.010476335104291,5.108209943721409,5.186396830615101,5.03871048870479,16709261.159869185
2010-06-01,S*Mobarakeh Steel,2340.0,2400.0,2340.0,2393.0,56179543969.0,23473249,323,D,2352.0,2397.0,5.082147648090175,5.212459126246335,5.082147648090175,5.19725612046145,5.108209943721409,5.205943552338527,122013990.27898803
2010-06-02,S*Mobarakeh Steel,2399.0,2400.0,2350.0,2389.0,4952365616.0,2077131,228,D,2393.0,2389.0,5.210287268277066,5.212459126246335,5.10386622778287,5.188568688584373,5.19725612046145,5.188568688584373,10755834.729844896
2010-06-06,S*Mobarakeh Steel,2378.0,2378.0,2306.0,2309.0,11588880667.0,5019394,396,D,2389.0,2306.0,5.164678250922409,5.164678250922409,5.008304477135021,5.01482005104283,5.188568688584373,5.008304477135021,25169402.831534937
2010-06-07,S*Mobarakeh Steel,2300.0,2300.0,2232.0,2261.0,8772293546.0,3898605,334,D,2309.0,2260.0,4.9952733293194065,4.9952733293194065,4.847586987409092,4.910570868517903,5.01482005104283,4.9083990105486315,19052175.646649808
2010-06-08,S*Mobarakeh Steel,2250.0,2258.0,2211.0,2250.0,4143225744.0,1855960,218,D,2261.0,2223.0,4.886680430855939,4.904055294610094,4.801977970054437,4.886680430855939,4.910570868517903,4.828040265685668,8998497.850588152
2010-06-09,S*Mobarakeh Steel,2250.0,2257.0,2210.0,2242.0,5905016224.0,2642301,273,D,2250.0,2239.0,4.886680430855939,4.901883436640824,4.799806112085168,4.869305567101785,4.886680430855939,4.862789993193976,12824856.544758951
2010-06-12,S*Mobarakeh Steel,2249.0,2320.0,2231.0,2299.0,12488648182.0,5431881,354,D,2242.0,2295.0,4.88450857288667,5.03871048870479,4.84541512943982,4.993101471350136,4.869305567101785,4.98441403947306,27123570.079477344
2010-06-13,S*Mobarakeh Steel,2320.0,2378.0,2320.0,2342.0,8163643307.0,3462869,320,D,2299.0,2338.0,5.03871048870479,5.164678250922409,5.03871048870479,5.086491364028715,4.993101471350136,5.077803932151636,17730273.77457999
2010-06-14,S*Mobarakeh Steel,2360.0,2422.0,2360.0,2393.0,10628193512.0,4433910,455,D,2342.0,2398.0,5.125584807475562,5.260240001570259,5.125584807475562,5.19725612046145,5.086491364028715,5.208115410307796,23082926.777973536
2010-06-15,S*Mobarakeh Steel,2434.0,2440.0,2360.0,2415.0,8514480487.0,3514373,380,D,2393.0,2378.0,5.286302297201491,5.299333445017108,5.125584807475562,5.245036995785375,5.19725612046145,5.164678250922409,18492242.29987895
2010-06-16,S*Mobarakeh Steel,2360.0,2399.0,2342.0,2381.0,8139737534.0,3436685,315,D,2415.0,2342.0,5.125584807475562,5.210287268277066,5.086491364028715,5.171193824830219,5.245036995785375,5.086491364028715,17678353.830978386
2010-06-19,S*Mobarakeh Steel,2340.0,2374.0,2305.0,2367.0,3985901571.0,1701846,226,D,2381.0,2305.0,5.082147648090175,5.155990819045331,5.006132619165752,5.140787813260446,5.171193824830219,5.006132619165752,8656812.0916994
2010-06-20,S*Mobarakeh Steel,2367.0,2367.0,2289.0,2337.0,5820993787.0,2518887,228,D,2367.0,2301.0,5.140787813260446,5.140787813260446,4.971382891657444,5.075632074182368,5.140787813260446,4.997445187288673,12642371.745363072
2010-06-21,S*Mobarakeh Steel,2310.0,2317.0,2294.0,2327.0,3381613497.0,1467982,169,D,2337.0,2311.0,5.016991909012097,5.032194914796984,4.982242181503789,5.053913494489677,5.075632074182368,5.019163766981368,7344384.222448096
2010-06-22,S*Mobarakeh Steel,2325.0,2396.0,2324.0,2339.0,12373658891.0,5289691,189,D,2327.0,2328.0,5.049569778551136,5.20377169436926,5.0473979205818695,5.079975790120908,5.053913494489677,5.056085352458947,26873829.67143836
2010-06-23,S*Mobarakeh Steel,2364.0,2364.0,2306.0,2339.0,5076391482.0,2171224,197,D,2339.0,2335.0,5.134272239352639,5.134272239352639,5.008304477135021,5.079975790120908,5.079975790120908,5.07128835824383,11025201.295312526
2010-06-28,S*Mobarakeh Steel,2399.0,2445.0,2373.0,2397.0,5860877537.0,2445567,229,D,2339.0,2395.0,5.210287268277066,5.3101927348634534,5.153818961076063,5.205943552338527,5.079975790120908,5.201599836399988,12728993.585644916
2010-06-29,S*Mobarakeh Steel,2380.0,2445.0,2380.0,2413.0,12974203585.0,5377651,413,D,2397.0,2440.0,5.169021966860949,5.3101927348634534,5.169021966860949,5.240693279846836,5.205943552338527,5.299333445017108,28178127.451004658
2010-06-30,S*Mobarakeh Steel,2439.0,2450.0,2399.0,2416.0,75159415275.0,31109696,1416,D,2413.0,2399.0,5.2971615870478415,5.321052024709801,5.210287268277066,5.247208853754646,5.240693279846836,5.210287268277066,163235575.03063008
2010-07-07,S*Mobarakeh Steel,2066.0,2115.0,2050.0,2075.0,53549581711.0,25801110,1449,D,1916.0,2083.0,5.658002866313724,5.792195577083023,5.614184838307422,5.682650507067266,5.247208853754643,5.704559521070424,146652316.94614664
2010-07-11,S*Mobarakeh Steel,2101.0,2158.0,2091.0,2143.0,14320605789.0,6681831,463,D,2075.0,2158.0,5.753854802577511,5.90995652734996,5.72646853507357,5.868877126094051,5.682650507067266,5.90995652734996,39218794.09560063
2010-07-12,S*Mobarakeh Steel,2180.0,2220.0,2110.0,2171.0,18421134519.0,8486006,625,D,2143.0,2120.0,5.970206315858624,6.079751385874378,5.778502443331057,5.945558675105078,5.868877126094051,5.805888710834995,50448611.766337216
2010-07-13,S*Mobarakeh Steel,2141.0,2148.0,2103.0,2127.0,33640868496.0,15816998,377,D,2171.0,2130.0,5.863399872593264,5.882570259846021,5.759332056078296,5.825059098087748,5.945558675105078,5.833274978338932,92129782.36962779
2010-07-14,S*Mobarakeh Steel,2129.0,2153.0,2125.0,2129.0,118359929949.0,55586329,522,D,2127.0,2140.0,5.83053635158854,5.89626339359799,5.819581844586962,5.83053635158854,5.825059098087748,5.860661245842871,324143670.3330754
2010-07-17,S*Mobarakeh Steel,2140.0,2192.0,2125.0,2137.0,54158216654.0,25347598,454,D,2129.0,2154.0,5.860661245842871,6.003069836863353,5.819581844586962,5.852445365591688,5.83053635158854,5.899002020348384,148319140.8822709
2010-07-18,S*Mobarakeh Steel,2161.0,2170.0,2137.0,2146.0,8182774676.0,3809028,327,D,2137.0,2145.0,5.91817240760114,5.942820048354687,5.852445365591688,5.877093006345234,5.852445365591688,5.8743543795948385,22409565.620139085
2010-07-19,S*Mobarakeh Steel,2160.0,2166.0,2140.0,2151.0,9814313433.0,4563252,302,D,2146.0,2151.0,5.91543378085075,5.93186554135311,5.860661245842871,5.890786140097205,5.877093006345234,5.890786140097205,26877741.30436365
2010-07-20,S*Mobarakeh Steel,2159.0,2165.0,2140.0,2153.0,8867381987.0,4117283,354,D,2151.0,2140.0,5.912695154100355,5.929126914602717,5.860661245842871,5.89626339359799,5.890786140097205,5.860661245842871,24284449.51555891
2010-07-21,S*Mobarakeh Steel,2150.0,2230.0,2150.0,2187.0,19880228922.0,9088567,860,D,2153.0,2180.0,5.888047513346808,6.107137653378318,5.888047513346808,5.9893767031113825,5.89626339359799,5.970206315858624,54444526.72974299
2010-07-24,S*Mobarakeh Steel,2250.0,2274.0,2241.0,2271.0,32164435409.0,14165491,833,D,2187.0,2274.0,6.161910188386194,6.22763723039565,6.137262547632654,6.219421350144466,5.9893767031113825,6.22763723039565,88086383.22240299
2010-07-25,S*Mobarakeh Steel,2328.0,2358.0,2300.0,2329.0,94101829389.0,40398663,1236,D,2271.0,2351.0,6.375523074916918,6.457681877428732,6.298841525905891,6.378261701667311,6.219421350144466,6.4385114901759755,257709787.22571486
2010-07-26,S*Mobarakeh Steel,2360.0,2379.0,2290.0,2322.0,25291769213.0,10892722,745,D,2329.0,2300.0,6.463159130929519,6.515193039187006,6.27145525840195,6.359091314414554,6.378261701667311,6.298841525905891,69264715.73150977
2010-07-28,S*Mobarakeh Steel,2349.0,2370.0,2300.0,2339.0,15486634361.0,6619858,407,D,2322.0,2349.0,6.433034236675185,6.490545398433459,6.298841525905891,6.40564796917125,6.359091314414554,6.433034236675185,42412111.13460339
2010-07-31,S*Mobarakeh Steel,2363.0,2432.0,2363.0,2412.0,17080201493.0,7082764,498,D,2339.0,2418.0,6.471375011180703,6.660340256957879,6.471375011180703,6.605567721950001,6.40564796917125,6.621999482452363,46776296.710847035
2010-08-01,S*Mobarakeh Steel,2413.0,2499.0,2413.0,2458.0,54345641485.0,22105504,1271,D,2412.0,2468.0,6.608306348700394,6.843828249234269,6.608306348700394,6.731544552468118,6.605567721950001,6.758930819972057,148832427.53813556
2010-08-02,S*Mobarakeh Steel,2550.0,2556.0,2531.0,2554.0,26628230870.0,10426096,411,D,2458.0,2556.0,6.983498213504356,6.999929974006717,6.931464305246874,6.994452720505932,6.731544552468118,6.999929974006717,72924785.37624568
2010-08-03,S*Mobarakeh Steel,2656.0,2656.0,2590.0,2637.0,61657729609.0,23384438,1086,D,2554.0,2592.0,7.273792649046104,7.273792649046104,7.09304328352011,7.221758740788619,6.994452720505932,7.098520537020897,168857507.67575926
2010-08-04,S*Mobarakeh Steel,2600.0,2700.0,2580.0,2640.0,43810314741.0,16597088,1134,D,2637.0,2629.0,7.1204295510240465,7.394292226063435,7.065657016016174,7.229974621039804,7.221758740788619,7.199849726785468,119980099.8928772
2010-08-07,S*Mobarakeh Steel,2602.0,2710.0,2602.0,2689.0,30053259776.0,11177249,608,D,2640.0,2653.0,7.125906804524836,7.421678493567372,7.125906804524836,7.364167331809102,7.229974621039804,7.265576768794921,82304661.1590895
2010-08-08,S*Mobarakeh Steel,2671.0,2690.0,2610.0,2658.0,32681293224.0,12295814,787,D,2689.0,2633.0,7.314872050302013,7.366905958559496,7.147815818527986,7.279269902546892,7.364167331809102,7.210804233787047,89501863.86071214
2010-08-09,S*Mobarakeh Steel,2620.0,2636.0,2552.0,2575.0,26503293118.0,10294157,803,D,2658.0,2552.0,7.175202086031924,7.219020114038226,6.988975467005141,7.051963882264201,7.279269902546892,6.988975467005141,72582627.50648443
2010-08-10,S*Mobarakeh Steel,2520.0,2619.0,2520.0,2575.0,25864299975.0,10045162,618,D,2575.0,2580.0,6.90133941099254,7.1724634592815315,6.90133941099254,7.051963882264201,7.051963882264201,7.065657016016174,70832663.79174635
2010-08-11,S*Mobarakeh Steel,2591.0,2629.0,2576.0,2602.0,32596069163.0,12528825,550,D,2575.0,2579.0,7.095781910270505,7.199849726785468,7.0547025090145965,7.125906804524836,7.051963882264201,7.062918389265778,89268466.96748032
2010-08-14,S*Mobarakeh Steel,2583.0,2583.0,2498.0,2521.0,10226937819.0,4077836,205,D,2602.0,2498.0,7.073872896267353,7.073872896267353,6.841089622483873,6.904078037742933,7.125906804524836,6.841089622483873,28007765.485728074
2010-08-15,S*Mobarakeh Steel,2431.0,2520.0,2430.0,2446.0,13847217266.0,5661717,421,D,2521.0,2439.0,6.657601630207485,6.90133941099254,6.6548630034570895,6.698681031463392,6.904078037742933,6.679510644210639,37922359.62318339
2010-08-16,S*Mobarakeh Steel,2432.0,2543.0,2432.0,2514.0,9764067260.0,3860118,341,D,2446.0,2543.0,6.660340256957879,6.964327826251598,6.660340256957879,6.8849076504901765,6.698681031463392,6.964327826251598,26740135.790880926
2010-08-17,S*Mobarakeh Steel,2597.0,2600.0,2564.0,2566.0,9579992651.0,3713426,300,D,2514.0,2570.0,7.112213670772866,7.1204295510240465,7.021838988009869,7.027316241510657,6.8849076504901765,7.038270748512231,26236024.142605238
2010-08-18,S*Mobarakeh Steel,2590.0,2620.0,2570.0,2591.0,46099680106.0,17790334,557,D,2566.0,2590.0,7.09304328352011,7.175202086031924,7.038270748512231,7.095781910270505,7.027316241510657,7.09304328352011,126249817.12289146
2010-08-21,S*Mobarakeh Steel,2544.0,2590.0,2510.0,2560.0,6361153789.0,2512191,211,D,2591.0,2510.0,6.967066453001993,7.09304328352011,6.873953143488602,7.010884481008294,7.095781910270505,6.873953143488602,17420825.929924693
2010-08-22,S*Mobarakeh Steel,2524.0,2530.0,2480.0,2540.0,5147707112.0,2047927,221,D,2560.0,2510.0,6.9122939179941145,6.928725678496478,6.791794340976784,6.956111946000415,7.010884481008294,6.873953143488602,14097648.400115946
2010-08-23,S*Mobarakeh Steel,2570.0,2641.0,2570.0,2620.0,15972623810.0,6097488,398,D,2540.0,2637.0,7.038270748512231,7.232713247790197,7.038270748512231,7.175202086031924,6.956111946000415,7.221758740788619,43743054.840043955
2010-08-24,S*Mobarakeh Steel,2639.0,2650.0,2581.0,2618.0,19026290160.0,7267479,493,D,2620.0,2650.0,7.227235994289409,7.257360888543745,7.0683956427665615,7.169724832531137,7.175202086031924,7.257360888543745,52105907.19293155
2010-08-25,S*Mobarakeh Steel,2620.0,2680.0,2600.0,2649.0,19692989543.0,7434108,483,D,2618.0,2630.0,7.175202086031924,7.339519691055554,7.1204295510240465,7.254622261793346,7.169724832531137,7.202588353535862,53931747.95768644
2010-08-28,S*Mobarakeh Steel,2640.0,2700.0,2630.0,2673.0,11940555414.0,4464210,306,D,2649.0,2694.0,7.229974621039804,7.394292226063435,7.202588353535862,7.320349303802799,7.254622261793346,7.377860465561076,32700724.471340694
2010-08-29,S*Mobarakeh Steel,2700.0,2779.0,2699.0,2762.0,38501862316.0,13941422,718,D,2673.0,2779.0,7.394292226063435,7.610643739344551,7.391553599313042,7.564087084587856,7.320349303802799,7.610643739344551,105442230.07857907
2010-08-30,S*Mobarakeh Steel,2839.0,2872.0,2763.0,2851.0,51528946946.0,18074914,941,D,2762.0,2770.0,7.774961344368184,7.865336027131179,7.566825711338249,7.8078248653729085,7.564087084587856,7.585996098591001,141118552.52594185
2010-08-31,S*Mobarakeh Steel,2805.0,2900.0,2799.0,2840.0,42611712032.0,15006467,1046,D,2851.0,2869.0,7.681848034854791,7.942017576142212,7.665416274352424,7.777699971118577,7.8078248653729085,7.857120146879998,116697574.45091534
2010-09-04,S*Mobarakeh Steel,2915.0,2953.0,2915.0,2951.0,60627169707.0,20544788,844,D,2840.0,2953.0,7.983096977398119,8.087164793913082,7.983096977398119,8.081687540412297,7.777699971118577,8.087164793913082,166035188.76025876
2010-09-05,S*Mobarakeh Steel,3001.0,3069.0,2974.0,3031.0,111376600516.0,36744193,1244,D,2951.0,2998.0,8.218618877931986,8.40484549695877,8.144675955671351,8.3007776804438,8.081687540412297,8.210402997680808,305018937.54104877
2010-09-06,S*Mobarakeh Steel,3152.0,3152.0,3050.0,3119.0,81220481406.0,26039709,1364,D,3031.0,3065.0,8.632151517241462,8.632151517241462,8.352811588701286,8.541776834478464,8.3007776804438,8.393890989957194,222432583.0583391
2010-09-07,S*Mobarakeh Steel,3040.0,3099.0,2995.0,3004.0,72878757757.0,24261024,961,D,3119.0,2995.0,8.325425321197345,8.487004299470588,8.202187117429625,8.226834758183172,8.541776834478464,8.202187117429625,199587715.5287946
2010-09-08,S*Mobarakeh Steel,2930.0,3017.0,2900.0,2974.0,25057491822.0,8424538,630,D,3004.0,2966.0,8.024176378654026,8.262436905938289,7.942017576142212,8.144675955671351,8.226834758183172,8.122766941668203,68623117.40150474
2010-09-12,S*Mobarakeh Steel,2913.0,2960.0,2899.0,2931.0,15336208164.0,5231943,392,D,2974.0,2925.0,7.977619723897328,8.106335181165838,7.9392789493918166,8.026915005404417,8.144675955671351,8.010483244902053,42000149.92753916
2010-09-13,S*Mobarakeh Steel,2911.0,2913.0,2814.0,2829.0,49475167306.0,17487690,625,D,2931.0,2820.0,7.972142470396539,7.977619723897328,7.706495675608332,7.747575076864244,8.026915005404417,7.7229274361107025,135494016.6644236
2010-09-14,S*Mobarakeh Steel,2830.0,2884.0,2773.0,2801.0,14746691126.0,5264085,367,D,2829.0,2799.0,7.750313703614636,7.898199548135906,7.594211978842187,7.670893527853215,7.747575076864244,7.665416274352424,40385682.797459416
2010-09-15,S*Mobarakeh Steel,2810.0,2828.0,2773.0,2788.0,13857012509.0,4969602,307,D,2801.0,2790.0,7.695541168606758,7.744836450113848,7.594211978842187,7.635291380098091,7.670893527853215,7.640768633598882,37949185.13768982
2010-09-18,S*Mobarakeh Steel,2777.0,2799.0,2731.0,2778.0,7894501019.0,2849048,249,D,2788.0,2750.0,7.605166485843759,7.665416274352424,7.479189655325644,7.607905112594156,7.635291380098091,7.531223563583128,21620091.671645023
2010-09-19,S*Mobarakeh Steel,2774.0,2780.0,2667.0,2692.0,21455465755.0,7971443,602,D,2778.0,2690.0,7.5969506055925775,7.613382366094946,7.303917543300437,7.372383212060283,7.607905112594156,7.366905958559496,58758512.45880251
2010-09-20,S*Mobarakeh Steel,2689.0,2690.0,2621.0,2652.0,12004000960.0,4529388,336,D,2692.0,2690.0,7.364167331809102,7.366905958559496,7.17794071278232,7.262838142044531,7.372383212060283,7.366905958559496,32874478.14080963
2010-09-21,S*Mobarakeh Steel,2679.0,2758.0,2640.0,2726.0,10837761564.0,3954197,305,D,2652.0,2758.0,7.336781064305168,7.553132577586277,7.229974621039804,7.465496521573675,7.262838142044531,7.553132577586277,29680583.73356085
2010-09-22,S*Mobarakeh Steel,2835.0,2835.0,2800.0,2827.0,25787456173.0,9120985,555,D,2726.0,2824.0,7.764006837366605,7.764006837366605,7.668154901102817,7.742097823363457,7.465496521573675,7.733881943112274,70622217.29998721
2010-09-25,S*Mobarakeh Steel,2800.0,2849.0,2759.0,2807.0,15239996350.0,5428464,320,D,2827.0,2800.0,7.668154901102817,7.80234761187212,7.555871204336674,7.687325288355574,7.742097823363457,7.668154901102817,41736661.68001485
2010-09-26,S*Mobarakeh Steel,2800.0,2819.0,2695.0,2708.0,16247398434.0,5998795,316,D,2807.0,2730.0,7.668154901102817,7.720188809360304,7.380599092311466,7.416201240066585,7.687325288355574,7.476451028575251,44495559.97565978
2010-09-27,S*Mobarakeh Steel,2690.0,2710.0,2661.0,2693.0,6463621145.0,2413626,262,D,2708.0,2710.0,7.366905958559496,7.421678493567372,7.287485782798071,7.375121838810677,7.416201240066585,7.421678493567372,17701445.772108413
2010-09-28,S*Mobarakeh Steel,2698.0,2720.0,2670.0,2697.0,13530808749.0,5017800,322,D,2693.0,2684.0,7.388814972562647,7.449064761071311,7.31213342355162,7.386076345812251,7.375121838810677,7.3504741980571335,37055834.79447476
2010-09-29,S*Mobarakeh Steel,2700.0,2750.0,2681.0,2718.0,14687087372.0,5403265,300,D,2697.0,2714.0,7.394292226063435,7.531223563583128,7.342258317805951,7.443587507570526,7.386076345812251,7.432633000568948,40222450.362331115
2010-10-02,S*Mobarakeh Steel,2710.0,2750.0,2671.0,2704.0,28478297375.0,10530826,281,D,2718.0,2703.0,7.421678493567372,7.531223563583128,7.314872050302013,7.405246733065008,7.443587507570526,7.402508106314619,77991426.99684638
2010-10-03,S*Mobarakeh Steel,2662.0,2730.0,2662.0,2700.0,20236049947.0,7494048,190,D,2704.0,2700.0,7.2902244095484665,7.476451028575251,7.2902244095484665,7.394292226063435,7.405246733065008,7.394292226063435,55418987.70716055
2010-10-05,S*Mobarakeh Steel,2700.0,2719.0,2700.0,2703.0,9683340842.0,3581224,169,D,2700.0,2701.0,7.394292226063435,7.446326134320918,7.394292226063435,7.402508106314619,7.394292226063435,7.397030852813827,26519056.263082653
2010-10-06,S*Mobarakeh Steel,2701.0,2714.0,2680.0,2700.0,5936628921.0,2201628,191,D,2703.0,2680.0,7.397030852813827,7.432633000568948,7.339519691055554,7.394292226063435,7.402508106314619,7.339519691055554,16258210.770212466
2010-10-09,S*Mobarakeh Steel,2700.0,2789.0,2700.0,2746.0,17502217191.0,6372968,317,D,2700.0,2750.0,7.394292226063435,7.638030006848489,7.394292226063435,7.520269056581551,7.394292226063435,7.531223563583128,47932040.19047597
2010-10-10,S*Mobarakeh Steel,2750.0,2800.0,2675.0,2747.0,20680664519.0,7527308,308,D,2746.0,2679.0,7.531223563583128,7.668154901102817,7.325826557303588,7.523007683331949,7.520269056581551,7.336781064305168,56636621.06765464
2010-10-11,S*Mobarakeh Steel,2695.0,2737.0,2680.0,2707.0,12679098069.0,4683800,317,D,2747.0,2691.0,7.380599092311466,7.4956214158280074,7.339519691055554,7.413462613316191,7.523007683331949,7.36964458530989,34723317.1426306
2010-10-12,S*Mobarakeh Steel,2698.0,2730.0,2599.0,2608.0,24546935141.0,9412355,310,D,2707.0,2599.0,7.388814972562647,7.476451028575251,7.117690924273652,7.142338565027199,7.413462613316191,7.117690924273652,67224893.21732578
2010-10-13,S*Mobarakeh Steel,2510.0,2511.0,2504.0,2520.0,10068318034.0,4019641,173,D,2608.0,2504.0,6.873953143488602,6.876691770238995,6.8575213829862385,6.90133941099254,7.142338565027199,6.8575213829862385,27573365.099385362
2010-10-16,S*Mobarakeh Steel,2450.0,2594.0,2437.0,2516.0,4817124235.0,1919828,234,D,2520.0,2545.0,6.709635538464968,7.103997790521685,6.674033390709846,6.890384903990965,6.90133941099254,6.969805079752385,13192305.289941575
2010-10-17,S*Mobarakeh Steel,2559.0,2600.0,2501.0,2530.0,2603691631.0,1008659,153,D,2516.0,2580.0,7.008145854257896,7.1204295510240465,6.849305502735057,6.928725678496478,6.890384903990965,7.065657016016174,7130539.550433229
2010-10-18,S*Mobarakeh Steel,2601.0,2631.0,2591.0,2596.0,8467507199.0,3222299,210,D,2530.0,2617.0,7.123168177774442,7.205326980286256,7.095781910270505,7.109475044022475,6.928725678496478,7.166986205780742,23189341.724334024
2010-10-19,S*Mobarakeh Steel,2601.0,2670.0,2500.0,2588.0,6143231538.0,2380336,192,D,2596.0,2500.0,7.123168177774442,7.31213342355162,6.846566875984661,7.087566030019322,7.109475044022475,6.846566875984661,16824018.223830048
2010-10-20,S*Mobarakeh Steel,2580.0,2580.0,2500.0,2580.0,1479605953.0,587194,83,D,2588.0,2532.0,7.065657016016174,7.065657016016174,6.846566875984661,7.065657016016174,7.087566030019322,6.934202931997263,4052088.4429278066
2010-10-23,S*Mobarakeh Steel,2560.0,2650.0,2550.0,2590.0,3225291647.0,1232323,99,D,2580.0,2580.0,7.010884481008294,7.257360888543745,6.983498213504356,7.09304328352011,7.065657016016174,7.065657016016174,8832869.982296087
2010-10-26,S*Mobarakeh Steel,2598.0,2598.0,2525.0,2537.0,1928620380.0,760199,63,D,2590.0,2530.0,7.114952297523263,7.114952297523263,6.915032544744505,6.9478960657492355,7.09304328352011,6.928725678496478,5281771.36402278
2010-10-27,S*Mobarakeh Steel,2530.0,2600.0,2513.0,2544.0,14729844221.0,5790668,164,D,2537.0,2590.0,6.928725678496478,7.1204295510240465,6.882169023739783,6.967066453001993,6.9478960657492355,7.09304328352011,40339545.41276508
2010-10-30,S*Mobarakeh Steel,2580.0,2625.0,2574.0,2561.0,3564151091.0,1370034,113,D,2544.0,2610.0,7.065657016016174,7.188895219783894,7.049225255513807,7.013623107758683,6.967066453001993,7.147815818527986,9760879.52025808
2010-10-31,S*Mobarakeh Steel,2562.0,2619.0,2501.0,2558.0,1683490283.0,663794,95,D,2561.0,2521.0,7.016361734509081,7.1724634592815315,6.849305502735057,7.005407227507504,7.013623107758683,6.904078037742933,4610451.523051937
2010-11-01,S*Mobarakeh Steel,2550.0,2550.0,2470.0,2551.0,1652650912.0,659256,92,D,2558.0,2490.0,6.983498213504356,6.983498213504356,6.76440807347285,6.986236840254749,7.005407227507504,6.819180608480722,4525993.996666017
2010-11-02,S*Mobarakeh Steel,2500.0,2550.0,2449.0,2525.0,4470329059.0,1800025,152,D,2551.0,2500.0,6.846566875984661,6.983498213504356,6.706896911714574,6.915032544744505,6.986236840254749,6.846566875984661,12242562.744040431
2010-11-03,S*Mobarakeh Steel,2549.0,2549.0,2471.0,2529.0,11322442738.0,4475921,93,D,2525.0,2503.0,6.980759586753962,6.980759586753962,6.76714670022324,6.925987051746082,6.915032544744505,6.854782756235843,31007944.562089548
2010-11-06,S*Mobarakeh Steel,2540.0,2590.0,2530.0,2541.0,5189357228.0,2028595,132,D,2529.0,2550.0,6.956111946000415,7.09304328352011,6.928725678496478,6.958850572750808,6.925987051746082,6.983498213504356,14211712.521950554
2010-11-07,S*Mobarakeh Steel,2540.0,2540.0,2481.0,2532.0,2599088200.0,1039834,96,D,2541.0,2500.0,6.956111946000415,6.956111946000415,6.794532967727178,6.934202931997263,6.958850572750808,6.846566875984661,7117932.471153039
2010-11-08,S*Mobarakeh Steel,2476.0,2489.0,2461.0,2514.0,3309852179.0,1340537,139,D,2532.0,2470.0,6.7808398339752065,6.81644198173033,6.739760432719299,6.8849076504901765,6.934202931997263,6.76440807347285,9064449.717258822
2010-11-09,S*Mobarakeh Steel,2499.0,2529.0,2474.0,2510.0,2686520388.0,1076067,96,D,2514.0,2510.0,6.843828249234269,6.925987051746082,6.775362580474421,6.873953143488602,6.8849076504901765,6.873953143488602,7357376.600055306
2010-11-10,S*Mobarakeh Steel,2510.0,2510.0,2494.0,2508.0,2445235304.0,977312,115,D,2510.0,2500.0,6.873953143488602,6.873953143488602,6.830135115482299,6.868475889987811,6.873953143488602,6.846566875984661,6696586.8145418735
2010-11-13,S*Mobarakeh Steel,2500.0,2519.0,2472.0,2503.0,2176074807.0,876589,126,D,2508.0,2499.0,6.846566875984661,6.898600784242143,6.769885326973634,6.854782756235843,6.868475889987811,6.843828249234269,5959456.677308366
2010-11-16,S*Mobarakeh Steel,2500.0,2500.0,2451.0,2496.0,5319998679.0,2139101,122,D,2503.0,2460.0,6.846566875984661,6.846566875984661,6.712374165215362,6.835612368983084,6.854782756235843,6.737021805968908,14569490.694369422
2010-11-20,S*Mobarakeh Steel,2461.0,2487.0,2424.0,2475.0,22800817820.0,9212959,135,D,2496.0,2440.0,6.739760432719299,6.810964728229542,6.63843124295473,6.778101207224817,6.835612368983084,6.68224927096103,62442929.61270912
2010-11-21,S*Mobarakeh Steel,2440.0,2500.0,2430.0,2493.0,14030417318.0,5627295,236,D,2475.0,2489.0,6.68224927096103,6.846566875984661,6.6548630034570895,6.827396488731903,6.778101207224817,6.81644198173033,38424076.18626414
2010-11-22,S*Mobarakeh Steel,2490.0,2568.0,2490.0,2520.0,56272390660.0,22333229,174,D,2493.0,2508.0,6.819180608480722,7.0327934950114415,6.819180608480722,6.90133941099254,6.827396488731903,6.868475889987811,154109074.37008983
2010-11-23,S*Mobarakeh Steel,2520.0,2550.0,2501.0,2518.0,2504299206.0,996828,103,D,2520.0,2548.0,6.90133941099254,6.983498213504356,6.849305502735057,6.895862157491752,6.90133941099254,6.978020960003566,6858340.796541717
2010-11-24,S*Mobarakeh Steel,2500.0,2560.0,2500.0,2534.0,14946841904.0,5899605,160,D,2518.0,2542.0,6.846566875984661,7.010884481008294,6.846566875984661,6.939680185498055,6.895862157491752,6.961589199501203,40933821.072202355
2010-11-27,S*Mobarakeh Steel,2557.0,2634.0,2555.0,2564.0,6682862009.0,2580318,165,D,2534.0,2560.0,7.00266860075711,7.213542860537436,6.997191347256323,7.021838988009869,6.939680185498055,7.010884481008294,18301864.667038277
2011-01-26,S*Mobarakeh Steel,2666.0,2666.0,2666.0,2566.0,205066054.0,76919,8,D,2564.0,2666.0,7.301178916550042,7.301178916550042,7.301178916550042,7.027316241510657,7.021838988009869,7.301178916550042,561599.3810821128
2011-01-29,S*Mobarakeh Steel,2668.0,2668.0,2668.0,2568.0,202733316.0,75987,5,D,2566.0,2668.0,7.3066561700508315,7.3066561700508315,7.3066561700508315,7.0327934950114415,7.027316241510657,7.3066561700508315,555210.8823936523
2011-01-30,S*Mobarakeh Steel,2670.0,2670.0,2670.0,2570.0,225438780.0,84434,8,D,2568.0,2670.0,7.31213342355162,7.31213342355162,7.31213342355162,7.038270748512231,7.0327934950114415,7.31213342355162,617392.6734841578
2011-01-31,S*Mobarakeh Steel,2672.0,2672.0,2672.0,2672.0,24316749760.0,9100580,165,D,2570.0,2672.0,7.317610677052405,7.317610677052405,7.317610677052405,7.317610677052405,7.038270748512231,7.317610677052405,66594501.375369586
2011-02-01,S*Mobarakeh Steel,2778.0,2778.0,2778.0,2778.0,33614588952.0,12100284,236,D,2672.0,2778.0,7.607905112594156,7.607905112594156,7.607905112594156,7.607905112594156,7.317610677052405,7.607905112594156,92057812.50744128
2011-02-05,S*Mobarakeh Steel,3000.0,3120.0,3000.0,3120.0,192219760920.0,61609211,1192,D,2778.0,3120.0,8.215880251181593,8.544515461228853,8.215880251181593,8.544515461228853,7.607905112594156,8.544515461228853,526418179.2098252
2011-02-06,S*Mobarakeh Steel,3244.0,3244.0,3190.0,3241.0,405530743660.0,125114401,5721,D,3120.0,3244.0,8.884105178277693,8.884105178277693,8.73621933375643,8.875889298026518,8.544515461228853,8.884105178277693,1110597342.6943934
2011-02-19,S*Mobarakeh Steel,2200.0,2240.0,2172.0,2204.0,57690119717.0,26174531,1658,D,2291.0,2190.0,6.024978850866502,6.134523920882257,5.948297301855473,6.03593335786808,6.274193885152344,5.997592583362563,157991705.09040076
2011-02-20,S*Mobarakeh Steel,2194.0,2194.0,2140.0,2165.0,29851064516.0,13789877,1116,D,2204.0,2150.0,6.0085470903641385,6.0085470903641385,5.860661245842871,5.929126914602717,6.03593335786808,5.888047513346808,81750923.81125067
2011-02-22,S*Mobarakeh Steel,2140.0,2158.0,2100.0,2140.0,25662806358.0,11989484,810,D,2165.0,2129.0,5.860661245842871,5.90995652734996,5.751116175827115,5.860661245842871,5.929126914602717,5.83053635158854,70280847.98219654
2011-02-23,S*Mobarakeh Steel,2152.0,2225.0,2149.0,2181.0,53323348534.0,24454283,1006,D,2140.0,2225.0,5.893524766847598,6.09344451962635,5.885308886596413,5.972944942609017,5.860661245842871,6.09344451962635,146032748.71578786
2011-02-26,S*Mobarakeh Steel,2268.0,2268.0,2220.0,2266.0,42517133508.0,18760603,589,D,2181.0,2268.0,6.211205469893286,6.211205469893286,6.079751385874378,6.205728216392496,5.972944942609017,6.211205469893286,116438559.17507614
2011-02-27,S*Mobarakeh Steel,2356.0,2356.0,2320.0,2345.0,72371695200.0,30858299,1679,D,2266.0,2330.0,6.452204623927947,6.452204623927947,6.353614060913765,6.422079729673612,6.205728216392496,6.381000328417704,198199060.4460712
2011-02-28,S*Mobarakeh Steel,2340.0,2340.0,2252.0,2274.0,17020030633.0,7485814,707,D,2345.0,2252.0,6.408386595921641,6.408386595921641,6.167387441886983,6.22763723039565,6.422079729673612,6.167387441886983,46611511.18405682
2011-03-01,S*Mobarakeh Steel,2248.0,2248.0,2189.0,2227.0,8190894597.0,3700492,423,D,2274.0,2190.0,6.156432934885407,6.156432934885407,5.99485395661217,6.098921773127137,6.22763723039565,5.997592583362563,22431803.05300078
2011-03-02,S*Mobarakeh Steel,2228.0,2316.0,2228.0,2281.0,19582261922.0,8583188,645,D,2227.0,2269.0,6.101660399877532,6.34265955391219,6.101660399877532,6.246807617648404,6.098921773127137,6.21394409664368,53628506.33280839
2011-03-05,S*Mobarakeh Steel,2317.0,2338.0,2280.0,2308.0,16123563925.0,6986855,583,D,2281.0,2280.0,6.345398180662586,6.402909342420853,6.244068990898013,6.320750539909039,6.246807617648404,6.244068990898013,44156423.47669048
2011-03-06,S*Mobarakeh Steel,2310.0,2354.0,2300.0,2318.0,8964717915.0,3862921,441,D,2308.0,2300.0,6.326227793409825,6.446727370427155,6.298841525905891,6.3481368074129785,6.320750539909039,6.298841525905891,24551016.29175411
2011-03-07,S*Mobarakeh Steel,2303.0,2330.0,2284.0,2322.0,208274278298.0,89697529,924,D,2318.0,2296.0,6.30705740615707,6.381000328417704,6.255023497899587,6.359091314414554,6.3481368074129785,6.287887018904312,570385509.9658792
2011-03-08,S*Mobarakeh Steel,2310.0,2310.0,2295.0,2300.0,42608747583.0,18522707,1130,D,2322.0,2300.0,6.326227793409825,6.326227793409825,6.28514839215392,6.298841525905891,6.359091314414554,6.298841525905891,116689455.93158375
2011-03-09,S*Mobarakeh Steel,2301.0,2350.0,2301.0,2334.0,12620523135.0,5407756,585,D,2300.0,2330.0,6.301580152656281,6.435772863425581,6.301580152656281,6.391954835419281,6.298841525905891,6.381000328417704,34562902.261475645
2011-03-12,S*Mobarakeh Steel,2344.0,2344.0,2301.0,2324.0,7969037573.0,3435226,366,D,2334.0,2320.0,6.419341102923219,6.419341102923219,6.301580152656281,6.3645685679153425,6.391954835419281,6.353614060913765,21824219.47231161
2011-03-13,S*Mobarakeh Steel,2320.0,2399.0,2320.0,2371.0,14680632005.0,6191058,533,D,2324.0,2360.0,6.353614060913765,6.56996557419488,6.353614060913765,6.493284025183853,6.3645685679153425,6.463159130929519,40204771.5215813
2011-03-14,S*Mobarakeh Steel,2400.0,2465.0,2400.0,2464.0,37326309814.0,15146973,616,D,2371.0,2465.0,6.5727042009452745,6.7507149397208766,6.5727042009452745,6.74797631297048,6.493284025183853,6.7507149397208766,102222830.55010945
2011-03-15,S*Mobarakeh Steel,2550.0,2562.0,2521.0,2553.0,68147077973.0,26689305,1463,D,2464.0,2561.0,6.983498213504356,7.016361734509081,6.904078037742933,6.991714093755534,6.74797631297048,7.013623107758683,186629410.6980343
2011-03-16,S*Mobarakeh Steel,2571.0,2655.0,2531.0,2644.0,43095234941.0,16300612,1031,D,2553.0,2655.0,7.0410093752626235,7.271054022295712,6.931464305246874,7.240929128041376,6.991714093755534,7.271054022295712,118021763.22393095
2011-03-19,S*Mobarakeh Steel,2728.0,2749.0,2681.0,2723.0,29868231236.0,10970339,892,D,2644.0,2720.0,7.470973775074463,7.528484936832736,7.342258317805951,7.457280641322492,7.240929128041376,7.449064761071311,81797937.04985917
2011-03-26,S*Mobarakeh Steel,2760.0,2831.0,2760.0,2829.0,51813213809.0,18317793,500,D,2723.0,2831.0,7.558609831087065,7.753052330365031,7.558609831087065,7.747575076864244,7.457280641322492,7.753052330365031,141897053.36120412
2011-03-27,S*Mobarakeh Steel,2942.0,2942.0,2845.0,2914.0,41257850943.0,14158400,1263,D,2829.0,2860.0,8.057039899658752,8.057039899658752,7.791393104870546,7.9803583506477205,7.747575076864244,7.83247250612645,112989854.25626254
2011-03-28,S*Mobarakeh Steel,2867.0,2940.0,2865.0,2899.0,35508810678.0,12250055,898,D,2914.0,2881.0,7.851642893379209,8.051562646157965,7.846165639878422,7.9392789493918166,7.9803583506477205,7.889983667884725,97245378.79744211
2011-03-29,S*Mobarakeh Steel,2900.0,2960.0,2860.0,2912.0,33150432023.0,11384626,736,D,2899.0,2890.0,7.942017576142212,8.106335181165838,7.83247250612645,7.974881097146933,7.9392789493918166,7.914631308638266,90786659.92530121
2011-03-30,S*Mobarakeh Steel,2898.0,2903.0,2796.0,2811.0,41611563196.0,14803080,876,D,2912.0,2796.0,7.936540322641419,7.950233456393388,7.657200394101247,7.698279795357155,7.974881097146933,7.657200394101247,113958540.09427038
2011-04-03,S*Mobarakeh Steel,2801.0,2846.0,2716.0,2757.0,30794624229.0,11168587,1086,D,2811.0,2800.0,7.670893527853215,7.794131731620937,7.438110254069739,7.550393950835883,7.698279795357155,7.668154901102817,84334981.68186644
2011-04-04,S*Mobarakeh Steel,2840.0,2867.0,2840.0,2865.0,16006253387.0,5587364,342,D,2757.0,2867.0,7.777699971118577,7.851642893379209,7.777699971118577,7.846165639878422,7.550393950835883,7.851642893379209,43835153.69922058
2011-04-05,S*Mobarakeh Steel,2979.0,2979.0,2870.0,2949.0,68581494371.0,23257347,1823,D,2865.0,2913.0,8.158369089423324,8.158369089423324,7.859858773630391,8.07621028691151,7.846165639878422,7.977619723897328,187819115.0664068
2011-04-06,S*Mobarakeh Steel,2950.0,3066.0,2916.0,3009.0,64158223383.0,21320485,1681,D,2949.0,3066.0,8.078948913661899,8.396629616707592,7.985835604148513,8.240527891935137,8.07621028691151,8.396629616707592,175705426.81442896
2011-04-09,S*Mobarakeh Steel,3129.0,3129.0,2970.0,3099.0,76799932799.0,24784735,1647,D,3009.0,3041.0,8.569163101982404,8.569163101982404,8.133721448669773,8.487004299470588,8.240527891935137,8.328163947947742,210326350.39179248
2011-04-10,S*Mobarakeh Steel,3050.0,3065.0,2976.0,2998.0,16787663721.0,5600526,686,D,3099.0,2976.0,8.352811588701286,8.393890989957194,8.150153209172144,8.210402997680808,8.487004299470588,8.150153209172144,45975144.94294722
2011-04-11,S*Mobarakeh Steel,2940.0,3050.0,2879.0,2925.0,30472248221.0,10416697,1166,D,2998.0,2879.0,8.051562646157965,8.352811588701286,7.884506414383932,8.010483244902053,8.210402997680808,7.884506414383932,83452114.12267244
2011-04-12,S*Mobarakeh Steel,2902.0,3000.0,2841.0,2897.0,21309326426.0,7355733,857,D,2925.0,2860.0,7.947494829642993,8.215880251181593,7.780438597868969,7.933801695891024,8.010483244902053,7.83247250612645,58358291.383118495
2011-04-13,S*Mobarakeh Steel,2885.0,2889.0,2820.0,2849.0,17733069932.0,6224823,653,D,2897.0,2872.0,7.9009381748863,7.911892681887872,7.7229274361107025,7.80234761187212,7.933801695891024,7.865336027131179,48564259.68238031
2011-04-16,S*Mobarakeh Steel,2905.0,2950.0,2880.0,2923.0,19371382143.0,6627752,680,D,2849.0,2899.0,7.955710709894178,8.078948913661899,7.887245041134329,8.005005991401264,7.80234761187212,7.9392789493918166,53050985.32892184
2011-04-17,S*Mobarakeh Steel,2950.0,2950.0,2819.0,2857.0,11504471448.0,4042205,529,D,2923.0,2840.0,8.078948913661899,8.078948913661899,7.720188809360304,7.824256625875272,8.005005991401264,7.777699971118577,31506453.256635237
2011-04-18,S*Mobarakeh Steel,2880.0,2880.0,2780.0,2810.0,12767289971.0,4547033,641,D,2857.0,2796.0,7.887245041134329,7.887245041134329,7.613382366094946,7.695541168606758,7.824256625875272,7.657200394101247,34964841.84461593
2011-04-19,S*Mobarakeh Steel,2815.0,2860.0,2703.0,2751.0,11059488596.0,4035502,558,D,2810.0,2770.0,7.709234302358729,7.83247250612645,7.402508106314619,7.53396219033352,7.695541168606758,7.585996098591001,30287811.314681493
2011-04-20,S*Mobarakeh Steel,2740.0,2861.0,2740.0,2846.0,14841438507.0,5214572,598,D,2751.0,2839.0,7.503837296079186,7.835211132876845,7.503837296079186,7.794131731620937,7.53396219033352,7.774961344368184,40645160.509595774
2011-04-23,S*Mobarakeh Steel,2880.0,2880.0,2783.0,2831.0,12005062145.0,4242600,448,D,2846.0,2850.0,7.887245041134329,7.887245041134329,7.621598246346124,7.753052330365031,7.794131731620937,7.805086238622515,32877384.33043775
2011-04-24,S*Mobarakeh Steel,2840.0,2895.0,2780.0,2827.0,17585256478.0,6220655,554,D,2831.0,2780.0,7.777699971118577,7.928324442390238,7.613382366094946,7.742097823363457,7.753052330365031,7.613382366094946,48159453.8031878
2011-04-25,S*Mobarakeh Steel,2870.0,2870.0,2716.0,2739.0,15996336412.0,5839926,567,D,2827.0,2730.0,7.859858773630391,7.859858773630391,7.438110254069739,7.501098669328792,7.742097823363457,7.476451028575251,43807994.806202605
2011-04-26,S*Mobarakeh Steel,2760.0,2765.0,2711.0,2734.0,10823110116.0,3960637,489,D,2739.0,2728.0,7.558609831087065,7.572302964839036,7.4244171203177665,7.487405535576828,7.501098669328792,7.470973775074463,29640458.886136036
2011-04-27,S*Mobarakeh Steel,2765.0,2765.0,2631.0,2714.0,10764661389.0,3972456,560,D,2734.0,2738.0,7.572302964839036,7.572302964839036,7.205326980286256,7.432633000568948,7.487405535576828,7.498360042578401,29480389.638847362
2011-04-30,S*Mobarakeh Steel,2680.0,2700.0,2606.0,2613.0,14238989571.0,5448499,256,D,2714.0,2606.0,7.339519691055554,7.394292226063435,7.136861311526411,7.156031698779169,7.432633000568948,7.136861311526411,38995277.73771987
2011-05-01,S*Mobarakeh Steel,2509.0,2715.0,2509.0,2568.0,44011982149.0,17137217,1122,D,2613.0,2660.0,6.871214516738205,7.435371627319344,6.871214516738205,7.0327934950114415,7.156031698779169,7.28474715604768,120532391.65110864
2011-05-02,S*Mobarakeh Steel,2670.0,2670.0,2670.0,2636.0,8474016630.0,3173789,81,D,2568.0,2670.0,7.31213342355162,7.31213342355162,7.31213342355162,7.219020114038226,7.0327934950114415,7.31213342355162,23207168.626200467
2011-05-03,S*Mobarakeh Steel,2741.0,2741.0,2741.0,2741.0,15025427412.0,5481732,152,D,2636.0,2741.0,7.506575922829579,7.506575922829579,7.506575922829579,7.506575922829579,7.219020114038226,7.506575922829579,41149037.44660446
2011-05-04,S*Mobarakeh Steel,2850.0,2850.0,2850.0,2838.0,11982354750.0,4204335,215,D,2741.0,2850.0,7.805086238622515,7.805086238622515,7.805086238622515,7.772222717617789,7.506575922829579,7.805086238622515,32815197.251058996
2011-05-08,S*Mobarakeh Steel,2860.0,2860.0,2732.0,2784.0,35476744741.0,12742467,987,D,2838.0,2750.0,7.83247250612645,7.83247250612645,7.481928282076041,7.624336873096518,7.772222717617789,7.531223563583128,97157562.16459745
2011-05-09,S*Mobarakeh Steel,2829.0,2895.0,2823.0,2893.0,96150304828.0,33240474,1261,D,2784.0,2895.0,7.747575076864244,7.928324442390238,7.731143316361879,7.92284718888945,7.624336873096518,7.928324442390238,263319796.8604852
2011-05-10,S*Mobarakeh Steel,3007.0,3008.0,2933.0,3001.0,117253044639.0,39065951,1659,D,2893.0,2944.0,8.235050638434352,8.237789265184743,8.032392258905205,8.218618877931986,7.92284718888945,8.062517153159538,321112324.6134914
2011-05-11,S*Mobarakeh Steel,2944.0,2986.0,2900.0,2931.0,18520084425.0,6318987,662,D,3001.0,2940.0,8.062517153159538,8.17753947667608,7.942017576142212,8.026915005404417,8.218618877931986,8.051562646157965,50719598.62585779
2011-05-14,S*Mobarakeh Steel,2910.0,2910.0,2880.0,2921.0,3627714548.0,1253512,72,D,2931.0,2882.0,7.969403843646145,7.969403843646145,7.887245041134329,7.999528737900479,8.026915005404417,7.892722294635121,9934956.103945786
2011-05-15,S*Mobarakeh Steel,2895.0,2905.0,2855.0,2875.0,16736168626.0,5820333,568,D,2921.0,2896.0,7.928324442390238,7.955710709894178,7.818779372374484,7.87355190738236,7.999528737900479,7.931063069140633,45834119.09826615
2011-05-16,S*Mobarakeh Steel,2949.0,2984.0,2870.0,2908.0,14433956248.0,4963766,610,D,2875.0,2921.0,8.07621028691151,8.172062223175288,7.859858773630391,7.96392659014536,7.87355190738236,7.999528737900479,39529218.69478747
2011-05-17,S*Mobarakeh Steel,2950.0,2980.0,2906.0,2927.0,9083496163.0,3091862,387,D,2908.0,2925.0,8.078948913661899,8.161107716173719,7.958449336644574,8.015960498402842,7.96392659014536,8.010483244902053,24876305.579091813
2011-05-18,S*Mobarakeh Steel,2935.0,3044.0,2935.0,3014.0,53595308710.0,17782106,1451,D,2927.0,3044.0,8.037869512405994,8.33637982819892,8.037869512405994,8.254221025687107,8.015960498402842,8.33637982819892,146777546.12882328
2011-05-21,S*Mobarakeh Steel,3050.0,3134.0,3031.0,3126.0,185060858816.0,59208761,2690,D,3014.0,3134.0,8.352811588701286,8.58285623573437,8.3007776804438,8.560947221731222,8.254221025687107,8.58285623573437,506812618.40435964
2011-05-22,S*Mobarakeh Steel,3134.0,3179.0,3072.0,3140.0,126887034298.0,40403453,1939,D,3126.0,3170.0,8.58285623573437,8.706094439502095,8.413061377209953,8.599287996236736,8.560947221731222,8.681446798748551,347496226.40664655
2011-05-23,S*Mobarakeh Steel,3102.0,3250.0,3070.0,3217.0,264802440088.0,82310326,2168,D,3140.0,3213.0,8.495220179721771,8.900536938780059,8.407584123709166,8.810162256017069,8.599287996236736,8.799207749015487,725195045.9945652
2011-05-24,S*Mobarakeh Steel,3209.0,3250.0,3104.0,3173.0,40580913317.0,12790058,1102,D,3217.0,3111.0,8.788253242013914,8.900536938780059,8.500697433222555,8.689662678999735,8.810162256017069,8.519867820475312,111135974.76535077
2011-05-25,S*Mobarakeh Steel,3111.0,3111.0,3047.0,3053.0,51915350892.0,17003871,927,D,3173.0,3047.0,8.519867820475312,8.519867820475312,8.344595708450106,8.361027468952464,8.689662678999735,8.344595708450106,142176768.70891517
2011-05-28,S*Mobarakeh Steel,3030.0,3165.0,2931.0,2985.0,56346769915.0,18874382,1068,D,3053.0,2932.0,8.298039053693406,8.667753664996582,8.026915005404417,8.174800849925687,8.361027468952464,8.029653632154812,154312771.3875072
2011-05-29,S*Mobarakeh Steel,2960.0,2965.0,2866.0,2872.0,30152235976.0,10498647,821,D,2985.0,2866.0,8.106335181165838,8.120028314917809,7.848904266628815,7.865336027131179,8.174800849925687,7.848904266628815,82575720.02806187
2011-05-30,S*Mobarakeh Steel,2880.0,2986.0,2880.0,2977.0,34629083046.0,11631246,619,D,2872.0,2986.0,7.887245041134329,8.17753947667608,7.887245041134329,8.152891835922533,7.865336027131179,8.17753947667608,94836133.17138623
2011-05-31,S*Mobarakeh Steel,3088.0,3096.0,3062.0,3094.0,56354162730.0,18215871,1026,D,2977.0,3096.0,8.456879405216254,8.478788419219406,8.38567510970601,8.473311165718616,8.152891835922533,8.478788419219406,154333017.5484269
2011-06-01,S*Mobarakeh Steel,3099.0,3120.0,3052.0,3078.0,45660660422.0,14836739,926,D,3094.0,3060.0,8.487004299470588,8.544515461228853,8.358288842202075,8.429493137712313,8.473311165718616,8.380197856205228,125047506.07233962
2011-06-06,S*Mobarakeh Steel,3120.0,3201.0,3119.0,3175.0,41941623573.0,13208088,841,D,3078.0,3150.0,8.544515461228853,8.766344228010762,8.541776834478464,8.695139932500524,8.429493137712313,8.626674263740675,114862452.27196771
2011-06-07,S*Mobarakeh Steel,3150.0,3197.0,3061.0,3100.0,15816896413.0,5101831,507,D,3175.0,3197.0,8.626674263740675,8.75538972100918,8.382936482955618,8.48974292622098,8.695139932500524,8.75538972100918,43316575.62485055
2011-06-08,S*Mobarakeh Steel,3100.0,3224.0,3020.0,3196.0,115461106716.0,36126007,2054,D,3100.0,3224.0,8.48974292622098,8.829332643269819,8.270652786189475,8.752651094258793,8.48974292622098,8.829332643269819,316204875.4825183
2011-06-11,S*Mobarakeh Steel,3270.0,3295.0,3125.0,3187.0,37627910274.0,11806771,865,D,3196.0,3140.0,8.95530947378794,9.023775142547782,8.558208594980828,8.728003453505249,8.752651094258793,8.599287996236736,103048801.63779655
2011-06-12,S*Mobarakeh Steel,3110.0,3199.0,3090.0,3170.0,14139647340.0,4461374,403,D,3187.0,3170.0,8.517129193724921,8.760866974509973,8.462356658717043,8.681446798748551,8.728003453505249,8.681446798748551,38723216.44645946
2011-06-13,S*Mobarakeh Steel,3168.0,3250.0,3150.0,3204.0,43847119365.0,13684828,1016,D,3170.0,3190.0,8.675969545247767,8.900536938780059,8.626674263740675,8.774560108261939,8.681446798748551,8.73621933375643,120080894.02070189
2011-06-14,S*Mobarakeh Steel,3200.0,3230.0,3076.0,3102.0,55274478596.0,17819499,1008,D,3204.0,3076.0,8.763605601260368,8.84576440377218,8.424015884211524,8.495220179721771,8.774560108261939,8.424015884211524,151376165.69707868
2011-06-15,S*Mobarakeh Steel,3070.0,3105.0,2978.0,3015.0,64645243470.0,21441036,1517,D,3102.0,3060.0,8.407584123709166,8.503436059972952,8.155630462672931,8.256959652437498,8.495220179721771,8.380197856205228,177039193.0526663
2011-06-18,S*Mobarakeh Steel,3071.0,3135.0,3071.0,3119.0,48423580587.0,15525723,901,D,3015.0,3135.0,8.410322750459558,8.585594862484763,8.410322750459558,8.541776834478464,8.256959652437498,8.585594862484763,132614113.14541124
2011-06-19,S*Mobarakeh Steel,3136.0,3190.0,3083.0,3114.0,26965055645.0,8660008,631,D,3119.0,3100.0,8.588333489235158,8.73621933375643,8.443186271464288,8.528083700726494,8.541776834478464,8.48974292622098,73847222.7152561
2011-06-20,S*Mobarakeh Steel,3100.0,3109.0,3071.0,3102.0,13851303397.0,4476833,365,D,3114.0,3090.0,8.48974292622098,8.514390566974525,8.410322750459558,8.495220179721771,8.528083700726494,8.462356658717043,37933550.01084562
2011-06-21,S*Mobarakeh Steel,3099.0,3158.0,3087.0,3110.0,9499744269.0,3042476,297,D,3102.0,3091.0,8.487004299470588,8.648583277743823,8.454140778465865,8.517129193724921,8.495220179721771,8.465095285467436,26016253.77698421
2011-06-22,S*Mobarakeh Steel,3107.0,3139.0,3080.0,3105.0,7066478661.0,2283655,286,D,3110.0,3088.0,8.508913313473736,8.596549369486342,8.434970391213103,8.503436059972952,8.517129193724921,8.456879405216254,19352447.49210201
2011-06-25,S*Mobarakeh Steel,3081.0,3149.0,3021.0,3092.0,7785845928.0,2539681,329,D,3105.0,3021.0,8.437709017963495,8.623935636990279,8.273391412939867,8.467833912217829,8.503436059972952,8.273391412939867,21322525.93286594
2011-06-26,S*Mobarakeh Steel,3010.0,3050.0,2969.0,2976.0,31858886552.0,10706275,701,D,3092.0,2969.0,8.243266518685536,8.352811588701286,8.130982821919385,8.150153209172144,8.467833912217829,8.130982821919385,87249598.9490706
2011-06-27,S*Mobarakeh Steel,2890.0,2900.0,2857.0,2861.0,49819320461.0,17414029,798,D,2976.0,2858.0,7.914631308638266,7.942017576142212,7.824256625875272,7.835211132876845,8.150153209172144,7.826995252625664,136436523.70093903
2011-06-28,S*Mobarakeh Steel,2871.0,2959.0,2867.0,2897.0,27567826536.0,9515117,653,D,2861.0,2900.0,7.862597400380783,8.103596554415446,7.851642893379209,7.933801695891024,7.835211132876845,7.942017576142212,75497987.20170744
2011-06-29,S*Mobarakeh Steel,2964.0,3012.0,2940.0,2980.0,18184898104.0,6054259,530,D,2897.0,3012.0,8.117289688167414,8.248743772186321,8.051562646157965,8.161107716173719,7.933801695891024,8.248743772186321,49801648.40080107
2011-07-02,S*Mobarakeh Steel,3065.0,3090.0,3020.0,3062.0,23706322466.0,7741672,650,D,2980.0,3050.0,8.393890989957194,8.462356658717043,8.270652786189475,8.38567510970601,8.161107716173719,8.352811588701286,64922768.858850636
2011-07-03,S*Mobarakeh Steel,3066.0,3099.0,2980.0,3030.0,37791001233.0,12473274,783,D,3062.0,3010.0,8.396629616707592,8.487004299470588,8.161107716173719,8.298039053693406,8.38567510970601,8.243266518685536,103495446.90086132
2011-07-04,S*Mobarakeh Steel,3010.0,3049.0,2980.0,3019.0,9264270933.0,3086158,327,D,3030.0,2980.0,8.243266518685536,8.350072961950895,8.161107716173719,8.26791415943908,8.298039053693406,8.161107716173719,25371380.200010136
2011-07-05,S*Mobarakeh Steel,3030.0,3068.0,2955.0,3004.0,14367412299.0,4798381,409,D,3019.0,2979.0,8.298039053693406,8.402106870208376,8.092642047413872,8.226834758183172,8.26791415943908,8.158369089423324,39346979.655979216
2011-07-06,S*Mobarakeh Steel,2970.0,3018.0,2952.0,2997.0,9565989479.0,3202836,345,D,3004.0,2960.0,8.133721448669773,8.265175532688684,8.084426167162688,8.207664370930413,8.226834758183172,8.106335181165838,26197674.681175668
2011-07-09,S*Mobarakeh Steel,2990.0,3013.0,2910.0,2987.0,4241356030.0,1440649,222,D,2997.0,2935.0,8.188493983677656,8.25148239893671,7.969403843646145,8.18027810342647,8.207664370930413,8.037869512405994,11615491.081702325
2011-07-10,S*Mobarakeh Steel,3030.0,3106.0,3000.0,3052.0,25258376177.0,8276919,794,D,2987.0,3049.0,8.298039053693406,8.506174686723343,8.215880251181593,8.358288842202075,8.18027810342647,8.350072961950895,69173264.66984332
2011-07-11,S*Mobarakeh Steel,3041.0,3051.0,3000.0,3044.0,8172235322.0,2699038,325,D,3052.0,3048.0,8.328163947947742,8.355550215451684,8.215880251181593,8.33637982819892,8.358288842202075,8.347334335200497,22380702.263342813
2011-07-12,S*Mobarakeh Steel,3025.0,3038.0,2995.0,3031.0,7417104642.0,2469096,297,D,3044.0,3010.0,8.28434591994144,8.319948067696561,8.202187117429625,8.3007776804438,8.33637982819892,8.243266518685536,20312681.183051713
2011-07-13,S*Mobarakeh Steel,3003.0,3020.0,3000.0,3015.0,15732667129.0,5232596,477,D,3031.0,3012.0,8.224096131432779,8.270652786189475,8.215880251181593,8.256959652437498,8.3007776804438,8.248743772186321,43085903.054521635
2011-07-16,S*Mobarakeh Steel,3020.0,3040.0,3010.0,3028.0,35592772923.0,11755688,952,D,3015.0,3030.0,8.270652786189475,8.325425321197345,8.243266518685536,8.292561800192624,8.256959652437498,8.298039053693406,97475320.04762223
2011-07-25,S*Mobarakeh Steel,2821.0,2879.0,2821.0,2837.0,25570931811.0,9013578,779,D,2728.0,2827.0,8.575262770653733,8.751570902769261,8.575262770653733,8.623899496754573,8.292561800192622,8.59350154294155,77730400.41467336
2011-07-26,S*Mobarakeh Steel,2842.0,2950.0,2833.0,2923.0,50364355239.0,17231525,1376,D,2837.0,2929.0,8.63909847366108,8.967396374841726,8.61174031522936,8.885321899546565,8.623899496754573,8.903560671834382,153097334.4377795
2011-07-27,S*Mobarakeh Steel,2920.0,2945.0,2863.0,2898.0,18167565604.0,6269650,627,D,2923.0,2869.0,8.87620251340266,8.952197397935215,8.702934176668425,8.80932701501401,8.885321899546565,8.721172948956244,55225682.0125454
2011-07-30,S*Mobarakeh Steel,2884.0,2911.0,2831.0,2862.0,13846124715.0,4837203,412,D,2898.0,2852.0,8.76676987967578,8.84884435497094,8.605660724466757,8.69989438128713,8.80932701501401,8.669496427474106,42089385.957592346
2011-07-31,S*Mobarakeh Steel,2863.0,2863.0,2783.0,2814.0,45534048444.0,16181189,1115,D,2862.0,2800.0,8.702934176668425,8.702934176668425,8.459750546164246,8.553984202984616,8.69989438128713,8.511427067646382,138414190.15206552
2011-08-01,S*Mobarakeh Steel,2835.0,2910.0,2830.0,2905.0,150826765669.0,51914680,1138,D,2814.0,2900.0,8.617819905991965,8.845804559589636,8.602620929085454,8.830605582683127,8.553984202984616,8.81540660577662,458482505.6573875
2011-08-02,S*Mobarakeh Steel,2930.0,2959.0,2885.0,2909.0,27996387904.0,9624495,767,D,2905.0,2898.0,8.906600467215686,8.99475453327345,8.76980967505708,8.842764764208335,8.830605582683127,8.80932701501401,85103290.64372618
2011-08-03,S*Mobarakeh Steel,2905.0,2978.0,2905.0,2950.0,47013762456.0,15935982,1356,D,2909.0,2945.0,8.830605582683127,9.052510645518195,8.830605582683127,8.967396374841726,8.842764764208335,8.952197397935215,142912217.97139138
2011-08-06,S*Mobarakeh Steel,2878.0,2888.0,2832.0,2850.0,24321573566.0,8534224,727,D,2950.0,2864.0,8.74853110738796,8.778929061200987,8.608700519848057,8.663416836711502,8.967396374841726,8.70597397204973,73932606.99193043
2011-08-07,S*Mobarakeh Steel,2888.0,2893.0,2850.0,2863.0,12459291550.0,4337077,463,D,2850.0,2850.0,8.778929061200987,8.794128038107498,8.663416836711502,8.702934176668425,8.663416836711502,8.663416836711502,37873696.90798855
2011-08-08,S*Mobarakeh Steel,2840.0,2887.0,2797.0,2827.0,25899425290.0,9160970,739,D,2863.0,2839.0,8.63301888289848,8.775889265819684,8.50230768150248,8.59350154294155,8.702934176668425,8.629979087517178,78728953.37492548
2011-08-09,S*Mobarakeh Steel,2800.0,2809.0,2714.0,2736.0,46489386924.0,16993746,1005,D,2827.0,2800.0,8.511427067646382,8.538785226078106,8.250004664854389,8.31688016324304,8.59350154294155,8.511427067646382,141318223.65114984
2011-08-10,S*Mobarakeh Steel,2810.0,2845.0,2803.0,2820.0,17925062739.0,6313804,684,D,2736.0,2845.0,8.541825021459408,8.64821785980499,8.52054645379029,8.572222975272437,8.31688016324304,8.64821785980499,54488522.923565805
2011-08-13,S*Mobarakeh Steel,2840.0,2850.0,2810.0,2824.0,13929063047.0,4928609,423,D,2820.0,2830.0,8.63301888289848,8.663416836711502,8.541825021459408,8.584382156797641,8.572222975272437,8.602620929085454,42341501.51613889
2011-08-14,S*Mobarakeh Steel,2840.0,2841.0,2791.0,2818.0,16390717284.0,5821856,535,D,2824.0,2799.0,8.63301888289848,8.63605867827978,8.484068909214665,8.566143384509825,8.584382156797641,8.50838727226508,49824426.69613467
2011-08-15,S*Mobarakeh Steel,2801.0,2839.0,2775.0,2803.0,12447657168.0,4459476,380,D,2818.0,2790.0,8.514466863027689,8.629979087517178,8.43543218311383,8.52054645379029,8.566143384509825,8.481029113833364,37838330.76732063
2011-08-16,S*Mobarakeh Steel,2800.0,2818.0,2770.0,2791.0,16308520286.0,5850207,516,D,2803.0,2780.0,8.511427067646382,8.566143384509825,8.420233206207314,8.484068909214665,8.52054645379029,8.450631160020343,49574564.641257346
2011-08-17,S*Mobarakeh Steel,2799.0,2902.0,2789.0,2887.0,74001553884.0,25632457,1180,D,2791.0,2890.0,8.50838727226508,8.821486196539217,8.477989318452062,8.775889265819684,8.484068909214665,8.785008651963588,224949581.70577505
2011-08-20,S*Mobarakeh Steel,2902.0,2950.0,2851.0,2899.0,26323388057.0,9079971,606,D,2887.0,2881.0,8.821486196539217,8.967396374841726,8.666456632092803,8.812366810395316,8.775889265819684,8.757650493531873,80017713.4358962
2011-08-21,S*Mobarakeh Steel,2900.0,2920.0,2863.0,2901.0,20576451066.0,7091198,481,D,2899.0,2900.0,8.81540660577662,8.87620251340266,8.702934176668425,8.818446401157916,8.812366810395316,8.81540660577662,62548200.914019205
2011-08-23,S*Mobarakeh Steel,2910.0,3005.0,2902.0,2964.0,35677429590.0,12035439,1124,D,2901.0,2992.0,8.845804559589636,9.134585120813355,8.821486196539217,9.00995351017996,8.818446401157916,9.095067780856423,108452085.68441933
2011-08-24,S*Mobarakeh Steel,3028.0,3068.0,2960.0,2995.0,14927191893.0,4954818,600,D,2964.0,2960.0,9.20450041458331,9.326092229835398,8.99779432865475,9.104187167000331,9.00995351017996,8.99779432865475,45375608.97215426
2011-08-27,S*Mobarakeh Steel,3031.0,3060.0,2971.0,3008.0,13800693786.0,4575492,599,D,2995.0,2985.0,9.213619800727209,9.301773866784982,9.031232077849076,9.14370450695726,9.104187167000331,9.07378921318731,41951285.2294499
2011-08-28,S*Mobarakeh Steel,2986.0,2987.0,2920.0,2975.0,11893287217.0,4039600,560,D,3008.0,2923.0,9.07682900856861,9.079868803949909,8.87620251340266,9.043391259374282,9.14370450695726,8.885321899546565,36153159.55073806
2011-08-29,S*Mobarakeh Steel,2945.0,3094.0,2945.0,3073.0,169929650880.0,55303034,1735,D,2975.0,3094.0,8.952197397935215,9.405126909749256,8.952197397935215,9.341291206741907,9.043391259374282,9.405126909749256,516551367.8913334
2011-08-30,S*Mobarakeh Steel,3128.0,3195.0,3107.0,3189.0,280173556376.0,87856305,4585,D,3073.0,3195.0,9.508479952713529,9.712146243260786,9.444644249706185,9.693907470972972,9.341291206741907,9.712146243260786,851670282.6347989
2011-09-03,S*Mobarakeh Steel,3190.0,3250.0,3112.0,3198.0,47777987460.0,14940090,1160,D,3189.0,3200.0,9.696947266354279,9.879334989232412,9.4598432266127,9.721265629404693,9.693907470972972,9.7273452201673,145235305.6088263
2011-09-04,S*Mobarakeh Steel,3200.0,3240.0,3150.0,3193.0,25914564900.0,8116104,783,D,3198.0,3170.0,9.7273452201673,9.848937035419388,9.575355451102187,9.706066652498183,9.721265629404693,9.636151358728231,78774974.69147822
2011-09-05,S*Mobarakeh Steel,3175.0,3270.0,3151.0,3212.0,25217138103.0,7850764,810,D,3193.0,3204.0,9.651350335634746,9.940130896858461,9.57839524648349,9.763822764742926,9.706066652498183,9.739504401692505,76654939.93516117
2011-09-06,S*Mobarakeh Steel,3227.0,3320.0,3176.0,3269.0,56174797877.0,17186331,1274,D,3212.0,3290.0,9.809419695462458,10.092120665923568,9.654390131016045,9.937091101477154,9.763822764742926,10.000926804484504,170759891.13209385
2011-09-07,S*Mobarakeh Steel,3300.0,3399.0,3291.0,3385.0,375865638397.0,111031790,2616,D,3269.0,3399.0,10.031324758297528,10.332264501046453,10.003966599865809,10.28970736570822,9.937091101477154,10.332264501046453,1142554631.5894337
2011-09-10,S*Mobarakeh Steel,3400.0,3476.0,3390.0,3420.0,31109117230.0,9095135,816,D,3385.0,3400.0,10.335304296427752,10.566328745406729,10.304906342614732,10.396100204053802,10.28970736570822,10.335304296427752,94565350.87214522
2011-09-11,S*Mobarakeh Steel,3410.0,3449.0,3383.0,3406.0,71686134640.0,21046794,1355,D,3420.0,3414.0,10.365702250240776,10.484254270111567,10.28362777494562,10.353543068715569,10.396100204053802,10.377861431765988,217911180.98208547
2011-09-12,S*Mobarakeh Steel,3357.0,3428.0,3357.0,3391.0,102122441289.0,30116141,1575,D,3406.0,3410.0,10.204593095031754,10.420418567104218,10.204593095031754,10.30794613799603,10.353543068715569,10.365702250240776,310431325.3576155
2011-09-13,S*Mobarakeh Steel,3390.0,3392.0,3266.0,3315.0,45076795391.0,13598489,840,D,3391.0,3281.0,10.304906342614732,10.310985933377342,9.927971715333248,10.07692168901706,10.30794613799603,9.973568646052783,137024234.4334697
2011-09-14,S*Mobarakeh Steel,3280.0,3300.0,3208.0,3247.0,24078256611.0,7421829,620,D,3315.0,3250.0,9.970528850671482,10.031324758297528,9.751663583217715,9.870215603088504,10.07692168901706,9.879334989232412,73192973.2359289
2011-09-17,S*Mobarakeh Steel,3229.0,3309.0,3229.0,3254.0,112984276337.0,34726889,587,D,3247.0,3250.0,9.815499286225062,10.05868291672925,9.815499286225062,9.891494170757618,9.870215603088504,9.879334989232412,343449081.3689931
2011-09-18,S*Mobarakeh Steel,3250.0,3300.0,3240.0,3259.0,41683091167.0,12789346,493,D,3254.0,3261.0,9.879334989232412,10.031324758297528,9.848937035419388,9.90669314766413,9.891494170757618,9.912772738426737,126708068.0078485
2011-09-19,S*Mobarakeh Steel,3268.0,3282.0,3245.0,3262.0,11735407968.0,3594351,331,D,3259.0,3256.0,9.934051306095856,9.976608441434083,9.864136012325906,9.91581253380804,9.90669314766413,9.897573761520228,35673238.938824385
2011-09-20,S*Mobarakeh Steel,3272.0,3274.0,3250.0,3262.0,14388417384.0,4411881,326,D,3262.0,3260.0,9.946210487621062,9.952290078383669,9.879334989232412,9.91581253380804,9.91581253380804,9.909732943045434,43737844.708132654
2011-09-21,S*Mobarakeh Steel,3250.0,3274.0,3220.0,3259.0,14959070391.0,4594104,424,D,3262.0,3240.0,9.879334989232412,9.952290078383669,9.788141127793347,9.90669314766413,9.91581253380804,9.848937035419388,45472513.083137505
2011-09-25,S*Mobarakeh Steel,3137.0,3179.0,3129.0,3132.0,29074748686.0,9283637,811,D,3259.0,3160.0,9.535838111145251,9.66350951715995,9.51151974809484,9.520639134238742,9.90669314766413,9.605753404915202,88381286.76822732
2011-09-26,S*Mobarakeh Steel,3120.0,3150.0,3060.0,3107.0,18917923542.0,6103189,467,D,3132.0,3125.0,9.484161589663112,9.575355451102187,9.301773866784982,9.444644249706185,9.520639134238742,9.499360566569628,57506616.606801264
2011-09-27,S*Mobarakeh Steel,3151.0,3219.0,3151.0,3186.0,20186152509.0,6300035,499,D,3107.0,3180.0,9.57839524648349,9.785101332412038,9.57839524648349,9.68478808482907,9.444644249706185,9.666549312541253,61361773.16312168
2011-09-28,S*Mobarakeh Steel,3200.0,3200.0,3172.0,3186.0,5542500191.0,1740236,224,D,3186.0,3179.0,9.7273452201673,9.7273452201673,9.642230949490834,9.68478808482907,9.68478808482907,9.66350951715995,16848066.481468808
2011-10-01,S*Mobarakeh Steel,3180.0,3188.0,3132.0,3181.0,7222876538.0,2278705,244,D,3186.0,3160.0,9.666549312541253,9.69086767559167,9.520639134238742,9.669589107922553,9.68478808482907,9.605753404915202,21956066.739929
2011-10-02,S*Mobarakeh Steel,3180.0,3186.0,3137.0,3170.0,8273655885.0,2626729,328,D,3181.0,3146.0,9.666549312541253,9.68478808482907,9.535838111145251,9.636151358728231,9.669589107922553,9.563196269576977,25150220.94570743
2011-10-03,S*Mobarakeh Steel,3140.0,3160.0,3101.0,3156.0,8168575622.0,2610603,404,D,3170.0,3117.0,9.544957497289163,9.605753404915202,9.426405477418374,9.593594223389998,9.636151358728231,9.47504220351921,24830798.447574012
2011-10-04,S*Mobarakeh Steel,3140.0,3150.0,3112.0,3150.0,6322407752.0,2018211,274,D,3156.0,3117.0,9.544957497289163,9.575355451102187,9.4598432266127,9.575355451102187,9.593594223389998,9.47504220351921,19218825.883239344
2011-10-05,S*Mobarakeh Steel,3139.0,3161.0,3120.0,3145.0,7994710321.0,2550069,320,D,3150.0,3128.0,9.54191770190786,9.608793200296512,9.484161589663112,9.56015647419567,9.575355451102187,9.508479952713529,24302283.508625478
2011-10-08,S*Mobarakeh Steel,3156.0,3198.0,3120.0,3138.0,18817204366.0,5999594,481,D,3145.0,3130.0,9.593594223389998,9.721265629404693,9.484161589663112,9.53887790652656,9.56015647419567,9.514559543476137,57200450.920787916
2011-10-09,S*Mobarakeh Steel,3130.0,3137.0,3099.0,3118.0,18890253195.0,6069486,523,D,3138.0,3100.0,9.514559543476137,9.535838111145251,9.42032588665577,9.47808199890051,9.53887790652656,9.42336568203707,57422504.41379167
2011-10-10,S*Mobarakeh Steel,3100.0,3130.0,3100.0,3115.0,19536941993.0,6274353,309,D,3118.0,3125.0,9.42336568203707,9.514559543476137,9.42336568203707,9.468962612756604,9.47808199890051,9.499360566569628,59388306.03509196
2011-10-11,S*Mobarakeh Steel,3125.0,3189.0,3125.0,3152.0,158647460033.0,50337815,513,D,3115.0,3150.0,9.499360566569628,9.693907470972972,9.499360566569628,9.58143504186479,9.468962612756604,9.575355451102187,482255816.26365143
2011-10-12,S*Mobarakeh Steel,3159.0,3180.0,3110.0,3144.0,15273025406.0,4866232,481,D,3152.0,3120.0,9.602713609533904,9.666549312541253,9.453763635850096,9.55711667881437,9.58143504186479,9.484161589663112,46426872.08767118
2011-10-15,S*Mobarakeh Steel,3120.0,3129.0,3075.0,3124.0,9402310035.0,3040118,358,D,3144.0,3089.0,9.484161589663112,9.51151974809484,9.347370797504514,9.496320771188328,9.55711667881437,9.389927932842742,28581098.617965084
2011-10-16,S*Mobarakeh Steel,3090.0,3090.0,3000.0,3026.0,22545428932.0,7460102,611,D,3124.0,3000.0,9.39296772822405,9.39296772822405,9.119386143906842,9.198420823820706,9.496320771188328,9.119386143906842,68533490.73697242
2011-10-17,S*Mobarakeh Steel,2950.0,3050.0,2950.0,3013.0,13618532079.0,4533241,426,D,3026.0,3029.0,8.967396374841726,9.271375912971955,8.967396374841726,9.158903483863769,9.198420823820706,9.207540209964607,41397550.91386114
2011-10-18,S*Mobarakeh Steel,3030.0,3048.0,3000.0,3016.0,7175946904.0,2374203,330,D,3013.0,3022.0,9.210580005345907,9.26529632220935,9.119386143906842,9.168022870007677,9.158903483863769,9.186261642295493,21813410.255249597
2011-10-19,S*Mobarakeh Steel,3033.0,3069.0,3004.0,3019.0,8117444991.0,2682523,299,D,3016.0,3029.0,9.219699391489817,9.329132025216698,9.131545325432054,9.177142256151589,9.168022870007677,9.207540209964607,24675371.791617136
2011-10-22,S*Mobarakeh Steel,3000.0,3020.0,2940.0,2988.0,17374380946.0,5835647,422,D,3019.0,2950.0,9.119386143906842,9.180182051532892,8.93699842102871,9.082908599331216,9.177142256151589,8.967396374841726,52814562.95263714
2011-10-23,S*Mobarakeh Steel,2950.0,2997.0,2930.0,2963.0,16716519274.0,5658849,405,D,2988.0,2940.0,8.967396374841726,9.110266757762936,8.906600467215686,9.006913714798662,9.082908599331216,8.93699842102871,50814798.08055576
2011-10-24,S*Mobarakeh Steel,2940.0,2940.0,2872.0,2929.0,10453664846.0,3617451,361,D,2963.0,2882.0,8.93699842102871,8.93699842102871,8.73029233510015,8.903560671834382,9.006913714798662,8.760690288913176,31777002.11655283
2011-10-25,S*Mobarakeh Steel,2913.0,2980.0,2913.0,2932.0,6695392210.0,2277027,265,D,2929.0,2940.0,8.854923945733544,9.0585902362808,8.854923945733544,8.912680057978289,8.903560671834382,8.93699842102871,20352622.315965265
2011-10-26,S*Mobarakeh Steel,2935.0,2945.0,2892.0,2926.0,9354292026.0,3207483,330,D,2932.0,2892.0,8.921799444122195,8.952197397935215,8.791088242726197,8.894441285690469,8.912680057978289,8.791088242726197,28435133.69598756
2011-10-29,S*Mobarakeh Steel,2940.0,2940.0,2870.0,2910.0,10859878695.0,3753885,324,D,2926.0,2880.0,8.93699842102871,8.93699842102871,8.724212744337546,8.845804559589636,8.894441285690469,8.754610698150568,33011809.09856404
2011-10-30,S*Mobarakeh Steel,2898.0,2898.0,2860.0,2896.0,10145066789.0,3524171,367,D,2910.0,2880.0,8.80932701501401,8.80932701501401,8.69381479052452,8.803247424251406,8.845804559589636,8.754610698150568,30838927.168205366
2011-10-31,S*Mobarakeh Steel,2889.0,2913.0,2870.0,2892.0,10072170601.0,3488166,358,D,2896.0,2870.0,8.781968856582287,8.854923945733544,8.724212744337546,8.791088242726197,8.803247424251406,8.724212744337546,30617337.672608424
2011-11-01,S*Mobarakeh Steel,2884.0,2884.0,2864.0,2882.0,10751554535.0,3744026,328,D,2892.0,2883.0,8.76676987967578,8.76676987967578,8.70597397204973,8.760690288913176,8.791088242726197,8.763730084294481,32682525.817312587
2011-11-02,S*Mobarakeh Steel,2911.0,2911.0,2840.0,2877.0,12081741603.0,4206321,460,D,2882.0,2840.0,8.84884435497094,8.84884435497094,8.63301888289848,8.74549131200666,8.760690288913176,8.63301888289848,36726022.32288701
2011-11-05,S*Mobarakeh Steel,2861.0,2861.0,2762.0,2829.0,12256132767.0,4388221,412,D,2877.0,2790.0,8.696854585905823,8.696854585905823,8.395914843156902,8.599581133704154,8.74549131200666,8.481029113833364,37256135.77775415
2011-11-06,S*Mobarakeh Steel,2751.0,2769.0,2716.0,2786.0,9780460708.0,3574093,461,D,2829.0,2750.0,8.362477093962573,8.41719341082601,8.256084255616997,8.468869932308152,8.599581133704154,8.359437298581273,29730599.287186835
2011-11-08,S*Mobarakeh Steel,2700.0,2730.0,2682.0,2736.0,11336849640.0,4207594,419,D,2786.0,2700.0,8.207447529516159,8.298641390955227,8.152731212652718,8.31688016324304,8.468869932308152,8.207447529516159,34461703.17419043
2011-11-09,S*Mobarakeh Steel,2750.0,2839.0,2740.0,2768.0,11874222047.0,4249434,414,D,2736.0,2820.0,8.359437298581273,8.629979087517178,8.329039344768246,8.414153615444713,8.31688016324304,8.572222975272437,36095205.335028306
2011-11-12,S*Mobarakeh Steel,2845.0,2860.0,2780.0,2782.0,5765366585.0,2044947,310,D,2768.0,2780.0,8.64821785980499,8.69381479052452,8.450631160020343,8.456710750782943,8.414153615444713,8.450631160020343,17525534.7165975
2011-11-13,S*Mobarakeh Steel,2797.0,2797.0,2720.0,2774.0,7466984430.0,2707435,271,D,2782.0,2744.0,8.50230768150248,8.50230768150248,8.268243437142203,8.432392387732524,8.456710750782943,8.341198526293457,22698104.78257005
2011-11-14,S*Mobarakeh Steel,2744.0,2789.0,2741.0,2773.0,4846954331.0,1751303,164,D,2774.0,2750.0,8.341198526293457,8.477989318452062,8.332079140149547,8.429352592351226,8.432392387732524,8.359437298581273,14733749.388756882
2011-11-16,S*Mobarakeh Steel,2773.0,2798.0,2740.0,2770.0,5431694416.0,1966205,198,D,2773.0,2774.0,8.429352592351226,8.505347476883781,8.329039344768246,8.420233206207314,8.429352592351226,8.432392387732524,16511239.59840219
2011-11-19,S*Mobarakeh Steel,2770.0,2849.0,2750.0,2776.0,7866342397.0,2822661,254,D,2770.0,2770.0,8.420233206207314,8.660377041330198,8.359437298581273,8.438471978495134,8.420233206207314,8.420233206207314,23912071.286142904
2011-11-20,S*Mobarakeh Steel,2790.0,2790.0,2734.0,2764.0,10707045180.0,3889536,337,D,2776.0,2750.0,8.481029113833364,8.481029113833364,8.310800572480439,8.401994433919505,8.438471978495134,8.359437298581273,32547226.485558845
2011-11-21,S*Mobarakeh Steel,2788.0,2788.0,2730.0,2758.0,4058542598.0,1484744,156,D,2764.0,2733.0,8.474949523070755,8.474949523070755,8.298641390955227,8.383755661631689,8.401994433919505,8.307760777099134,12337139.044218956
2011-11-22,S*Mobarakeh Steel,2720.0,2798.0,2648.0,2684.0,30661221849.0,11425488,682,D,2758.0,2648.0,8.268243437142203,8.505347476883781,8.049378169688438,8.158810803415323,8.383755661631689,8.049378169688438,93203840.56167479
2011-11-23,S*Mobarakeh Steel,2605.0,2648.0,2582.0,2635.0,10915215537.0,4206740,397,D,2684.0,2586.0,7.91866696829244,8.049378169688438,7.84875167452249,8.009860829731512,8.158810803415323,7.860910856047697,33180021.775291484
2011-11-26,S*Mobarakeh Steel,2600.0,2648.0,2581.0,2625.0,6818394487.0,2617507,313,D,2635.0,2590.0,7.903467991385929,8.049378169688438,7.8457118791411835,7.979462875918487,8.009860829731512,7.873070037572909,20726524.069479533
2011-11-27,S*Mobarakeh Steel,2599.0,2599.0,2520.0,2524.0,20708837858.0,8205300,607,D,2625.0,2520.0,7.900428196004626,7.900428196004626,7.660284360881748,7.672443542406957,7.979462875918487,7.660284360881748,62950629.67288622
2011-11-28,S*Mobarakeh Steel,2500.0,2560.0,2444.0,2518.0,32230572442.0,12798242,737,D,2524.0,2543.0,7.599488453255701,7.78187617613384,7.429259911902773,7.6542047701191445,7.672443542406957,7.730199654651701,97974345.24592015
2011-11-29,S*Mobarakeh Steel,2530.0,2618.0,2530.0,2566.0,10918635921.0,4188230,556,D,2518.0,2599.0,7.6906823146947705,7.958184308249371,7.6906823146947705,7.800114948421653,7.6542047701191445,7.900428196004626,33190419.04277697
2011-11-30,S*Mobarakeh Steel,2560.0,2575.0,2490.0,2561.0,9247202877.0,3619047,317,D,2566.0,2574.0,7.78187617613384,7.827473106853373,7.569090499442678,7.784915971515137,7.800114948421653,7.824433311472071,28109604.595469765
2011-12-03,S*Mobarakeh Steel,2599.0,2630.0,2560.0,2574.0,8386624781.0,3235335,298,D,2561.0,2595.0,7.900428196004626,7.994661852824997,7.78187617613384,7.824433311472071,7.784915971515137,7.8882690144794205,25493623.27399905
2011-12-04,S*Mobarakeh Steel,2600.0,2676.0,2600.0,2667.0,28751791946.0,10778981,894,D,2574.0,2676.0,7.903467991385929,8.134492440364903,7.903467991385929,8.107134281933183,7.824433311472071,8.134492440364903,87399564.36161493
2011-12-07,S*Mobarakeh Steel,2730.0,2767.0,2691.0,2731.0,22295159380.0,8163996,896,D,2667.0,2708.0,8.298641390955227,8.41111382006341,8.180089371084438,8.301681186336529,8.107134281933183,8.231765892566576,67772722.50872223
2011-12-10,S*Mobarakeh Steel,2780.0,2780.0,2623.0,2698.0,12351536302.0,4616147,499,D,2731.0,2630.0,8.450631160020343,8.450631160020343,7.973383285155881,8.201367938753554,8.301681186336529,7.994661852824997,37546143.002807066
2011-12-11,S*Mobarakeh Steel,2670.0,2670.0,2596.0,2649.0,10138098066.0,3898803,373,D,2698.0,2599.0,8.116253668077091,8.116253668077091,7.891308809860724,8.05241796506974,8.201367938753554,7.900428196004626,30817743.676216394
2011-12-12,S*Mobarakeh Steel,2619.0,2619.0,2580.0,2627.0,8329295140.0,3207516,360,D,2649.0,2600.0,7.9612241036306735,7.9612241036306735,7.842672083759888,7.985542466681094,8.05241796506974,7.903467991385929,25319352.896075524
2011-12-13,S*Mobarakeh Steel,2600.0,2649.0,2570.0,2623.0,5791651719.0,2216439,280,D,2627.0,2580.0,7.903467991385929,8.05241796506974,7.81227412994686,7.973383285155881,7.985542466681094,7.842672083759888,17605436.145527616
2011-12-14,S*Mobarakeh Steel,2600.0,2611.0,2584.0,2611.0,10884962393.0,4184479,263,D,2623.0,2609.0,7.903467991385929,7.936905740580255,7.854831265285092,7.936905740580255,7.973383285155881,7.9308261498176496,33088058.40789042
2011-12-17,S*Mobarakeh Steel,2600.0,2600.0,2556.0,2601.0,5594800166.0,2171105,264,D,2611.0,2560.0,7.903467991385929,7.903467991385929,7.769716994608629,7.906507786767233,7.936905740580255,7.78187617613384,17007047.703916036
2011-12-18,S*Mobarakeh Steel,2576.0,2649.0,2575.0,2608.0,11190157828.0,4281149,341,D,2601.0,2617.0,7.830512902234677,8.05241796506974,7.827473106853373,7.927786354436349,7.906507786767233,7.955144512868068,34015790.08159796
2011-12-19,S*Mobarakeh Steel,2628.0,2633.0,2582.0,2605.0,9022289913.0,3469169,269,D,2608.0,2584.0,7.988582262062393,8.003781238968907,7.84875167452249,7.91866696829244,7.927786354436349,7.854831265285092,27425915.20630754
2011-12-20,S*Mobarakeh Steel,2600.0,2604.0,2580.0,2600.0,8211374110.0,3167355,289,D,2605.0,2595.0,7.903467991385929,7.915627172911142,7.842672083759888,7.903467991385929,7.91866696829244,7.8882690144794205,24960897.093723133
2011-12-21,S*Mobarakeh Steel,2585.0,2604.0,2575.0,2597.0,5941977517.0,2293805,276,D,2600.0,2600.0,7.857871060666397,7.915627172911142,7.827473106853373,7.8943486052420235,7.903467991385929,7.903467991385929,18062395.81197859
2011-12-24,S*Mobarakeh Steel,2580.0,2600.0,2550.0,2573.0,15439062835.0,6015341,317,D,2597.0,2550.0,7.842672083759888,7.903467991385929,7.751478222320818,7.821393516090772,7.8943486052420235,7.751478222320818,46931591.8974687
2011-12-25,S*Mobarakeh Steel,2580.0,2580.0,2551.0,2572.0,8557173850.0,3330191,282,D,2573.0,2577.0,7.842672083759888,7.842672083759888,7.754518017702119,7.818353720709468,7.821393516090772,7.833552697615978,26012057.546230655
2011-12-26,S*Mobarakeh Steel,2573.0,2594.0,2551.0,2571.0,4164750967.0,1621461,239,D,2572.0,2590.0,7.821393516090772,7.885229219098117,7.754518017702119,7.815313925328161,7.818353720709468,7.873070037572909,12659990.753760807
2011-12-27,S*Mobarakeh Steel,2562.0,2580.0,2530.0,2567.0,7267652137.0,2839587,237,D,2571.0,2550.0,7.787955766896443,7.842672083759888,7.6906823146947705,7.803154743802955,7.815313925328161,7.751478222320818,22092175.39896425
2011-12-28,S*Mobarakeh Steel,2552.0,2600.0,2550.0,2564.0,10805361523.0,4217177,287,D,2567.0,2550.0,7.7575578130834195,7.903467991385929,7.751478222320818,7.794035357659049,7.803154743802955,7.751478222320818,32846088.05091677
2011-12-31,S*Mobarakeh Steel,2560.0,2660.0,2549.0,2592.0,43330424544.0,16715394,1038,D,2564.0,2630.0,7.78187617613384,8.085855714264067,7.748438426939515,7.879149628335512,7.794035357659049,7.994661852824997,131715624.39871812
2012-01-01,S*Mobarakeh Steel,2695.0,2695.0,2620.0,2675.0,25721360270.0,9616994,929,D,2592.0,2636.0,8.192248552609648,8.192248552609648,7.964263899011975,8.131452644983602,7.879149628335512,8.012900625112811,78187672.149558
2012-01-02,S*Mobarakeh Steel,2650.0,2680.0,2600.0,2657.0,8721075331.0,3311272,365,D,2675.0,2640.0,8.055457760451048,8.14665162189011,7.903467991385929,8.07673632812016,8.131452644983602,8.025059806638023,26510284.511163052
2012-01-03,S*Mobarakeh Steel,2655.0,2763.0,2653.0,2741.0,29001185891.0,10579032,1014,D,2657.0,2763.0,8.070656737357558,8.398954638538203,8.06457714659495,8.332079140149547,8.07673632812016,8.398954638538203,88157670.92375071
2012-01-04,S*Mobarakeh Steel,2751.0,2849.0,2751.0,2819.0,37900031896.0,13446272,1381,D,2741.0,2810.0,8.362477093962573,8.660377041330198,8.362477093962573,8.56918317989113,8.332079140149547,8.541825021459408,115208341.9086699
2012-01-07,S*Mobarakeh Steel,2812.0,2850.0,2740.0,2813.0,13942834759.0,4963725,524,D,2819.0,2760.0,8.547904612222016,8.663416836711502,8.329039344768246,8.550944407603314,8.56918317989113,8.389835252394294,42383364.702669114
2012-01-08,S*Mobarakeh Steel,2780.0,2840.0,2750.0,2806.0,12696335404.0,4531668,390,D,2813.0,2800.0,8.450631160020343,8.63301888289848,8.359437298581273,8.529665839934202,8.550944407603314,8.511427067646382,38594261.72054382
2012-01-09,S*Mobarakeh Steel,2800.0,2918.0,2781.0,2903.0,42667136799.0,14696789,1215,D,2806.0,2895.0,8.511427067646382,8.870122922640055,8.453670955401645,8.82452599192052,8.529665839934202,8.800207628870103,129699365.37499276
2012-01-10,S*Mobarakeh Steel,2921.0,2970.0,2880.0,2911.0,11052896271.0,3787001,567,D,2903.0,2880.0,8.879242308783963,9.028192282467769,8.754610698150568,8.84884435497094,8.82452599192052,8.754610698150568,33598543.034599006
2012-01-11,S*Mobarakeh Steel,2866.0,2930.0,2860.0,2905.0,16010276560.0,5516236,455,D,2911.0,2903.0,8.712053562812336,8.906600467215686,8.69381479052452,8.830605582683127,8.84884435497094,8.82452599192052,48667964.740460165
2012-01-15,S*Mobarakeh Steel,2914.0,3021.0,2914.0,3011.0,50962604062.0,16926605,1149,D,2905.0,3021.0,8.857963741114846,9.183221846914194,8.857963741114846,9.152823893101168,8.830605582683127,9.183221846914194,154915888.44680443
2012-01-16,S*Mobarakeh Steel,3069.0,3126.0,3060.0,3095.0,33526882893.0,10833343,950,D,3011.0,3080.0,9.329132025216698,9.502400361950931,9.301773866784982,9.40816670513056,9.152823893101168,9.362569774411025,101914863.76760383
2012-01-17,S*Mobarakeh Steel,3073.0,3099.0,2981.0,3007.0,24326923627.0,8089455,695,D,3095.0,3001.0,9.341291206741907,9.42032588665577,9.061630031662096,9.14066471157596,9.40816670513056,9.122425939288142,73948870.08264793
2012-01-18,S*Mobarakeh Steel,2981.0,3078.0,2917.0,3035.0,21733641428.0,7154924,627,D,3007.0,3047.0,9.061630031662096,9.356490183648418,8.867083127258756,9.225778982252423,9.14066471157596,9.26225652682805,66065822.83171432
2012-01-21,S*Mobarakeh Steel,3059.0,3100.0,3024.0,3046.0,10117956168.0,3306164,339,D,3035.0,3043.0,9.298734071403677,9.42336568203707,9.1923412330581,9.259216731446749,9.225778982252423,9.25009734530284,30756516.42770533
2012-01-23,S*Mobarakeh Steel,3015.0,3057.0,2950.0,2981.0,25305111839.0,8487884,693,D,3046.0,2995.0,9.164983074626372,9.292654480641072,8.967396374841726,9.061630031662096,9.259216731446749,9.104187167000331,76922362.09152988
2012-01-25,S*Mobarakeh Steel,2990.0,3005.0,2950.0,2964.0,24395612703.0,8230350,626,D,2981.0,2963.0,9.08898819009382,9.134585120813355,8.967396374841726,9.00995351017996,9.061630031662096,9.006913714798662,74157670.81861864
2012-01-28,S*Mobarakeh Steel,3050.0,3079.0,3000.0,3012.0,16807003994.0,5544880,551,D,2964.0,3040.0,9.271375912971955,9.359529979029722,9.119386143906842,9.155863688482471,9.00995351017996,9.240977959158931,51089853.11449017
2012-01-29,S*Mobarakeh Steel,3021.0,3021.0,2961.0,3004.0,9357704881.0,3126717,327,D,3012.0,2972.0,9.183221846914194,9.183221846914194,9.000834124036055,9.131545325432054,9.155863688482471,9.03427187323038,28445508.076853614
2012-01-30,S*Mobarakeh Steel,2999.0,3001.0,2980.0,2999.0,6414668407.0,2147290,272,D,3004.0,2988.0,9.116346348525543,9.122425939288142,9.0585902362808,9.116346348525543,9.131545325432054,9.082908599331216,19499279.39618426
2012-01-31,S*Mobarakeh Steel,3040.0,3118.0,3000.0,3074.0,34976551254.0,11378325,1059,D,2999.0,3050.0,9.240977959158931,9.47808199890051,9.119386143906842,9.344331002123216,9.116346348525543,9.271375912971955,106321558.9557917
2012-02-01,S*Mobarakeh Steel,3096.0,3096.0,3020.0,3063.0,9110640279.0,2991414,397,D,3074.0,3050.0,9.411206500511863,9.411206500511863,9.180182051532892,9.310893252928885,9.344331002123216,9.271375912971955,27694482.24081072
2012-02-04,S*Mobarakeh Steel,3030.0,3050.0,2988.0,3030.0,14839246181.0,4928093,513,D,3063.0,2990.0,9.210580005345907,9.271375912971955,9.082908599331216,9.210580005345907,9.310893252928885,9.08898819009382,45108272.003011316
2012-02-05,S*Mobarakeh Steel,2981.0,2981.0,2912.0,2982.0,11618036568.0,3956316,384,D,3030.0,2931.0,9.061630031662096,9.061630031662096,8.851884150352241,9.064669827043401,9.210580005345907,8.909640262596985,35316453.89920741
2012-02-06,S*Mobarakeh Steel,2921.0,2940.0,2881.0,2960.0,7778773692.0,2665044,388,D,2982.0,2915.0,8.879242308783963,8.93699842102871,8.757650493531873,8.99779432865475,9.064669827043401,8.861003536496153,23645880.341137297
2012-02-07,S*Mobarakeh Steel,2900.0,2900.0,2871.0,2930.0,8456977152.0,2935415,359,D,2960.0,2872.0,8.81540660577662,8.81540660577662,8.727252539718846,8.906600467215686,8.99779432865475,8.73029233510015,25707480.086428516
2012-02-08,S*Mobarakeh Steel,2880.0,2945.0,2860.0,2920.0,6408071332.0,2213881,336,D,2930.0,2940.0,8.754610698150568,8.952197397935215,8.69381479052452,8.87620251340266,8.906600467215686,8.93699842102871,19479225.638069153
2012-02-12,S*Mobarakeh Steel,2920.0,2938.0,2872.0,2913.0,8384626585.0,2890894,300,D,2920.0,2888.0,8.87620251340266,8.9309188302661,8.73029233510015,8.854923945733544,8.87620251340266,8.778929061200987,25487549.16702732
2012-02-13,S*Mobarakeh Steel,2899.0,2900.0,2863.0,2906.0,4953237333.0,1720149,253,D,2913.0,2865.0,8.812366810395316,8.81540660577662,8.702934176668425,8.833645378064432,8.854923945733544,8.709013767431035,15056827.967347434
2012-02-14,S*Mobarakeh Steel,2860.0,2875.0,2790.0,2822.0,16881453554.0,6033069,480,D,2906.0,2790.0,8.69381479052452,8.739411721244057,8.481029113833364,8.578302566035036,8.833645378064432,8.481029113833364,51316164.54311819
2012-02-15,S*Mobarakeh Steel,2789.0,2850.0,2730.0,2808.0,7920806415.0,2845153,296,D,2822.0,2850.0,8.477989318452062,8.663416836711502,8.298641390955227,8.535745430696805,8.578302566035036,8.663416836711502,24077630.756506465
2012-02-21,S*Mobarakeh Steel,2768.0,2768.0,2661.0,2722.0,3102338666.0,1139903,92,D,2808.0,2725.0,8.414153615444713,8.414153615444713,8.088895509645367,8.274323027904806,8.535745430696805,8.283442414048718,9430474.748142276
2012-02-22,S*Mobarakeh Steel,2700.0,2711.0,2650.0,2683.0,16129091386.0,6036765,515,D,2722.0,2700.0,8.207447529516159,8.240885278710483,8.055457760451048,8.15577100803402,8.274323027904806,8.207447529516159,49029137.49976521
2012-02-25,S*Mobarakeh Steel,2686.0,2690.0,2656.0,2677.0,6520021385.0,2446661,245,D,2683.0,2670.0,8.16489039417793,8.177049575703135,8.073696532738857,8.137532235746201,8.15577100803402,8.116253668077091,19819530.89211511
2012-02-26,S*Mobarakeh Steel,2650.0,2748.0,2649.0,2691.0,6748632377.0,2481181,325,D,2677.0,2712.0,8.055457760451048,8.353357707818668,8.05241796506974,8.180089371084438,8.137532235746201,8.243925074091782,20514461.529711638
2012-02-27,S*Mobarakeh Steel,2749.0,2798.0,2744.0,2715.0,5178175144.0,1856445,242,D,2691.0,2798.0,8.356397503199972,8.505347476883781,8.341198526293457,8.253044460235694,8.180089371084438,8.505347476883781,15740592.886305472
2012-02-28,S*Mobarakeh Steel,2823.0,2823.0,2817.0,2823.0,23758649883.0,8417061,397,D,2715.0,2823.0,8.581342361416338,8.581342361416338,8.563103589128525,8.581342361416338,8.253044460235694,8.581342361416338,72221434.1803214
2012-02-29,S*Mobarakeh Steel,2850.0,2898.0,2818.0,2827.0,165736636099.0,58628939,600,D,2823.0,2823.0,8.663416836711502,8.80932701501401,8.566143384509825,8.59350154294155,8.581342361416338,8.581342361416338,503805460.9263171
2012-03-03,S*Mobarakeh Steel,2833.0,2895.0,2833.0,2836.0,7534674851.0,2639996,310,D,2827.0,2849.0,8.61174031522936,8.800207628870103,8.61174031522936,8.620859701373268,8.59350154294155,8.660377041330198,22903869.811684247
2012-03-04,S*Mobarakeh Steel,2869.0,2869.0,2802.0,2836.0,3252081312.0,1146898,233,D,2836.0,2840.0,8.721172948956244,8.721172948956244,8.517506658408994,8.620859701373268,8.620859701373268,8.63301888289848,9885661.751837064
2012-03-05,S*Mobarakeh Steel,2821.0,2868.0,2783.0,2833.0,3345733985.0,1188235,234,D,2836.0,2820.0,8.575262770653733,8.718133153574941,8.459750546164246,8.61174031522936,8.620859701373268,8.572222975272437,10170346.714669071
2012-03-06,S*Mobarakeh Steel,2800.0,2830.0,2772.0,2823.0,7005623981.0,2500465,238,D,2833.0,2773.0,8.511427067646382,8.602620929085454,8.426312796969924,8.581342361416338,8.61174031522936,8.429352592351226,21295663.420584295
2012-03-07,S*Mobarakeh Steel,2850.0,2934.0,2850.0,2860.0,10512008873.0,3621107,414,D,2823.0,2883.0,8.663416836711502,8.91875964874089,8.663416836711502,8.69381479052452,8.581342361416338,8.763730084294481,31954356.020354006
2012-03-10,S*Mobarakeh Steel,2916.0,2918.0,2850.0,2872.0,7571970038.0,2615698,305,D,2860.0,2910.0,8.864043331877456,8.870122922640055,8.663416836711502,8.73029233510015,8.69381479052452,8.845804559589636,23017239.548871655
2012-03-11,S*Mobarakeh Steel,2886.0,2986.0,2886.0,2968.0,30775099055.0,10368043,904,D,2872.0,2960.0,8.772849470438384,9.07682900856861,8.772849470438384,9.022112691705168,8.73029233510015,8.99779432865475,93550003.96650918
2012-03-12,S*Mobarakeh Steel,2970.0,2970.0,2850.0,2915.0,15940410962.0,5509282,383,D,2968.0,2877.0,9.028192282467769,9.028192282467769,8.663416836711502,8.861003536496153,9.022112691705168,8.74549131200666,48455587.61834785
2012-03-13,S*Mobarakeh Steel,2804.0,2937.0,2799.0,2890.0,8640733703.0,3031055,281,D,2915.0,2920.0,8.523586249171593,8.927879034884802,8.50838727226508,8.785008651963588,8.861003536496153,8.87620251340266,26266062.401442364
2012-03-14,S*Mobarakeh Steel,2919.0,2998.0,2919.0,2912.0,7449017319.0,2518664,272,D,2890.0,2960.0,8.873162718021357,9.11330655314424,8.873162718021357,8.851884150352241,8.785008651963588,8.99779432865475,22643488.441536896
2012-03-17,S*Mobarakeh Steel,2945.0,2965.0,2926.0,2942.0,18357875429.0,6225480,309,D,2912.0,2949.0,8.952197397935215,9.012993305561263,8.894441285690469,8.943078011791313,8.851884150352241,8.964356579460429,55804184.93959684
2012-03-18,S*Mobarakeh Steel,2931.0,3009.0,2931.0,2968.0,13210021528.0,4421421,335,D,2942.0,3000.0,8.909640262596985,9.146744302338561,8.909640262596985,9.022112691705168,8.943078011791313,9.119386143906842,40155762.427718095
2012-03-24,S*Mobarakeh Steel,3000.0,3086.0,3000.0,2988.0,4200884419.0,1362977,125,D,2968.0,3086.0,9.119386143906842,9.380808546698837,9.119386143906842,9.082908599331216,9.022112691705168,9.380808546698837,12769829.054260923
2012-03-25,S*Mobarakeh Steel,3107.0,3107.0,3015.0,3100.0,63915083881.0,20618237,838,D,2988.0,3107.0,9.444644249706185,9.444644249706185,9.164983074626372,9.42336568203707,9.082908599331216,9.444644249706185,194288776.77701157
2012-03-26,S*Mobarakeh Steel,3107.0,3107.0,3000.0,3081.0,13403737742.0,4372115,352,D,3100.0,3090.0,9.444644249706185,9.444644249706185,9.119386143906842,9.365609569792326,9.42336568203707,9.39296772822405,40744620.080318674
2012-03-27,S*Mobarakeh Steel,3082.0,3150.0,3082.0,3110.0,14280711543.0,4562281,383,D,3081.0,3140.0,9.368649365173622,9.575355451102187,9.368649365173622,9.453763635850096,9.365609569792326,9.544957497289163,43410440.990121566
2012-03-28,S*Mobarakeh Steel,3140.0,3170.0,3100.0,3115.0,7517113079.0,2403686,268,D,3110.0,3145.0,9.544957497289163,9.636151358728231,9.42336568203707,9.468962612756604,9.453763635850096,9.56015647419567,22850485.61827116
2012-04-02,S*Mobarakeh Steel,3090.0,3150.0,3049.0,3109.0,4986215257.0,1616812,212,D,3115.0,3050.0,9.39296772822405,9.575355451102187,9.268336117590657,9.450723840468791,9.468962612756604,9.271375912971955,15157074.108407572
2012-04-03,S*Mobarakeh Steel,3040.0,3050.0,2989.0,3078.0,7343121204.0,2440265,313,D,3109.0,3005.0,9.240977959158931,9.271375912971955,9.085948394712517,9.356490183648418,9.450723840468791,9.134585120813355,22321585.920262046
2012-04-04,S*Mobarakeh Steel,2990.0,3075.0,2990.0,3071.0,4130943328.0,1358733,181,D,3078.0,3049.0,9.08898819009382,9.347370797504514,9.08898819009382,9.335211615979304,9.356490183648418,9.268336117590657,12557222.44887587
2012-04-07,S*Mobarakeh Steel,3005.0,3050.0,3005.0,3061.0,4942875548.0,1635542,184,D,3071.0,3017.0,9.134585120813355,9.271375912971955,9.134585120813355,9.30481366216628,9.335211615979304,9.17106266538898,15025330.261162372
2012-04-08,S*Mobarakeh Steel,3020.0,3140.0,3020.0,3099.0,22265824100.0,7176831,607,D,3061.0,3099.0,9.180182051532892,9.544957497289163,9.180182051532892,9.42032588665577,9.30481366216628,9.42032588665577,67683549.26006901
2012-04-09,S*Mobarakeh Steel,3064.0,3182.0,3064.0,3145.0,25098814174.0,7980770,661,D,3099.0,3139.0,9.313933048310187,9.672628903303858,9.313933048310187,9.56015647419567,9.42032588665577,9.54191770190786,76295259.40228945
2012-04-10,S*Mobarakeh Steel,3150.0,3270.0,3150.0,3253.0,59284251843.0,18226526,1723,D,3145.0,3249.0,9.575355451102187,9.940130896858461,9.575355451102187,9.888454375376323,9.56015647419567,9.87629519385111,180211994.93631265
2012-04-11,S*Mobarakeh Steel,3251.0,3269.0,3190.0,3247.0,15333293191.0,4728417,524,D,3253.0,3250.0,9.882374784613718,9.937091101477154,9.696947266354279,9.870215603088504,9.888454375376323,9.879334989232412,46610073.82215549
2012-04-14,S*Mobarakeh Steel,3185.0,3364.0,3185.0,3310.0,29329053446.0,8860947,641,D,3247.0,3309.0,9.681748289447766,10.225871662700875,9.681748289447766,10.06172271211055,9.870215603088504,10.05868291672925,89154321.20311855
2012-04-15,S*Mobarakeh Steel,3442.0,3442.0,3365.0,3422.0,68147338265.0,19915446,1024,D,3310.0,3380.0,10.462975702442455,10.462975702442455,10.22891145808218,10.402179794816403,10.06172271211055,10.27450838880171,207153964.1059912
2012-04-16,S*Mobarakeh Steel,3355.0,3355.0,3286.0,3301.0,25037077385.0,7589666,811,D,3422.0,3322.0,10.198513504269151,10.198513504269151,9.988767622959292,10.03436455367883,10.402179794816403,10.098200256686177,76107592.1962308
2012-04-17,S*Mobarakeh Steel,3301.0,3320.0,3210.0,3295.0,9692063795.0,2950037,319,D,3301.0,3312.0,10.03436455367883,10.092120665923568,9.757743173980318,10.016125781391013,10.03436455367883,10.06780230287316,29461890.759328052
2012-04-18,S*Mobarakeh Steel,3300.0,3378.0,3300.0,3307.0,8749753479.0,2626717,290,D,3295.0,3319.0,10.031324758297528,10.268428798039102,10.031324758297528,10.052603325966642,10.016125781391013,10.089080870542269,26597460.212997757
2012-04-21,S*Mobarakeh Steel,3345.0,3345.0,3185.0,3288.0,10088710727.0,3095427,324,D,3307.0,3212.0,10.168115550456129,10.168115550456129,9.681748289447766,9.994847213721897,10.052603325966642,9.763822764742926,30667616.271229375
2012-04-22,S*Mobarakeh Steel,3249.0,3249.0,3187.0,3246.0,12451955881.0,3886332,353,D,3288.0,3200.0,9.87629519385111,9.87629519385111,9.68782788021037,9.867175807707206,9.994847213721897,9.7273452201673,37851397.97524358
2012-04-23,S*Mobarakeh Steel,3200.0,3200.0,3151.0,3219.0,10045173030.0,3158411,274,D,3246.0,3191.0,9.7273452201673,9.7273452201673,9.57839524648349,9.785101332412038,9.867175807707206,9.699987061735575,30535270.580976233
2012-04-24,S*Mobarakeh Steel,3180.0,3250.0,3170.0,3215.0,8827083406.0,2752417,291,D,3219.0,3216.0,9.666549312541253,9.879334989232412,9.636151358728231,9.772942150886834,9.785101332412038,9.775981946268134,26832527.367928818
2012-04-28,S*Mobarakeh Steel,3213.0,3230.0,3149.0,3198.0,10332136015.0,3255546,280,D,3215.0,3149.0,9.766862560124228,9.818539081606364,9.572315655720882,9.721265629404693,9.772942150886834,9.572315655720882,31407579.337383956
2012-04-29,S*Mobarakeh Steel,3150.0,3150.0,3071.0,3081.0,47537295079.0,15428891,689,D,3198.0,3120.0,9.575355451102187,9.575355451102187,9.335211615979304,9.365609569792326,9.721265629404693,9.484161589663112,144503650.02074784
2012-04-30,S*Mobarakeh Steel,3065.0,3134.0,3065.0,3096.0,13186387018.0,4241001,313,D,3081.0,3130.0,9.31697284369149,9.526718725001347,9.31697284369149,9.411206500511863,9.365609569792326,9.514559543476137,40083918.353380755
2012-05-01,S*Mobarakeh Steel,3102.0,3128.0,3095.0,3108.0,17489464495.0,5618957,384,D,3096.0,3096.0,9.42944527279968,9.508479952713529,9.40816670513056,9.447684045087488,9.411206500511863,9.411206500511863,53164393.39335122
2012-05-02,S*Mobarakeh Steel,3060.0,3100.0,3060.0,3081.0,54911647328.0,17823644,318,D,3108.0,3099.0,9.301773866784982,9.42336568203707,9.301773866784982,9.365609569792326,9.447684045087488,9.42032588665577,166920171.92735413
2012-05-05,S*Mobarakeh Steel,3099.0,3099.0,3057.0,3077.0,6887585493.0,2244806,237,D,3081.0,3059.0,9.42032588665577,9.42032588665577,9.292654480641072,9.353450388267115,9.365609569792326,9.298734071403677,20936850.56994599
2012-05-06,S*Mobarakeh Steel,3060.0,3150.0,3060.0,3093.0,12707941010.0,4089026,254,D,3077.0,3085.0,9.301773866784982,9.575355451102187,9.301773866784982,9.402087114367951,9.353450388267115,9.377768751317536,38629540.38805986
2012-05-07,S*Mobarakeh Steel,3061.0,3078.0,3057.0,3083.0,8035395180.0,2622160,238,D,3093.0,3070.0,9.30481366216628,9.356490183648418,9.292654480641072,9.371689160554936,9.402087114367951,9.332171820598003,24425957.1551026
2012-05-08,S*Mobarakeh Steel,3080.0,3080.0,3051.0,3080.0,4486780807.0,1463239,215,D,3083.0,3073.0,9.362569774411025,9.362569774411025,9.274415708353262,9.362569774411025,9.371689160554936,9.341291206741907,13638895.574034318
2012-05-09,S*Mobarakeh Steel,3071.0,3080.0,3021.0,3063.0,10835992412.0,3562116,300,D,3080.0,3040.0,9.335211615979304,9.362569774411025,9.183221846914194,9.310893252928885,9.362569774411025,9.240977959158931,32939199.68582417
2012-05-12,S*Mobarakeh Steel,3056.0,3056.0,2941.0,3025.0,8404496668.0,2840812,282,D,3063.0,2941.0,9.289614685259773,9.289614685259773,8.940038216410006,9.1953810284394,9.310893252928885,8.940038216410006,25547950.153556816
2012-05-13,S*Mobarakeh Steel,2921.0,2987.0,2906.0,2996.0,7420673104.0,2527098,315,D,3025.0,2934.0,8.879242308783963,9.079868803949909,8.833645378064432,9.107226962381633,9.1953810284394,8.91875964874089,22557327.82769325
2012-05-14,S*Mobarakeh Steel,2950.0,3000.0,2950.0,2990.0,11108330294.0,3723028,346,D,2996.0,2980.0,8.967396374841726,9.119386143906842,8.967396374841726,9.08898819009382,9.107226962381633,9.0585902362808,33767051.12168141
2012-05-15,S*Mobarakeh Steel,3000.0,3030.0,2946.0,2984.0,5555343629.0,1874550,175,D,2990.0,2969.0,9.119386143906842,9.210580005345907,8.955237193316522,9.070749417806002,9.08898819009382,9.025152487086473,16887107.904981256
2012-05-16,S*Mobarakeh Steel,2997.0,2997.0,2930.0,2980.0,2651705505.0,898559,146,D,2984.0,2930.0,9.110266757762936,9.110266757762936,8.906600467215686,9.0585902362808,9.070749417806002,8.906600467215686,8060642.146672831
2012-05-19,S*Mobarakeh Steel,2950.0,2950.0,2891.0,2971.0,2670011919.0,919369,182,D,2980.0,2910.0,8.967396374841726,8.967396374841726,8.788048447344892,9.031232077849076,9.0585902362808,8.845804559589636,8116289.899398241
2012-05-20,S*Mobarakeh Steel,2910.0,2940.0,2890.0,2962.0,3355684878.0,1152206,203,D,2971.0,2910.0,8.845804559589636,8.93699842102871,8.785008651963588,9.003873919417355,9.031232077849076,8.845804559589636,10200595.393250307
2012-05-21,S*Mobarakeh Steel,2920.0,2997.0,2900.0,2962.0,3015850807.0,1018577,228,D,2962.0,2997.0,8.87620251340266,9.110266757762936,8.81540660577662,9.003873919417355,9.003873919417355,9.110266757762936,9167569.353815356
2012-05-22,S*Mobarakeh Steel,3000.0,3040.0,2999.0,2975.0,5620462603.0,1863177,283,D,2962.0,3010.0,9.119386143906842,9.240977959158931,9.116346348525543,9.043391259374282,9.003873919417355,9.149784097719868,17085056.261381593
2012-05-23,S*Mobarakeh Steel,3047.0,3080.0,3041.0,2992.0,4781462658.0,1561740,275,D,2975.0,3050.0,9.26225652682805,9.362569774411025,9.244017754540236,9.095067780856423,9.043391259374282,9.271375912971955,14534668.103657728
2012-05-26,S*Mobarakeh Steel,3000.0,3000.0,2897.0,2979.0,4414228146.0,1508696,241,D,2992.0,2934.0,9.119386143906842,9.119386143906842,8.806287219632706,9.055550440899497,9.095067780856423,8.91875964874089,13418350.330225332
2012-05-27,S*Mobarakeh Steel,2944.0,2968.0,2932.0,2975.0,3646697283.0,1235516,171,D,2979.0,2958.0,8.949157602553916,9.022112691705168,8.912680057978289,9.043391259374282,9.055550440899497,8.991714737892144,11085213.557870978
2012-05-28,S*Mobarakeh Steel,2950.0,2960.0,2889.0,2954.0,7074087470.0,2432036,291,D,2975.0,2890.0,8.967396374841726,8.99779432865475,8.781968856582287,8.979555556366938,9.043391259374282,8.785008651963588,21503778.41823435
2012-05-29,S*Mobarakeh Steel,2900.0,2906.0,2888.0,2943.0,4010004652.0,1386920,202,D,2954.0,2890.0,8.81540660577662,8.833645378064432,8.778929061200987,8.946117807172607,8.979555556366938,8.785008651963588,12189593.620150259
2012-05-30,S*Mobarakeh Steel,2885.0,2901.0,2873.0,2929.0,5986891714.0,2069932,240,D,2943.0,2873.0,8.76980967505708,8.818446401157916,8.733332130481456,8.903560671834382,8.946117807172607,8.733332130481456,18198925.780574095
2012-06-02,S*Mobarakeh Steel,2890.0,2890.0,2850.0,2917.0,3903245240.0,1363244,205,D,2929.0,2850.0,8.785008651963588,8.785008651963588,8.663416836711502,8.867083127258756,8.903560671834382,8.663416836711502,11865066.85264211
2012-06-05,S*Mobarakeh Steel,2856.0,2870.0,2810.0,2909.0,2099385596.0,740828,176,D,2917.0,2840.0,8.681655608999314,8.724212744337546,8.541825021459408,8.842764764208335,8.867083127258756,8.63301888289848,6381702.638293336
2012-06-06,S*Mobarakeh Steel,2830.0,2839.0,2820.0,2899.0,2574358356.0,910940,172,D,2909.0,2830.0,8.602620929085454,8.629979087517178,8.572222975272437,8.812366810395316,8.842764764208335,8.602620929085454,7825522.640385732
2012-06-09,S*Mobarakeh Steel,2822.0,2822.0,2784.0,2887.0,2361727878.0,845467,137,D,2899.0,2784.0,8.578302566035036,8.578302566035036,8.46279034154555,8.775889265819684,8.812366810395316,8.46279034154555,7179169.495437233
2012-06-10,S*Mobarakeh Steel,2772.0,2820.0,2772.0,2837.0,11433562359.0,4094499,372,D,2887.0,2782.0,8.426312796969924,8.572222975272437,8.426312796969924,8.623899496754573,8.775889265819684,8.456710750782943,34755690.05071982
2012-06-11,S*Mobarakeh Steel,2828.0,2870.0,2820.0,2838.0,137255814016.0,48365061,295,D,2837.0,2866.0,8.596541338322849,8.724212744337546,8.572222975272437,8.626939292135875,8.623899496754573,8.712053562812336,417229589.50272167
2012-06-12,S*Mobarakeh Steel,2860.0,2860.0,2791.0,2835.0,2544016956.0,904313,171,D,2838.0,2791.0,8.69381479052452,8.69381479052452,8.484068909214665,8.617819905991965,8.626939292135875,8.484068909214665,7733290.992803486
2012-06-13,S*Mobarakeh Steel,2800.0,2850.0,2792.0,2839.0,29624806875.0,10435084,178,D,2835.0,2835.0,8.511427067646382,8.663416836711502,8.48710870459597,8.629979087517178,8.617819905991965,8.617819905991965,90053351.11059706
2012-06-16,S*Mobarakeh Steel,2830.0,2835.0,2796.0,2835.0,3212251884.0,1141973,179,D,2839.0,2800.0,8.602620929085454,8.617819905991965,8.49926788612118,8.617819905991965,8.629979087517178,8.511427067646382,9764588.44056275
2012-06-17,S*Mobarakeh Steel,2800.0,2810.0,2755.0,2825.0,3327435534.0,1200357,216,D,2835.0,2777.0,8.511427067646382,8.541825021459408,8.374636275487784,8.587421952178945,8.617819905991965,8.44151177387643,10114723.167834286
2012-06-19,S*Mobarakeh Steel,2757.0,2800.0,2757.0,2821.0,2751903490.0,985160,117,D,2825.0,2780.0,8.380715866250386,8.511427067646382,8.380715866250386,8.575262770653733,8.587421952178945,8.450631160020343,8365223.518691625
2012-06-20,S*Mobarakeh Steel,2790.0,2790.0,2709.0,2782.0,7639215039.0,2814069,331,D,2821.0,2709.0,8.481029113833364,8.481029113833364,8.23480568794788,8.456710750782943,8.575262770653733,8.23480568794788,23221650.59232713
2012-06-23,S*Mobarakeh Steel,2671.0,2671.0,2671.0,2775.0,1224413110.0,458410,37,D,2782.0,2671.0,8.119293463458392,8.119293463458392,8.119293463458392,8.43543218311383,8.456710750782943,8.119293463458392,3721965.3165839612
2012-06-24,S*Mobarakeh Steel,2664.0,2680.0,2664.0,2665.0,28926524837.0,10856112,365,D,2775.0,2664.0,8.098014895789275,8.14665162189011,8.098014895789275,8.10105469117058,8.43543218311383,8.098014895789275,87930716.5966383
2012-06-25,S*Mobarakeh Steel,2565.0,2660.0,2559.0,2630.0,7235281429.0,2815592,233,D,2665.0,2559.0,7.797075153040352,8.085855714264067,7.778836380752534,7.994661852824997,8.10105469117058,7.778836380752534,21993775.07029637
2012-06-26,S*Mobarakeh Steel,2525.0,2527.0,2525.0,2611.0,3497732425.0,1385197,151,D,2630.0,2525.0,7.675483337788256,7.6815629285508615,7.675483337788256,7.936905740580255,7.994661852824997,7.675483337788256,10632390.870546231
2012-06-27,S*Mobarakeh Steel,2507.0,2508.0,2507.0,2507.0,41083738214.0,16387602,545,D,2611.0,2507.0,7.62076702092482,7.623806816306119,7.62076702092482,7.62076702092482,7.936905740580255,7.62076702092482,124886157.66954923
2012-06-30,S*Mobarakeh Steel,2557.0,2597.0,2470.0,2518.0,8651140360.0,3416489,439,D,2507.0,2504.0,7.77275678998993,7.8943486052420235,7.508294591816638,7.6542047701191445,7.62076702092482,7.611647634780913,26297696.509325758
2012-07-01,S*Mobarakeh Steel,2525.0,2525.0,2475.0,2512.0,3758364701.0,1510448,212,D,2518.0,2486.0,7.675483337788256,7.675483337788256,7.523493568723148,7.635965997831329,7.6542047701191445,7.556931317917472,11424659.659349326
2012-07-02,S*Mobarakeh Steel,2520.0,2540.0,2490.0,2527.0,121031318752.0,47888997,903,D,2512.0,2510.0,7.660284360881748,7.721080268507792,7.569090499442678,7.6815629285508615,7.635965997831329,7.629886407068726,367910443.73525363
2012-07-03,S*Mobarakeh Steel,2530.0,2548.0,2494.0,2515.0,10381580013.0,4143499,405,D,2527.0,2500.0,7.6906823146947705,7.745398631558211,7.581249680967889,7.645085383975238,7.6815629285508615,7.599488453255701,31557878.97413746
2012-07-04,S*Mobarakeh Steel,2519.0,2528.0,2488.0,2512.0,14093588583.0,5612272,339,D,2515.0,2515.0,7.657244565500443,7.684602723932168,7.5630109086800745,7.635965997831329,7.645085383975238,7.645085383975238,42841625.48057796
2012-07-07,S*Mobarakeh Steel,2534.0,2534.0,2495.0,2508.0,9122958664.0,3644446,263,D,2512.0,2504.0,7.702841496219982,7.702841496219982,7.5842894763491895,7.623806816306119,7.635965997831329,7.611647634780913,27731927.610638835
2012-07-08,S*Mobarakeh Steel,2500.0,2500.0,2408.0,2414.0,32054085914.0,13280468,590,D,2508.0,2408.0,7.599488453255701,7.599488453255701,7.319827278175894,7.3380660504637065,7.623806816306119,7.319827278175894,97437862.3132437
2012-07-09,S*Mobarakeh Steel,2425.0,2425.0,2358.0,2403.0,7029349779.0,2948542,312,D,2414.0,2401.0,7.371503799658032,7.371503799658032,7.167837509110778,7.304628301269379,7.3380660504637065,7.298548710506774,21367784.991762403
2012-07-10,S*Mobarakeh Steel,2400.0,2450.0,2396.0,2411.0,17370993471.0,7202207,814,D,2403.0,2400.0,7.295508915125474,7.447498684190588,7.283349733600266,7.3289466643197985,7.304628301269379,7.295508915125474,52804265.721777864
2012-07-11,S*Mobarakeh Steel,2446.0,2446.0,2400.0,2413.0,14853639581.0,6154742,417,D,2411.0,2408.0,7.435339502665379,7.435339502665379,7.295508915125474,7.335026255082402,7.3289466643197985,7.319827278175894,45152024.99385254
2012-07-14,S*Mobarakeh Steel,2431.0,2459.0,2425.0,2424.0,7316297174.0,2998011,314,D,2413.0,2451.0,7.3897425719458445,7.4748568426223105,7.371503799658032,7.368464004276731,7.335026255082402,7.4505384795718905,22240046.357760135
2012-08-01,S*Mobarakeh Steel,2130.0,2135.0,2126.0,2130.0,24512723888.0,11507905,526,D,2124.0,2130.0,10.344990424083429,10.369274439163439,10.32556321201942,10.344990424083429,10.31584960598742,10.344990424083429,119053471.3096531
2012-08-04,S*Mobarakeh Steel,2120.0,2120.0,2045.0,2082.0,10573305511.0,5138024,316,D,2130.0,2045.0,10.296422393923416,10.296422393923416,9.932162167723293,10.111863879315354,10.344990424083429,9.932162167723293,51352462.09493125
2012-08-05,S*Mobarakeh Steel,1999.0,2037.0,1999.0,2005.0,14424974615.0,7216051,339,D,2082.0,1999.0,9.70874922898722,9.89330774359528,9.70874922898722,9.737890047083228,10.111863879315354,9.70874922898722,70059260.21587867
2012-08-06,S*Mobarakeh Steel,1946.0,2058.0,1935.0,1991.0,12485418765.0,6283112,540,D,2005.0,1941.0,9.451338669139133,9.995300606931309,9.397913835963118,9.669894804859206,9.737890047083228,9.427054654059127,60639219.51389511
2012-08-07,S*Mobarakeh Steel,1965.0,1969.0,1912.0,1968.0,4622383907.0,2410583,263,D,1991.0,1915.0,9.543617926443165,9.563045138507173,9.28620736659508,9.558188335491167,9.669894804859206,9.300777775643082,22450008.100634903
2012-08-08,S*Mobarakeh Steel,1929.0,1954.0,1895.0,1954.0,5781569260.0,2994028,288,D,1968.0,1934.0,9.368773017867104,9.490193093267147,9.203641715323052,9.490193093267147,9.558188335491167,9.393057032947112,28079943.019190185
2012-08-11,S*Mobarakeh Steel,1960.0,2032.0,1960.0,1990.0,8454396712.0,4183610,446,D,1954.0,2032.0,9.519333911363153,9.869023728515272,9.519333911363153,9.665038001843204,9.490193093267147,9.869023728515272,41061339.449315704
2012-08-12,S*Mobarakeh Steel,2058.0,2058.0,1951.0,1992.0,3224070511.0,1612962,285,D,1990.0,1982.0,9.995300606931309,9.995300606931309,9.475622684219141,9.67475160787521,9.665038001843204,9.626183577715187,15658675.38162665
2012-08-13,S*Mobarakeh Steel,2000.0,2029.0,1977.0,1995.0,2246062826.0,1116079,188,D,1992.0,2024.0,9.713606032003222,9.85445331946727,9.601899562635182,9.689322016923208,9.67475160787521,9.83016930438726,10908684.7074459
2012-08-14,S*Mobarakeh Steel,2039.0,2074.0,2032.0,2035.0,8812875360.0,4261304,251,D,1995.0,2074.0,9.903021349627283,10.073009455187343,9.869023728515272,9.883594137563275,9.689322016923208,10.073009455187343,42802399.62809426
2012-08-15,S*Mobarakeh Steel,2116.0,2116.0,2116.0,2039.0,869024272.0,410692,43,D,2035.0,2116.0,10.276995181859407,10.276995181859407,10.276995181859407,9.903021349627283,9.883594137563275,10.276995181859407,4220679.705228203
2012-08-18,S*Mobarakeh Steel,2120.0,2120.0,2120.0,2040.0,197251160.0,93043,11,D,2039.0,2120.0,10.296422393923416,10.296422393923416,10.296422393923416,9.907878152643285,9.903021349627283,10.296422393923416,958010.0287978159
2012-08-21,S*Mobarakeh Steel,2121.0,2121.0,2121.0,2042.0,502456416.0,236896,11,D,2040.0,2121.0,10.301279196939415,10.301279196939415,10.301279196939415,9.917591758675288,9.907878152643285,10.301279196939415,2440331.8366381605
2012-08-22,S*Mobarakeh Steel,2123.0,2123.0,2123.0,2046.0,873060397.0,411239,16,D,2042.0,2123.0,10.310992802971416,10.310992802971416,10.310992802971416,9.937018970739292,9.917591758675288,10.310992802971416,4240282.369301163
2012-08-25,S*Mobarakeh Steel,2127.0,2127.0,2127.0,2047.0,280285425.0,131775,10,D,2046.0,2127.0,10.33042001503542,10.33042001503542,10.33042001503542,9.941875773755296,9.937018970739292,10.33042001503542,1361291.097481293
2012-08-26,S*Mobarakeh Steel,2210.0,2298.0,2210.0,2232.0,42182857225.0,18895817,1313,D,2047.0,2220.0,10.733534665363559,11.160933330771698,10.733534665363559,10.840384331715594,9.941875773755296,10.782102695523571,204873828.19394526
2012-08-27,S*Mobarakeh Steel,2229.0,2248.0,2158.0,2219.0,7247089583.0,3290918,535,D,2232.0,2239.0,10.825813922667587,10.918093179971619,10.480980908531476,10.777245892507569,10.840384331715594,10.874381952827603,35197686.54394825
2012-09-02,S*Mobarakeh Steel,2240.0,2307.0,2211.0,2289.0,25056169837.0,10945411,632,D,2219.0,2307.0,10.879238755843609,11.204644557915715,10.738391468379561,11.117222103627688,10.777245892507569,11.204644557915715,121692881.23379017
2012-09-03,S*Mobarakeh Steel,2345.0,2380.0,2320.0,2377.0,69472965950.0,29221944,1110,D,2289.0,2380.0,11.389203072523774,11.559191178083832,11.267782997123733,11.544620769035827,11.117222103627688,11.559191178083832,337416510.55653715
2012-09-04,S*Mobarakeh Steel,2400.0,2472.0,2380.0,2459.0,78794821624.0,32040758,1660,D,2377.0,2472.0,11.656327238403865,12.006017055555983,11.559191178083832,11.942878616347961,11.544620769035827,12.006017055555983,382690927.308752
2012-09-05,S*Mobarakeh Steel,2500.0,2529.0,2421.0,2471.0,24425308581.0,9883881,801,D,2459.0,2455.0,12.142007540004023,12.28285482746807,11.758320101739898,12.001160252539979,11.942878616347961,11.923451404283954,118628912.38297081
2012-09-08,S*Mobarakeh Steel,2457.0,2522.0,2431.0,2482.0,22674187163.0,9133615,710,D,2471.0,2450.0,11.933165010315955,12.248857206356059,11.806888131899914,12.054585085715997,12.001160252539979,11.899167389203944,110124060.59864342
2012-09-09,S*Mobarakeh Steel,2448.0,2478.0,2383.0,2396.0,22742386078.0,9491040,815,D,2482.0,2429.0,11.889453783171941,12.035157873651992,11.573761587131834,11.636900026339859,12.054585085715997,11.797174525867913,110455289.29470344
2012-09-10,S*Mobarakeh Steel,2393.0,2491.0,2393.0,2467.0,50300372701.0,20392385,1003,D,2396.0,2491.0,11.622329617291852,12.09829631286001,11.622329617291852,11.981733040475973,11.636900026339859,12.09829631286001,244299001.84022176
2012-09-11,S*Mobarakeh Steel,2502.0,2530.0,2420.0,2477.0,17578069900.0,7093799,617,D,2467.0,2420.0,12.151721146036026,12.287711630484074,11.753463298723897,12.030301070635993,11.981733040475973,11.753463298723897,85373222.90580712
2012-09-15,S*Mobarakeh Steel,2500.0,2576.0,2481.0,2559.0,29723937260.0,11617227,969,D,2477.0,2555.0,12.142007540004023,12.511124569220149,12.049728282699995,12.428558917948115,12.030301070635993,12.409131705884112,144363308.13181058
2012-09-16,S*Mobarakeh Steel,2557.0,2600.0,2490.0,2546.0,9210909996.0,3638600,424,D,2559.0,2547.0,12.418845311916114,12.627687841604184,12.093439509844009,12.365420478740099,12.428558917948115,12.370277281756097,44735575.44869216
2012-09-17,S*Mobarakeh Steel,2500.0,2598.0,2500.0,2556.0,14655155666.0,5726483,498,D,2546.0,2540.0,12.142007540004023,12.617974235572186,12.142007540004023,12.413988508900113,12.365420478740099,12.336279660644086,71177204.23860188
2012-09-18,S*Mobarakeh Steel,2550.0,2590.0,2500.0,2542.0,10894877078.0,4304599,461,D,2556.0,2510.0,12.384847690804108,12.579119811444171,12.142007540004023,12.345993266676091,12.413988508900113,12.190575570164043,52914271.85139721
2012-09-19,S*Mobarakeh Steel,2508.0,2549.0,2460.0,2506.0,13221085814.0,5310293,552,D,2542.0,2469.0,12.180861964132037,12.379990887788106,11.947735419363964,12.171148358100034,12.345993266676091,11.991446646507978,64212209.45625132
2012-09-22,S*Mobarakeh Steel,2470.0,2606.0,2470.0,2597.0,56078314188.0,21596603,1343,D,2506.0,2606.0,11.996303449523982,12.656828659700194,11.996303449523982,12.61311743255618,12.171148358100034,12.656828659700194,272361325.48056436
2012-09-23,S*Mobarakeh Steel,2690.0,2700.0,2586.0,2657.0,46250261924.0,17403845,1158,D,2597.0,2680.0,13.064800113044331,13.113368143204347,12.559692599380162,12.90452561351628,12.61311743255618,13.016232082884311,224628411.60334766
2012-09-24,S*Mobarakeh Steel,2621.0,2700.0,2588.0,2648.0,17747892881.0,6704904,617,D,2657.0,2670.0,12.72968070494022,13.113368143204347,12.569406205412166,12.86081438637226,12.90452561351628,12.9676640527243,86198019.67211431
2012-09-25,S*Mobarakeh Steel,2651.0,2729.0,2642.0,2683.0,46465455988.0,17317124,1130,D,2648.0,2691.0,12.875384795420274,13.254215430668397,12.831673568276257,13.03080249193232,12.86081438637226,13.069656916060334,225673566.7824085
2012-09-26,S*Mobarakeh Steel,2735.0,2790.0,2730.0,2788.0,49962970456.0,17921694,783,D,2683.0,2790.0,13.283356248764408,13.550480414644491,13.259072233684396,13.540766808612481,13.03080249193232,13.550480414644491,242660305.59910005
2012-09-29,S*Mobarakeh Steel,2899.0,2899.0,2862.0,2899.0,72155109635.0,24890309,991,D,2788.0,2899.0,14.079871943388675,14.079871943388675,13.900170231796611,14.079871943388675,13.540766808612481,14.079871943388675,350443154.09519464
2012-09-30,S*Mobarakeh Steel,3014.0,3014.0,2862.0,2980.0,95898238038.0,32184553,1896,D,2899.0,2926.0,14.638404290228852,14.638404290228852,13.900170231796611,14.473272987684801,14.079871943388675,14.211005624820704,465758851.73219883
2012-10-01,S*Mobarakeh Steel,2930.0,2980.0,2861.0,2907.0,41437227697.0,14254058,989,D,2980.0,2861.0,14.230432836884722,14.473272987684801,13.895313428780602,14.118726367516677,14.473272987684801,13.895313428780602,201252452.45353496
2012-10-02,S*Mobarakeh Steel,2851.0,3020.0,2799.0,2915.0,85890700615.0,29467609,1855,D,2907.0,2999.0,13.846745398620593,14.667545108324868,13.594191641788502,14.1575807916447,14.118726367516677,14.565552244988831,417154213.7934233
2012-10-03,S*Mobarakeh Steel,3031.0,3031.0,2971.0,3029.0,134381824250.0,44360056,1523,D,2915.0,2974.0,14.720969941500872,14.720969941500872,14.429561760540782,14.711256335468875,14.1575807916447,14.444132169588784,652666049.3131982
2012-10-06,S*Mobarakeh Steel,3020.0,3069.0,2960.0,3012.0,45245567071.0,15023088,1013,D,3029.0,2998.0,14.667545108324868,14.905528456108938,14.376136927364765,14.62869068419685,14.711256335468875,14.56069544197283,219748806.6111359
2012-10-07,S*Mobarakeh Steel,3030.0,3132.0,3016.0,3084.0,80894368280.0,26233023,1956,D,3012.0,3100.0,14.716113138484872,15.21150704611704,14.648117896260853,14.978380501348969,14.62869068419685,15.05608934960499,392888011.8398491
2012-10-08,S*Mobarakeh Steel,3130.0,3197.0,3110.0,3166.0,44893962229.0,14179511,1077,D,3084.0,3186.0,15.201793440085037,15.527199242157142,15.10465737976501,15.37663834866109,14.978380501348969,15.473774408981132,218041131.15406957
2012-10-09,S*Mobarakeh Steel,3233.0,3245.0,3112.0,3173.0,30974012188.0,9762991,1061,D,3166.0,3130.0,15.702044150733206,15.76032578692523,15.114370985797015,15.41063596977311,15.37663834866109,15.201793440085037,150434675.81234908
2012-10-10,S*Mobarakeh Steel,3101.0,3101.0,3047.0,3060.0,46993487969.0,15357552,1276,D,3173.0,3055.0,15.060946152620994,15.060946152620994,14.798678789756906,14.86181722896493,15.41063596977311,14.83753321388492,228238114.1002745
2012-10-13,S*Mobarakeh Steel,3039.0,3039.0,2938.0,2976.0,19432650546.0,6563929,681,D,3060.0,2938.0,14.759824365628894,14.759824365628894,14.26928726101273,14.453845775620794,14.86181722896493,14.26928726101273,94380555.78071813
2012-10-14,S*Mobarakeh Steel,2911.0,3090.0,2883.0,3016.0,52828080823.0,17517899,1368,D,2976.0,3065.0,14.138153579580688,15.007521319444978,14.00216309513265,14.648117896260853,14.453845775620794,14.886101244044935,256575582.2707233
2012-10-15,S*Mobarakeh Steel,3086.0,3136.0,3076.0,3126.0,60251641290.0,19274999,1342,D,3016.0,3100.0,14.988094107380967,15.230934258181046,14.939526077220947,15.182366228021035,14.648117896260853,15.05608934960499,292630353.1363192
2012-10-16,S*Mobarakeh Steel,3100.0,3200.0,3091.0,3156.0,52955409617.0,16780143,1486,D,3126.0,3114.0,15.05608934960499,15.541769651205152,15.012378122460978,15.328070318501078,15.182366228021035,15.124084591829014,257193993.14144626
2012-10-17,S*Mobarakeh Steel,3123.0,3280.0,3101.0,3190.0,93737983885.0,29384570,2086,D,3156.0,3267.0,15.167795818973024,15.930313892485282,15.060946152620994,15.49320162104514,15.328070318501078,15.867175453277264,455266922.84657824
2012-10-22,S*Mobarakeh Steel,3781.0,3820.0,3691.0,3746.0,296279734565.0,79095495,4875,D,3190.0,3735.0,18.363572203502084,18.55298752112615,17.92645993206194,18.19358409794203,15.49320162104514,18.140159264766016,1438972308.4154482
2012-10-23,S*Mobarakeh Steel,3740.0,3790.0,3621.0,3706.0,98059925037.0,26462618,2341,D,3746.0,3691.0,18.16444327984602,18.407283430646103,17.586483720941825,17.999311977301968,18.19358409794203,17.92645993206194,476257739.6685934
2012-10-24,S*Mobarakeh Steel,3676.0,3848.0,3670.0,3752.0,112488307984.0,29981039,2639,D,3706.0,3790.0,17.853607886821923,18.68897800557419,17.824467068725905,18.222724916038047,17.999311977301968,18.407283430646103,546333553.4816095
2012-10-27,S*Mobarakeh Steel,3802.0,3894.0,3792.0,3852.0,81080186410.0,21047064,2084,D,3752.0,3823.0,18.465565066838124,18.912390944310264,18.416997036678108,18.7084052176382,18.222724916038047,18.567557930174154,393790493.89406073
2012-10-28,S*Mobarakeh Steel,3859.0,3859.0,3738.0,3774.0,58429496193.0,15481359,1598,D,3852.0,3754.0,18.742402838750206,18.742402838750206,18.154729673814025,18.32957458239007,18.7084052176382,18.232438522070034,283780553.3336169
2012-10-29,S*Mobarakeh Steel,3745.0,3750.0,3670.0,3707.0,64481961068.0,17394623,1614,D,3774.0,3702.0,18.188727294926032,18.21301131000604,17.824467068725905,18.004168780317972,18.32957458239007,17.979884765237962,313176182.9927609
2012-10-30,S*Mobarakeh Steel,3683.0,3790.0,3640.0,3698.0,92343228884.0,24970059,1908,D,3707.0,3660.0,17.887605507933923,18.407283430646103,17.678762978245853,17.96045755317396,18.004168780317972,17.775899038565896,448492872.5511383
2012-10-31,S*Mobarakeh Steel,3639.0,3640.0,3555.0,3593.0,80129201842.0,22302046,1835,D,3698.0,3600.0,17.673906175229863,17.678762978245853,17.265934721885724,17.450493236493788,17.96045755317396,17.4844908576058,389171749.1760273
2012-11-04,S*Mobarakeh Steel,3590.0,3649.0,3520.0,3579.0,44995770113.0,12572818,999,D,3593.0,3550.0,17.43592282744578,17.722474205389872,17.09594661632567,17.382497994269766,17.450493236493788,17.241650706805714,218535591.99213356
2012-11-05,S*Mobarakeh Steel,3520.0,3520.0,3436.0,3438.0,75059710748.0,21829919,1696,D,3579.0,3436.0,17.09594661632567,17.09594661632567,16.687975162981527,16.697688769013535,17.382497994269766,16.687975162981527,364550229.54109496
2012-11-06,S*Mobarakeh Steel,3410.0,3560.0,3410.0,3507.0,45113603029.0,12865310,1211,D,3438.0,3526.0,16.561698284565487,17.290218736965734,16.561698284565487,17.032808177117644,16.697688769013535,17.125087434421676,219107883.25394654
2012-11-07,S*Mobarakeh Steel,3599.0,3647.0,3550.0,3616.0,87228568419.0,24120300,2131,D,3507.0,3647.0,17.47963405458979,17.71276059935787,17.241650706805714,17.562199705861826,17.032808177117644,17.71276059935787,423651974.1789021
2012-11-10,S*Mobarakeh Steel,3650.0,3650.0,3530.0,3582.0,33662616757.0,9398520,979,D,3616.0,3559.0,17.727331008405876,17.727331008405876,17.144514646485685,17.39706840331777,17.562199705861826,17.285361933949726,163492698.59190392
2012-11-11,S*Mobarakeh Steel,3566.0,3581.0,3470.0,3536.0,15707227356.0,4484830,700,D,3582.0,3480.0,17.319359555061737,17.39221160030176,16.853106465525588,17.173655464581696,17.39706840331777,16.901674495685604,76286909.19564378
2012-11-12,S*Mobarakeh Steel,3479.0,3539.0,3400.0,3487.0,23022789661.0,6618830,782,D,3536.0,3480.0,16.896817692669607,17.1882258736297,16.51313025440547,16.935672116797612,17.173655464581696,16.901674495685604,111817154.2623155
2012-11-13,S*Mobarakeh Steel,3480.0,3588.0,3480.0,3541.0,25274582053.0,7127959,798,D,3487.0,3530.0,16.901674495685604,17.426209221413774,16.901674495685604,17.1979394796617,16.935672116797612,17.144514646485685,122753666.34319055
2012-11-14,S*Mobarakeh Steel,3552.0,3670.0,3552.0,3617.0,43701558369.0,12081923,1169,D,3541.0,3589.0,17.251364312837715,17.824467068725905,17.251364312837715,17.567056508877826,17.1979394796617,17.43106602442978,212249860.49052966
2012-11-17,S*Mobarakeh Steel,3580.0,3580.0,3481.0,3504.0,32583714736.0,9300002,1072,D,3617.0,3481.0,17.38735479728576,17.38735479728576,16.9065312987016,17.01823776806964,17.567056508877826,16.9065312987016,158252684.00234088
2012-11-18,S*Mobarakeh Steel,3480.0,3520.0,3440.0,3493.0,17795642869.0,5102913,603,D,3504.0,3466.0,16.901674495685604,17.09594661632567,16.707402375045536,16.964812934893622,17.01823776806964,16.833679253461582,86429931.95784672
2012-11-19,S*Mobarakeh Steel,3485.0,3485.0,3381.0,3413.0,22924240274.0,6739661,849,D,3493.0,3391.0,16.925958510765614,16.925958510765614,16.420850997101446,16.57626869361349,16.964812934893622,16.469419027261452,111338519.30230875
2012-11-20,S*Mobarakeh Steel,3380.0,3495.0,3333.0,3399.0,17675928557.0,5210516,686,D,3413.0,3420.0,16.415994194085442,16.974526540925623,16.18772445233336,16.50827345138947,16.57626869361349,16.610266314725507,85848503.12626655
2012-11-21,S*Mobarakeh Steel,3429.0,3500.0,3425.0,3414.0,8730241386.0,2535256,401,D,3399.0,3450.0,16.653977541869523,16.998810556005637,16.63455032980551,16.581125496629497,16.50827345138947,16.755970405205552,42401062.69394689
2012-11-26,S*Mobarakeh Steel,3500.0,3550.0,3452.0,3482.0,15775066243.0,4466318,507,D,3414.0,3550.0,16.998810556005637,17.241650706805714,16.765684011237557,16.911388101717602,16.581125496629497,17.241650706805714,76616389.30662757
2012-11-27,S*Mobarakeh Steel,3619.0,3621.0,3582.0,3584.0,20866478980.0,5766289,393,D,3482.0,3621.0,17.57677011490983,17.586483720941825,17.39706840331777,17.406782009349776,16.911388101717602,17.586483720941825,101344378.04339817
2012-11-28,S*Mobarakeh Steel,3640.0,3725.0,3600.0,3689.0,81430694429.0,22072695,1872,D,3584.0,3660.0,17.678762978245853,18.091591234606003,17.4844908576058,17.916746326029934,17.406782009349776,17.775899038565896,395492842.2978727
2012-12-01,S*Mobarakeh Steel,3661.0,3798.0,3658.0,3739.0,53557669780.0,14322958,1265,D,3689.0,3764.0,17.780755841581893,18.446137854774108,17.766185432533888,18.15958647683002,17.916746326029934,18.281006552230053,260119052.11752227
2012-12-02,S*Mobarakeh Steel,3772.0,3875.0,3741.0,3831.0,88001825557.0,22968001,1687,D,3739.0,3790.0,18.319860976358076,18.820111687006236,18.169300082862016,18.606412354302165,18.15958647683002,18.407283430646103,427407531.77888525
2012-12-03,S*Mobarakeh Steel,3800.0,3831.0,3731.0,3804.0,119543687759.0,31421963,1434,D,3831.0,3780.0,18.45585146080612,18.606412354302165,18.120732052702014,18.47527867287011,18.606412354302165,18.358715400486084,580600143.2518661
2012-12-04,S*Mobarakeh Steel,3830.0,3900.0,3820.0,3853.0,92342679739.0,23964462,1353,D,3804.0,3840.0,18.601555551286165,18.94153176240627,18.55298752112615,18.713262020654202,18.47527867287011,18.650123581446184,448490205.4620459
2012-12-05,S*Mobarakeh Steel,3850.0,4007.0,3850.0,3979.0,130822554092.0,32876728,1986,D,3853.0,4007.0,18.698691611606197,19.461209685118458,18.698691611606197,19.3252192006704,18.713262020654202,19.461209685118458,635379375.2750591
2012-12-08,S*Mobarakeh Steel,4138.0,4138.0,4073.0,4136.0,179343997703.0,43365928,1691,D,3979.0,4090.0,20.097450880214655,20.097450880214655,19.78175868417456,20.08773727418266,19.3252192006704,19.864324335446586,871038468.9457158
2012-12-09,S*Mobarakeh Steel,4099.0,4250.0,4085.0,4150.0,117636786581.0,28345352,2591,D,4136.0,4198.0,19.908035562590598,20.641412818006838,19.84004032036658,20.155732516406673,20.08773727418266,20.38885906117476,571338699.8593386
2012-12-10,S*Mobarakeh Steel,4250.0,4316.0,4210.0,4276.0,99435123349.0,23252596,1921,D,4150.0,4239.0,20.641412818006838,20.961961817062953,20.447140697366777,20.76768969642288,20.155732516406673,20.587987984830825,482936806.9779154
2012-12-11,S*Mobarakeh Steel,4255.0,4299.0,4192.0,4242.0,60912646784.0,14359720,1530,D,4276.0,4200.0,20.66569683308686,20.87939616579093,20.35971824307875,20.60255839387883,20.76768969642288,20.39857266720676,295840726.6131719
2012-12-12,S*Mobarakeh Steel,4189.0,4189.0,4140.0,4170.0,95738632991.0,22959399,1269,D,4242.0,4186.0,20.345147834030744,20.345147834030744,20.107164486246656,20.252868576726712,20.60255839387883,20.33057742498274,464983681.45856005
2012-12-15,S*Mobarakeh Steel,4200.0,4295.0,4190.0,4212.0,40636918359.0,9648790,891,D,4170.0,4209.0,20.39857266720676,20.859968953726913,20.35000463704674,20.45685430339878,20.252868576726712,20.44228389435078,197365507.6470024
2012-12-16,S*Mobarakeh Steel,4230.0,4380.0,4212.0,4334.0,98770033590.0,22790040,1664,D,4212.0,4380.0,20.544276757686806,21.27279721008705,20.45685430339878,21.049384271350974,20.45685430339878,21.27279721008705,479706597.0304923
2012-12-17,S*Mobarakeh Steel,4485.0,4507.0,4471.0,4499.0,60772577433.0,13508635,613,D,4334.0,4507.0,21.782761526767228,21.88961119311925,21.7147662845432,21.850756768991246,21.049384271350974,21.88961119311925,295160437.3667858
2012-12-18,S*Mobarakeh Steel,4678.0,4678.0,4603.0,4674.0,307913906133.0,65878747,3339,D,4499.0,4678.0,22.720124508855534,22.720124508855534,22.355864282655403,22.70069729679152,21.850756768991246,22.720124508855534,1495477187.975591
2012-12-19,S*Mobarakeh Steel,4740.0,4859.0,4701.0,4800.0,151287486114.0,31519409,3075,D,4674.0,4729.0,23.02124629584763,23.59920585475182,22.831830978223557,23.31265447680773,22.70069729679152,22.967821462671612,734773518.8417767
2012-12-22,S*Mobarakeh Steel,4800.0,4800.0,4680.0,4752.0,88482392593.0,18619565,1818,D,4800.0,4731.0,23.31265447680773,23.31265447680773,22.729838114887528,23.07952793203965,23.31265447680773,22.97753506870361,429741551.20872086
2012-12-23,S*Mobarakeh Steel,4810.0,4942.0,4810.0,4931.0,146937019689.0,29799690,1910,D,4752.0,4942.0,23.361222506967742,24.002320505079958,23.361222506967742,23.948895671903948,23.07952793203965,24.002320505079958,713644160.3878231
2012-12-24,S*Mobarakeh Steel,5110.0,5128.0,5009.0,5112.0,183560430908.0,35905689,3651,D,4931.0,5127.0,24.818263411768225,24.905685866056256,24.327726307152062,24.827977017800226,23.948895671903948,24.900829063040252,891516854.4525293
2012-12-25,S*Mobarakeh Steel,5120.0,5150.0,4908.0,4978.0,124853956797.0,25082051,2421,D,5112.0,4909.0,24.866831441928248,25.01253553240829,23.837189202535903,24.17716541365602,24.827977017800226,23.842046005551904,606391073.9314045
2012-12-26,S*Mobarakeh Steel,4902.0,5177.0,4900.0,5106.0,122098790298.0,23914038,2532,D,4978.0,5040.0,23.808048384439893,25.143669213840344,23.798334778407888,24.798836199704212,24.17716541365602,24.478287200648115,593009772.9694746
2012-12-29,S*Mobarakeh Steel,5030.0,5105.0,4902.0,4938.0,101057375250.0,20466968,2217,D,5106.0,4923.0,24.429719170488106,24.79397939668821,23.808048384439893,23.982893293015955,24.798836199704212,23.910041247775936,490815764.9034063
2012-12-30,S*Mobarakeh Steel,4897.0,4897.0,4761.0,4803.0,102627314006.0,21367178,1844,D,4938.0,4820.0,23.783764369359886,23.783764369359886,23.123239159183665,23.32722488585574,23.982893293015955,23.409790537127762,498440648.188485
2012-12-31,S*Mobarakeh Steel,4830.0,4995.0,4830.0,4938.0,62219442329.0,12600121,1472,D,4803.0,4995.0,23.458358567287778,24.259731064928044,23.458358567287778,23.982893293015955,23.32722488585574,24.259731064928044,302187575.15742546
2013-01-01,S*Mobarakeh Steel,5000.0,5070.0,4850.0,4953.0,57283192440.0,11566172,1397,D,4938.0,4875.0,24.284015080008047,24.62399129112817,23.555494627607814,24.055745338255974,23.982893293015955,23.676914703007846,278213181.8087926
2013-01-02,S*Mobarakeh Steel,4960.0,4960.0,4755.0,4861.0,24731890473.0,5136607,697,D,4953.0,4830.0,24.089742959367985,24.089742959367985,23.09409834108765,23.608919460783824,24.055745338255974,23.458358567287778,120117920.24068789
2013-01-06,S*Mobarakeh Steel,4813.0,4880.0,4667.0,4727.0,55033781726.0,11642722,1412,D,4861.0,4710.0,23.375792916015747,23.70119871808786,22.666699675679503,22.95810785663961,23.608919460783824,22.87554220536758,267288237.06881112
2013-01-07,S*Mobarakeh Steel,4702.0,4799.0,4680.0,4726.0,46224975846.0,9781395,1155,D,4727.0,4770.0,22.83668778123957,23.307797673791722,22.729838114887528,22.95325105362361,22.95810785663961,23.166950386327684,224505602.10345438
2013-01-08,S*Mobarakeh Steel,4803.0,4848.0,4755.0,4802.0,36000348780.0,7493763,912,D,4726.0,4790.0,23.32722488585574,23.545781021575813,23.09409834108765,23.32236808283972,22.95325105362361,23.26408644664771,174846602.53181386
2013-01-09,S*Mobarakeh Steel,4770.0,4888.0,4763.0,4845.0,44793512273.0,9244506,775,D,4802.0,4880.0,23.166950386327684,23.740053142215867,23.132952765215666,23.531210612527797,23.32236808283972,23.70119871808786,217553265.50481156
2013-01-13,S*Mobarakeh Steel,4857.0,4994.0,4850.0,4870.0,108044588123.0,22185752,1416,D,4845.0,4861.0,23.58949224871983,24.25487426191204,23.555494627607814,23.65263068792784,23.531210612527797,23.608919460783824,524751281.4584383
2013-01-14,S*Mobarakeh Steel,4896.0,5064.0,4881.0,5031.0,132223246337.0,26280904,2697,D,4870.0,5064.0,23.778907566343882,24.59485047303215,23.706055521103863,24.4345759735041,23.65263068792784,24.59485047303215,642182261.5950654
2013-01-15,S*Mobarakeh Steel,5119.0,5219.0,5010.0,5126.0,69677154606.0,13592903,1692,D,5031.0,5010.0,24.861974638912233,25.3476549405124,24.332583110168063,24.895972260024255,24.4345759735041,24.332583110168063,338408214.6368311
2013-01-16,S*Mobarakeh Steel,5040.0,5100.0,4965.0,5047.0,93558614019.0,18537755,1784,D,5126.0,5020.0,24.478287200648115,24.769695381608216,24.114026974447988,24.512284821760133,24.895972260024255,24.381151140328086,454395758.74040985
2013-01-19,S*Mobarakeh Steel,4870.0,4888.0,4846.0,4849.0,107139055343.0,22094106,1607,D,5047.0,4846.0,23.65263068792784,23.740053142215867,23.536067415543812,23.550637824591803,24.512284821760133,23.536067415543812,520353287.12144583
2013-01-20,S*Mobarakeh Steel,4721.0,4840.0,4685.0,4743.0,58646969006.0,12365464,1690,D,4849.0,4700.0,22.9289670385436,23.506926597447794,22.754122129967545,23.035816704895645,23.550637824591803,22.82697417520756,284836775.9476939
2013-01-21,S*Mobarakeh Steel,4760.0,4840.0,4567.0,4652.0,67019198435.0,14405747,2124,D,4743.0,4568.0,23.118382356167665,23.506926597447794,22.18101937407935,22.59384763043948,23.035816704895645,22.185876177095356,325499045.08911836
2013-01-22,S*Mobarakeh Steel,4501.0,4549.0,4466.0,4470.0,78726428976.0,17614126,1215,D,4652.0,4466.0,21.860470375023244,22.09359691979132,21.690482269463192,21.7099094815272,22.59384763043948,21.690482269463192,382358757.6896732
2013-01-23,S*Mobarakeh Steel,4556.0,4648.0,4556.0,4642.0,95720397290.0,20620367,2174,D,4470.0,4648.0,22.127594540903328,22.574420418375485,22.127594540903328,22.545279600279464,21.7099094815272,22.574420418375485,464895114.2509442
2013-01-26,S*Mobarakeh Steel,4768.0,4790.0,4646.0,4680.0,40163400937.0,8582727,1020,D,4642.0,4653.0,23.15723678029568,23.26408644664771,22.564706812343474,22.729838114887528,22.545279600279464,22.598704433455488,195065726.80370352
2013-01-27,S*Mobarakeh Steel,4650.0,4650.0,4493.0,4498.0,56134041666.0,12479283,984,D,4680.0,4493.0,22.58413402440748,22.58413402440748,21.82161595089524,21.84589996597524,22.729838114887528,21.82161595089524,272631982.8637888
2013-01-28,S*Mobarakeh Steel,4421.0,4600.0,4421.0,4510.0,33608693219.0,7451630,888,D,4498.0,4540.0,21.47192613374312,22.341293873607412,21.47192613374312,21.904181602167263,21.84589996597524,22.04988569264731,163230802.58991203
2013-01-30,S*Mobarakeh Steel,4542.0,4590.0,4421.0,4487.0,14860894250.0,3335126,588,D,4510.0,4440.0,22.05959929867931,22.292725843447396,21.47192613374312,21.79247513279922,21.904181602167263,21.564205391047143,72176436.01388101
2013-02-02,S*Mobarakeh Steel,4491.0,4620.0,4410.0,4500.0,58613805139.0,13024548,1222,D,4487.0,4420.0,21.811902344863228,22.43842993392743,21.418501300567094,21.855613572007243,21.79247513279922,21.467069330727117,284675705.57842577
2013-02-05,S*Mobarakeh Steel,4475.0,4530.0,4400.0,4494.0,8422673966.0,1881451,368,D,4500.0,4470.0,21.734193496607205,22.00131766248729,21.36993327040708,21.826472753911222,21.855613572007243,21.7099094815272,40907268.32086706
2013-02-06,S*Mobarakeh Steel,4520.0,4673.0,4520.0,4653.0,70690636655.0,15193953,1125,D,4494.0,4673.0,21.952749632327272,22.695840493775524,21.952749632327272,22.598704433455488,21.826472753911222,22.695840493775524,343330497.30907804
2013-02-09,S*Mobarakeh Steel,4680.0,4800.0,4610.0,4724.0,42799246204.0,9060396,1037,D,4653.0,4798.0,22.729838114887528,23.31265447680773,22.389861903767418,22.94353744759161,22.598704433455488,23.30294087077572,207867508.04618266
2013-02-11,S*Mobarakeh Steel,4806.0,4912.0,4806.0,4887.0,66674362731.0,13641875,1456,D,4724.0,4912.0,23.341795294903733,23.85661641459991,23.341795294903733,23.73519633919986,22.94353744759161,23.85661641459991,323824246.00190604
2013-02-12,S*Mobarakeh Steel,4990.0,5074.0,4804.0,4896.0,177999912254.0,36355088,1041,D,4887.0,4830.0,24.235447049848027,24.643418503192173,23.33208168887173,23.778907566343882,23.73519633919986,23.458358567287778,864510510.6832491
2013-02-13,S*Mobarakeh Steel,4800.0,4896.0,4780.0,4849.0,24621082021.0,5103138,802,D,4896.0,4790.0,23.31265447680773,23.778907566343882,23.215518416487697,23.550637824591803,23.778907566343882,23.26408644664771,119579745.41681579
2013-02-16,S*Mobarakeh Steel,4825.0,4867.0,4750.0,4822.0,32383050282.0,6721053,742,D,4849.0,4845.0,23.43407455220776,23.638060278879834,23.069814326007656,23.419504143159763,23.550637824591803,23.531210612527797,157278096.27694938
2013-02-17,S*Mobarakeh Steel,4839.0,4951.0,4792.0,4870.0,49312964567.0,10126044,946,D,4822.0,4850.0,23.50206979443179,24.04603173222397,23.273800052679718,23.65263068792784,23.419504143159763,23.555494627607814,239503355.03698614
2013-02-18,S*Mobarakeh Steel,4895.0,4945.0,4792.0,4851.0,44565351055.0,9186536,896,D,4870.0,4800.0,23.774050763327878,24.016890914127952,23.273800052679718,23.560351430623804,23.65263068792784,23.31265447680773,216445131.4130945
2013-02-19,S*Mobarakeh Steel,4835.0,4850.0,4725.0,4776.0,45222328832.0,9468896,879,D,4851.0,4744.0,23.482642582367795,23.555494627607814,22.948394250607606,23.19609120442368,23.560351430623804,23.040673507911638,219635943.0618742
2013-02-20,S*Mobarakeh Steel,4750.0,4797.0,4702.0,4730.0,37767355748.0,7984451,765,D,4776.0,4721.0,23.069814326007656,23.29808406775973,22.83668778123957,22.97267826568761,23.19609120442368,22.9289670385436,183428607.30329213
2013-02-23,S*Mobarakeh Steel,4700.0,4700.0,4588.0,4648.0,28319522496.0,6121713,817,D,4730.0,4640.0,22.82697417520756,22.82697417520756,22.283012237415388,22.574420418375485,22.97267826568761,22.535565994247467,137542342.27029824
2013-02-24,S*Mobarakeh Steel,4620.0,4620.0,4463.0,4533.0,45204750140.0,9972996,893,D,4648.0,4463.0,22.43842993392743,22.43842993392743,21.675911860415194,22.0158880715353,22.574420418375485,21.675911860415194,219550566.8175512
2013-02-25,S*Mobarakeh Steel,4462.0,4500.0,4360.0,4426.0,100914301440.0,22799528,856,D,4533.0,4470.0,21.671055057399172,21.855613572007243,21.175661149767016,21.496210148823124,22.0158880715353,21.7099094815272,490120883.59148765
2013-02-26,S*Mobarakeh Steel,4402.0,4580.0,4402.0,4500.0,23277340428.0,5130268,759,D,4426.0,4549.0,21.379646876439082,22.244157813287373,21.379646876439082,21.855613572007243,21.496210148823124,22.09359691979132,113053457.1952066
2013-02-27,S*Mobarakeh Steel,4600.0,4680.0,4500.0,4510.0,1018276075457.0,225783985,1288,D,4500.0,4590.0,22.341293873607412,22.729838114887528,21.855613572007243,21.904181602167263,21.855613572007243,22.292725843447396,4945566314.401839
2013-03-02,S*Mobarakeh Steel,4500.0,4500.0,4330.0,4346.0,80089213836.0,18428526,1589,D,4510.0,4330.0,21.855613572007243,21.855613572007243,21.02995705928697,21.107665907542994,21.904181602167263,21.02995705928697,388977535.30788255
2013-03-03,S*Mobarakeh Steel,4350.0,4450.0,4301.0,4392.0,390783768121.0,88973628,676,D,4346.0,4350.0,21.127093119607007,21.61277342120717,20.88910977182292,21.331078846279066,21.107665907542994,21.127093119607007,1897959783.6145465
2013-03-04,S*Mobarakeh Steel,4375.0,4450.0,4282.0,4355.0,28516175196.0,6558561,725,D,4392.0,4300.0,21.248513195007042,21.61277342120717,20.796830514518895,21.151377134687007,21.331078846279066,20.88425296880692,138497445.69676313
2013-03-05,S*Mobarakeh Steel,4300.0,4338.0,4181.0,4216.0,37159181057.0,8812987,1045,D,4355.0,4197.0,20.88425296880692,21.068811483414986,20.306293409902732,20.476281515462784,21.151377134687007,20.384002258158763,180474822.62978747
2013-03-06,S*Mobarakeh Steel,4202.0,4250.0,4099.0,4158.0,58331599915.0,14028822,1097,D,4216.0,4170.0,20.40828627323877,20.641412818006838,19.908035562590598,20.1945869405347,20.476281515462784,20.252868576726712,283305090.39537126
2013-03-09,S*Mobarakeh Steel,4200.0,4298.0,4132.0,4198.0,244132647536.0,58153600,694,D,4158.0,4156.0,20.39857266720676,20.874539362774915,20.068310062118652,20.38885906117476,20.1945869405347,20.184873334502694,1185704178.8573027
2013-03-10,S*Mobarakeh Steel,4198.0,4365.0,4171.0,4353.0,157250016713.0,36123748,1085,D,4198.0,4365.0,20.38885906117476,21.199945164847023,20.257725379742713,21.141663528655005,20.38885906117476,21.199945164847023,763732355.4380018
2013-03-11,S*Mobarakeh Steel,4400.0,4457.0,4200.0,4319.0,13305455735.0,3116586,590,D,4353.0,4240.0,21.36993327040708,21.646771042319177,20.39857266720676,20.976532226110947,21.141663528655005,20.592844787846833,64621977.543023944
2013-03-12,S*Mobarakeh Steel,4240.0,4350.0,4174.0,4299.0,152560950404.0,35483725,632,D,4319.0,4320.0,20.592844787846833,21.127093119607007,20.272295788790725,20.87939616579093,20.976532226110947,20.981389029126962,740958484.0462192
2013-03-13,S*Mobarakeh Steel,4270.0,4467.0,4270.0,4444.0,288674174672.0,64964663,1011,D,4299.0,4363.0,20.738548878326878,21.695339072479197,20.738548878326878,21.58363260311116,20.87939616579093,21.190231558815025,1402033602.1887455
2013-03-16,S*Mobarakeh Steel,4380.0,4429.0,4267.0,4267.0,2765194570988.0,648001016,850,D,4444.0,4267.0,21.27279721008705,21.510780557871136,20.723978469278872,20.723978469278872,21.58363260311116,20.723978469278872,13430005332.2058
2013-03-17,S*Mobarakeh Steel,4200.0,4260.0,4190.0,4220.0,1675805558962.0,397108047,437,D,4267.0,4221.0,20.39857266720676,20.689980848166858,20.35000463704674,20.495708727526804,20.723978469278872,20.5005655305428,8139057492.9989
2013-03-18,S*Mobarakeh Steel,4250.0,4388.0,4230.0,4299.0,29193369648.0,6772449,1126,D,4220.0,4388.0,20.641412818006838,21.311651634215064,20.544276757686806,20.87939616579093,20.495708727526804,21.311651634215064,141786445.75365624
2013-03-25,S*Mobarakeh Steel,4470.0,4470.0,4470.0,4470.0,50394838110.0,11274013,315,D,4299.0,4470.0,21.7099094815272,21.7099094815272,21.7099094815272,21.7099094815272,20.87939616579093,21.7099094815272,244757801.7235608
2013-03-26,S*Mobarakeh Steel,4648.0,4648.0,4558.0,4634.0,42955967844.0,9270526,1131,D,4470.0,4610.0,22.574420418375485,22.574420418375485,22.13730814693534,22.506425176151463,21.7099094815272,22.389861903767418,208628674.18000737
2013-03-27,S*Mobarakeh Steel,4630.0,4630.0,4490.0,4576.0,23086002164.0,5078018,815,D,4634.0,4500.0,22.486997964087443,22.486997964087443,21.807045541847224,22.224730601223367,22.506425176151463,21.855613572007243,112124164.9375349
2013-03-30,S*Mobarakeh Steel,4500.0,4535.0,4419.0,4535.0,14763963325.0,3296359,668,D,4576.0,4520.0,21.855613572007243,22.025601677567302,21.462212527711113,22.025601677567302,22.224730601223367,21.952749632327272,71705661.60499719
2013-03-31,S*Mobarakeh Steel,4524.0,4579.0,4500.0,4536.0,11464270963.0,2525712,457,D,4535.0,4530.0,21.97217684439128,22.23930101027137,21.855613572007243,22.030458480583306,22.025601677567302,22.00131766248729,55679705.78935807
2013-04-03,S*Mobarakeh Steel,4496.0,4496.0,4360.0,4494.0,11012492272.0,2499661,557,D,4536.0,4402.0,21.836186359943238,21.836186359943238,21.175661149767016,21.826472753911222,22.030458480583306,21.379646876439082,53485505.68034403
2013-04-06,S*Mobarakeh Steel,4421.0,4455.0,4315.0,4432.0,14165179261.0,3259583,746,D,4494.0,4335.0,21.47192613374312,21.63705743628717,20.957105014046945,21.525350966919138,21.826472753911222,21.054241074366978,68797485.35702825
2013-04-07,S*Mobarakeh Steel,4385.0,4385.0,4280.0,4398.0,9541022262.0,2212861,578,D,4432.0,4336.0,21.29708122516706,21.29708122516706,20.787116908486894,21.360219664375077,21.525350966919138,21.05909787738299,46338865.6978201
2013-04-08,S*Mobarakeh Steel,4300.0,4417.0,4280.0,4351.0,20026320050.0,4635708,795,D,4398.0,4310.0,20.88425296880692,21.452498921679116,20.787116908486894,21.131949922623008,21.360219664375077,20.932820998966935,97263891.6182535
2013-04-09,S*Mobarakeh Steel,4300.0,4400.0,4300.0,4347.0,62177656522.0,14304820,675,D,4351.0,4336.0,20.88425296880692,21.36993327040708,20.88425296880692,21.112522710558995,21.131949922623008,21.05909787738299,301984629.72396183
2013-04-10,S*Mobarakeh Steel,4340.0,4340.0,4277.0,4298.0,39586073368.0,9209687,828,D,4347.0,4301.0,21.078525089446988,21.078525089446988,20.772546499438878,20.874539362774915,21.112522710558995,20.88910977182292,192261760.52536333
2013-04-13,S*Mobarakeh Steel,4260.0,4277.0,4200.0,4222.0,29542284031.0,7010571,704,D,4298.0,4277.0,20.689980848166858,20.772546499438878,20.39857266720676,20.505422333558787,20.874539362774915,20.772546499438878,143481054.18133697
2013-04-15,S*Mobarakeh Steel,4174.0,4340.0,4174.0,4254.0,18204931599.0,4253015,546,D,4222.0,4282.0,20.272295788790725,21.078525089446988,20.272295788790725,20.66084003007084,20.505422333558787,20.796830514518895,88417766.6961262
2013-04-16,S*Mobarakeh Steel,4283.0,4310.0,4240.0,4261.0,33183174294.0,7787362,779,D,4254.0,4260.0,20.801687317534896,20.932820998966935,20.592844787846833,20.69483765118286,20.66084003007084,20.689980848166858,161164140.9916063
2013-04-17,S*Mobarakeh Steel,4261.0,4265.0,4198.0,4235.0,25600204682.0,6055000,668,D,4261.0,4220.0,20.69483765118286,20.714264863246868,20.38885906117476,20.56856077276682,20.69483765118286,20.495708727526804,124335151.30979618
2013-04-20,S*Mobarakeh Steel,4220.0,4220.0,4082.0,4135.0,29133282345.0,7062357,841,D,4235.0,4100.0,20.495708727526804,20.495708727526804,19.825469911318574,20.082880471166664,20.56856077276682,19.9128923656066,141494613.5592225
2013-04-21,S*Mobarakeh Steel,4100.0,4300.0,4068.0,4153.0,23742145087.0,5708776,789,D,4135.0,4190.0,19.9128923656066,20.88425296880692,19.757474669094556,20.17030292545469,20.082880471166664,20.35000463704674,115310921.86488938
2013-04-22,S*Mobarakeh Steel,4200.0,4319.0,4200.0,4312.0,35031339091.0,8124532,564,D,4153.0,4319.0,20.39857266720676,20.976532226110947,20.39857266720676,20.942534604998936,20.17030292545469,20.976532226110947,170140313.3517439
2013-04-23,S*Mobarakeh Steel,4470.0,4484.0,4413.0,4481.0,35451644163.0,7911315,555,D,4312.0,4484.0,21.7099094815272,21.777904723751217,21.433071709615103,21.76333431470321,20.942534604998936,21.777904723751217,172181652.29307428
2013-04-24,S*Mobarakeh Steel,4590.0,4590.0,4368.0,4441.0,33907639193.0,7636381,1239,D,4481.0,4371.0,22.292725843447396,22.292725843447396,21.21451557389503,21.569062194063157,21.76333431470321,21.22908598294303,164682724.29805678
2013-04-27,S*Mobarakeh Steel,4371.0,4438.0,4302.0,4411.0,22593378314.0,5140081,728,D,4441.0,4420.0,21.22908598294303,21.554491785015138,20.893966574838934,21.423358103583098,21.569062194063157,21.467069330727117,109731587.93710059
2013-04-28,S*Mobarakeh Steel,4401.0,4489.0,4356.0,4409.0,30228384402.0,6857189,777,D,4411.0,4401.0,21.374790073423092,21.80218873883123,21.15623393770302,21.4136444975511,21.423358103583098,21.374790073423092,146813308.5324896
2013-04-29,S*Mobarakeh Steel,4420.0,4577.0,4420.0,4514.0,80676277051.0,17873925,1135,D,4409.0,4550.0,21.467069330727117,22.229587404239368,21.467069330727117,21.92360881423126,21.4136444975511,22.098453722807328,391828785.70107824
2013-04-30,S*Mobarakeh Steel,4573.0,4610.0,4451.0,4496.0,37128833831.0,8257638,841,D,4514.0,4460.0,22.210160192175366,22.389861903767418,21.617630224223163,21.836186359943238,21.92360881423126,21.661341451367182,180327432.1310234
2013-05-01,S*Mobarakeh Steel,4470.0,4540.0,4470.0,4507.0,44609696334.0,9898567,971,D,4496.0,4494.0,21.7099094815272,22.04988569264731,21.7099094815272,21.88961119311925,21.836186359943238,21.826472753911222,216660507.69788715
2013-05-04,S*Mobarakeh Steel,4603.0,4687.0,4603.0,4682.0,54968449296.0,11739782,613,D,4507.0,4687.0,22.355864282655403,22.763835735999553,22.355864282655403,22.739551720919536,21.88961119311925,22.763835735999553,266970930.32574424
2013-05-05,S*Mobarakeh Steel,4869.0,4869.0,4560.0,4774.0,108510872508.0,22727829,1766,D,4682.0,4725.0,23.64777388491183,23.64777388491183,22.147021752967348,23.186377598391687,22.739551720919536,22.948394250607606,527015932.86582047
2013-05-06,S*Mobarakeh Steel,4700.0,4740.0,4613.0,4687.0,47558334169.0,10147367,970,D,4774.0,4682.0,22.82697417520756,23.02124629584763,22.404432312815423,22.763835735999553,23.186377598391687,22.739551720919536,230981460.82801166
2013-05-07,S*Mobarakeh Steel,4730.0,4730.0,4500.0,4603.0,20707808411.0,4557204,701,D,4687.0,4600.0,22.97267826568761,22.97267826568761,21.855613572007243,22.355864282655403,22.763835735999553,22.341293873607412,100573746.34532835
2013-05-08,S*Mobarakeh Steel,4552.0,4590.0,4440.0,4502.0,46516409021.0,10331677,763,D,4603.0,4500.0,22.108167328839325,22.292725843447396,21.564205391047143,21.86532717803926,22.355864282655403,21.855613572007243,225921035.62675732
2013-05-11,S*Mobarakeh Steel,4451.0,4680.0,4451.0,4632.0,44963822060.0,9706444,877,D,4502.0,4600.0,21.617630224223163,22.729838114887528,21.617630224223163,22.496711570119455,21.86532717803926,22.341293873607412,218380426.59196776
2013-05-12,S*Mobarakeh Steel,4770.0,4770.0,4488.0,4636.0,29763755529.0,6419324,703,D,4632.0,4530.0,23.166950386327684,23.166950386327684,21.797331935815237,22.516138782183464,22.496711570119455,22.00131766248729,144556697.62078175
2013-05-13,S*Mobarakeh Steel,4540.0,4540.0,4451.0,4553.0,18999307869.0,4236867,496,D,4636.0,4451.0,22.04988569264731,22.04988569264731,21.617630224223163,22.113024131855333,22.516138782183464,21.617630224223163,92275895.76010235
2013-05-14,S*Mobarakeh Steel,4450.0,4450.0,4371.0,4446.0,20835417213.0,4758361,661,D,4553.0,4381.0,21.61277342120717,21.61277342120717,21.22908598294303,21.59334620914316,22.113024131855333,21.277654013103053,101193517.15975025
2013-05-15,S*Mobarakeh Steel,4400.0,4550.0,4280.0,4365.0,25236383127.0,5817939,701,D,4446.0,4310.0,21.36993327040708,22.098453722807328,20.787116908486894,21.199945164847023,21.59334620914316,20.932820998966935,122568141.68418573
2013-05-18,S*Mobarakeh Steel,4350.0,4350.0,4191.0,4251.0,21754043472.0,5185016,564,D,4365.0,4191.0,21.127093119607007,21.127093119607007,20.35486144006274,20.64626962102284,21.199945164847023,20.35486144006274,105655103.94503973
2013-05-19,S*Mobarakeh Steel,4100.0,4340.0,4100.0,4234.0,11030138021.0,2625777,382,D,4251.0,4302.0,19.9128923656066,21.078525089446988,19.9128923656066,20.563703969750822,20.64626962102284,20.893966574838934,53571207.60730682
2013-05-20,S*Mobarakeh Steel,4299.0,4376.0,4250.0,4243.0,4614709088.0,1074114,386,D,4234.0,4280.0,20.87939616579093,21.253369998023054,20.641412818006838,20.607415196894827,20.563703969750822,20.787116908486894,22412733.016568437
2013-05-21,S*Mobarakeh Steel,4281.0,4359.0,4200.0,4251.0,10084543288.0,2361767,453,D,4243.0,4310.0,20.791973711502898,21.170804346751016,20.39857266720676,20.64626962102284,20.607415196894827,20.932820998966935,48978640.25615719
2013-05-22,S*Mobarakeh Steel,4250.0,4310.0,4150.0,4255.0,7693069075.0,1802244,361,D,4251.0,4300.0,20.641412818006838,20.932820998966935,20.155732516406673,20.66569683308686,20.64626962102284,20.88425296880692,37363721.08576869
2013-05-25,S*Mobarakeh Steel,4300.0,4425.0,4293.0,4290.0,7528497161.0,1705624,291,D,4255.0,4425.0,20.88425296880692,21.491353345807116,20.850255347694905,20.835684938646903,20.66569683308686,21.491353345807116,36564427.71750435
2013-05-26,S*Mobarakeh Steel,4459.0,4459.0,4360.0,4322.0,9344709632.0,2121155,426,D,4290.0,4370.0,21.656484648351178,21.656484648351178,21.175661149767016,20.991102635158953,20.835684938646903,21.22422917992704,45385413.924356885
2013-05-27,S*Mobarakeh Steel,4398.0,4400.0,4193.0,4267.0,24808892741.0,5838055,726,D,4322.0,4300.0,21.360219664375077,21.36993327040708,20.36457504609475,20.723978469278872,20.991102635158953,20.88425296880692,120491905.08814922
2013-05-28,S*Mobarakeh Steel,4330.0,4380.0,4260.0,4279.0,8272956021.0,1916548,366,D,4267.0,4360.0,21.02995705928697,21.27279721008705,20.689980848166858,20.782260105470897,20.723978469278872,21.175661149767016,40180117.75404148
2013-05-29,S*Mobarakeh Steel,4350.0,4450.0,4345.0,4400.0,27086880189.0,6110450,602,D,4279.0,4450.0,21.127093119607007,21.61277342120717,21.102809104526997,21.36993327040708,20.782260105470897,21.61277342120717,131555641.39600949
2013-06-01,S*Mobarakeh Steel,4576.0,4576.0,4400.0,4434.0,13645891870.0,3041062,620,D,4400.0,4430.0,22.224730601223367,22.224730601223367,21.36993327040708,21.535064572951143,21.36993327040708,21.51563736088714,66275408.79024786
2013-06-02,S*Mobarakeh Steel,4455.0,4550.0,4435.0,4454.0,10246796677.0,2275233,424,D,4434.0,4479.0,21.63705743628717,22.098453722807328,21.53992137596714,21.63220063327117,21.535064572951143,21.75362070867121,49766673.00520888
2013-06-03,S*Mobarakeh Steel,4502.0,4509.0,4431.0,4456.0,8137692267.0,1823223,448,D,4454.0,4458.0,21.86532717803926,21.899324799151255,21.520494163903134,21.64191423930318,21.63220063327117,21.651627845335174,39523168.345658585
2013-06-08,S*Mobarakeh Steel,4480.0,4480.0,4351.0,4436.0,9672101309.0,2205806,345,D,4456.0,4353.0,21.758477511687218,21.758477511687218,21.131949922623008,21.54477817898313,21.64191423930318,21.141663528655005,46975490.80862432
2013-06-09,S*Mobarakeh Steel,4400.0,4447.0,4360.0,4425.0,10735149791.0,2438639,341,D,4436.0,4410.0,21.36993327040708,21.59820301215916,21.175661149767016,21.491353345807116,21.54477817898313,21.418501300567094,52138507.88215786
2013-06-10,S*Mobarakeh Steel,4410.0,4500.0,4405.0,4432.0,7452134946.0,1671005,294,D,4425.0,4462.0,21.418501300567094,21.855613572007243,21.394217285487095,21.525350966919138,21.491353345807116,21.671055057399172,36193551.4813838
2013-06-11,S*Mobarakeh Steel,4486.0,4609.0,4470.0,4522.0,24529066047.0,5377176,693,D,4432.0,4609.0,21.787618329783225,22.38500510075142,21.7099094815272,21.962463238359284,21.525350966919138,22.38500510075142,119132841.95677228
2013-06-12,S*Mobarakeh Steel,4702.0,4702.0,4632.0,4698.0,67993072718.0,14471775,1207,D,4522.0,4702.0,22.83668778123957,22.83668778123957,22.496711570119455,22.817260569175556,21.962463238359284,22.83668778123957,330228960.64399916
2013-06-15,S*Mobarakeh Steel,4885.0,4885.0,4885.0,4728.0,6133918640.0,1255664,111,D,4698.0,4885.0,23.725482733167865,23.725482733167865,23.725482733167865,22.962964659655608,22.817260569175556,23.725482733167865,29791234.55066049
2013-06-16,S*Mobarakeh Steel,4917.0,4917.0,4917.0,4853.0,25110932154.0,5106962,196,D,4728.0,4917.0,23.88090042967992,23.88090042967992,23.88090042967992,23.570065036655812,22.962964659655608,23.88090042967992,121958851.02015898
2013-06-17,S*Mobarakeh Steel,5047.0,5047.0,4980.0,5044.0,308573367450.0,61177395,3690,D,4853.0,5047.0,24.512284821760133,24.512284821760133,24.186879019688018,24.497714412712117,23.570065036655812,24.512284821760133,1498680061.688933
2013-06-18,S*Mobarakeh Steel,5050.0,5150.0,4980.0,5043.0,75234647948.0,14919792,1673,D,5044.0,5020.0,24.52685523080812,25.01253553240829,24.186879019688018,24.492857609696127,24.497714412712117,24.381151140328086,365399865.0616657
2013-06-19,S*Mobarakeh Steel,5000.0,5000.0,4920.0,4980.0,30137184384.0,6072871,962,D,5043.0,4964.0,24.284015080008047,24.284015080008047,23.895470838727928,24.186879019688018,24.492857609696127,24.109170171431995,146370368.01000783
2013-06-22,S*Mobarakeh Steel,4880.0,4900.0,4781.0,4795.0,76638131698.0,15984106,1593,D,4980.0,4782.0,23.70119871808786,23.798334778407888,23.2203752195037,23.28837046172772,24.186879019688018,23.225232022519698,372216309.1715751
2013-06-23,S*Mobarakeh Steel,4709.0,4850.0,4700.0,4785.0,33901034613.0,7086772,998,D,4795.0,4805.0,22.87068540235159,23.555494627607814,22.82697417520756,23.239802431567696,23.28837046172772,23.336938491887736,164650647.1539934
2013-06-25,S*Mobarakeh Steel,4813.0,4976.0,4777.0,4899.0,39400045385.0,8042229,1174,D,4785.0,4940.0,23.375792916015747,24.167451807624012,23.200948007439695,23.79347797539188,23.239802431567696,23.992606899047964,191358259.25646836
2013-06-26,S*Mobarakeh Steel,5045.0,5045.0,4890.0,4979.0,36932477310.0,7412429,1050,D,4899.0,4960.0,24.50257121572813,24.50257121572813,23.74976674824787,24.182022216672006,23.79347797539188,24.089742959367985,179373767.18761903
2013-06-29,S*Mobarakeh Steel,5040.0,5171.0,5000.0,5102.0,58063668427.0,11380243,1348,D,4979.0,5170.0,24.478287200648115,25.114528395744333,24.284015080008047,24.779408987640213,24.182022216672006,25.109671592728326,282003799.9363709
2013-06-30,S*Mobarakeh Steel,5190.0,5306.0,5120.0,5297.0,148345936319.0,28007637,2493,D,5102.0,5306.0,25.20680765304836,25.77019680290454,24.866831441928248,25.726485575760524,24.779408987640213,25.77019680290454,720486990.9257022
2013-07-01,S*Mobarakeh Steel,5380.0,5500.0,5230.0,5337.0,62684114253.0,11745911,1423,D,5297.0,5240.0,26.129600226088662,26.712416588008857,25.401079773688412,25.92075769640059,25.726485575760524,25.449647803848436,304444395.1593598
2013-07-02,S*Mobarakeh Steel,5180.0,5230.0,5124.0,5159.0,96233713777.0,18654872,1708,D,5337.0,5130.0,25.158239622888342,25.401079773688412,24.886258653992247,25.056246759552305,25.92075769640059,24.915399472088264,467388191.3131692
2013-07-03,S*Mobarakeh Steel,5050.0,5198.0,5021.0,5113.0,90338506149.0,17667453,2535,D,5159.0,5103.0,24.52685523080812,25.245662077176362,24.38600794334408,24.83283382081623,25.056246759552305,24.784265790656217,438756329.125543
2013-07-06,S*Mobarakeh Steel,5131.0,5317.0,5131.0,5283.0,119943925096.0,22704720,1559,D,5113.0,5317.0,24.92025627510427,25.823621636080556,24.92025627510427,25.658490333536502,24.83283382081623,25.823621636080556,582544017.1573241
2013-07-07,S*Mobarakeh Steel,5350.0,5364.0,5100.0,5209.0,62853340606.0,12065624,1406,D,5283.0,5206.0,25.983896135608617,26.051891377832636,24.769695381608216,25.299086910352397,25.658490333536502,25.284516501304378,305266294.2209973
2013-07-08,S*Mobarakeh Steel,5162.0,5200.0,5090.0,5160.0,33239814143.0,6453461,834,D,5209.0,5150.0,25.070817168600303,25.255375683208367,24.721127351448196,25.061103562568317,25.299086910352397,25.01253553240829,161439229.58105534
2013-07-09,S*Mobarakeh Steel,5103.0,5180.0,4980.0,5103.0,31974870856.0,6282424,908,D,5160.0,5067.0,24.784265790656217,25.158239622888342,24.186879019688018,24.784265790656217,25.061103562568317,24.609420882080155,155295649.20968276
2013-07-10,S*Mobarakeh Steel,5142.0,5290.0,5080.0,5155.0,52484654257.0,10182165,998,D,5103.0,5111.0,24.97368110828027,25.692487954648506,24.672559321288173,25.036819547488296,24.784265790656217,24.823120214784232,254907627.08919933
2013-07-13,S*Mobarakeh Steel,5150.0,5150.0,5000.0,5074.0,29751307974.0,5893325,825,D,5155.0,5050.0,25.01253553240829,25.01253553240829,24.284015080008047,24.643418503192173,25.036819547488296,24.52685523080812,144496242.29811594
2013-07-14,S*Mobarakeh Steel,5074.0,5074.0,4941.0,4990.0,37897826296.0,7597664,741,D,5074.0,5000.0,24.643418503192173,24.643418503192173,23.99746370206395,24.235447049848027,24.643418503192173,24.284015080008047,184062277.05431786
2013-07-15,S*Mobarakeh Steel,5020.0,5070.0,4962.0,4989.0,25016161447.0,5014125,864,D,4990.0,4972.0,24.381151140328086,24.62399129112817,24.09945656539999,24.23059024683204,24.235447049848027,24.14802459556001,121498568.36457284
2013-07-16,S*Mobarakeh Steel,5000.0,5048.0,4972.0,4999.0,142537771689.0,28511163,1930,D,4989.0,5020.0,24.284015080008047,24.517141624776126,24.14802459556001,24.279158276992053,24.23059024683204,24.381151140328086,692277879.4332842
2013-07-28,S*Mobarakeh Steel,3590.0,3590.0,3581.0,3590.0,51418555032.0,14323744,744,D,3233.0,3582.0,20.041889679098976,20.041889679098976,19.99164538742435,20.041889679098976,18.048866109339,19.99722808649932,287054319.6128199
2013-07-29,S*Mobarakeh Steel,3680.0,3733.0,3601.0,3712.0,71556185703.0,19276853,1390,D,3590.0,3733.0,20.54433259584519,20.84021564681796,20.103299368923526,20.722978966243847,20.041889679098976,20.84021564681796,399476651.73165613
2013-07-31,S*Mobarakeh Steel,3860.0,3860.0,3860.0,3860.0,38797427420.0,10051147,319,D,3712.0,3860.0,21.549218429337614,21.549218429337614,21.549218429337614,21.549218429337614,20.722978966243847,21.549218429337614,216594362.16838157
2013-08-03,S*Mobarakeh Steel,3980.0,4013.0,3840.0,3937.0,133793980115.0,33981232,3820,D,3860.0,3889.0,22.219142318332572,22.403371387806185,21.437564447838465,21.97908625810938,21.549218429337614,21.711116702511404,746931529.0229508
2013-08-04,S*Mobarakeh Steel,3900.0,3929.0,3780.0,3842.0,38793704225.0,10098002,1519,D,3937.0,3790.0,21.77252639233593,21.934424665509724,21.102602503340982,21.448729845988375,21.97908625810938,21.158429494090566,216573576.6910991
2013-08-05,S*Mobarakeh Steel,3850.0,3850.0,3720.0,3807.0,16856839229.0,4457936,793,D,3842.0,3780.0,21.493391438588038,21.493391438588038,20.7676405588435,21.25333537836484,21.448729845988375,21.102602503340982,94106660.77045287
2013-08-06,S*Mobarakeh Steel,3800.0,3930.0,3720.0,3880.0,29814953092.0,7682996,1156,D,3807.0,3880.0,21.214256484840146,21.94000736458468,20.7676405588435,21.660872410836777,21.25333537836484,21.660872410836777,166447911.04662257
2013-08-07,S*Mobarakeh Steel,3929.0,3988.0,3790.0,3855.0,54922803829.0,14245885,1701,D,3880.0,3800.0,21.934424665509724,22.263803910932236,21.158429494090566,21.521304933962828,21.660872410836777,21.214256484840146,306617486.13025427
2013-08-11,S*Mobarakeh Steel,3890.0,3950.0,3806.0,3866.0,27127895106.0,7015193,1282,D,3855.0,3818.0,21.716699401586357,22.05166134608383,21.24775267928989,21.582714623787368,21.521304933962828,21.314745068189385,151446874.913822
2013-08-12,S*Mobarakeh Steel,3864.0,3864.0,3753.0,3822.0,16510599570.0,4358280,1039,D,3866.0,3820.0,21.57154922563745,21.57154922563745,20.951869628317127,21.337075864489222,21.582714623787368,21.3259104663393,92173708.9464398
2013-08-13,S*Mobarakeh Steel,3830.0,3830.0,3700.0,3755.0,25976972072.0,6932357,1226,D,3822.0,3700.0,21.38173745708888,21.38173745708888,20.65598657734435,20.96303502646704,21.337075864489222,20.65598657734435,145021617.95656243
2013-08-14,S*Mobarakeh Steel,3737.0,3797.0,3670.0,3732.0,17718691510.0,4765486,975,D,3755.0,3709.0,20.862546443117797,21.19750838761527,20.488505605095607,20.834632947743,20.96303502646704,20.706230869018963,98918122.70234196
2013-08-17,S*Mobarakeh Steel,3765.0,3830.0,3650.0,3707.0,28061539758.0,7571980,1291,D,3732.0,3698.0,21.018862017216613,21.38173745708888,20.376851623596455,20.69506547086906,20.834632947743,20.64482117919444,156659132.04888183
2013-08-18,S*Mobarakeh Steel,3700.0,3740.0,3633.0,3686.0,25815368187.0,7008246,922,D,3707.0,3650.0,20.65598657734435,20.879294540342666,20.281945739322175,20.577828790294934,20.69506547086906,20.376851623596455,144119432.0972633
2013-08-19,S*Mobarakeh Steel,3688.0,3716.0,3650.0,3690.0,17443852044.0,4724259,862,D,3686.0,3686.0,20.58899418844485,20.745309762543673,20.376851623596455,20.600159586594778,20.577828790294934,20.577828790294934,97383776.66974187
2013-08-20,S*Mobarakeh Steel,3700.0,3700.0,3630.0,3676.0,11352559885.0,3106473,575,D,3690.0,3640.0,20.65598657734435,20.65598657734435,20.265197642097295,20.522001799545365,20.600159586594778,20.321024632846868,63377925.56839406
2013-08-21,S*Mobarakeh Steel,3651.0,3658.0,3628.0,3659.0,13672659649.0,3754345,594,D,3676.0,3650.0,20.38243432267142,20.421513216196114,20.254032243947375,20.427095915271067,20.522001799545365,20.376851623596455,76330344.37468697
2013-08-24,S*Mobarakeh Steel,3650.0,3650.0,3602.0,3648.0,10496161398.0,2892649,767,D,3659.0,3627.0,20.376851623596455,20.376851623596455,20.108882067998472,20.365686225446535,20.427095915271067,20.24844954487243,58596910.52722375
2013-08-25,S*Mobarakeh Steel,3630.0,3633.0,3598.0,3625.0,15326274349.0,4250999,842,D,3648.0,3598.0,20.265197642097295,20.281945739322175,20.086551271698635,20.2372841467225,20.365686225446535,20.086551271698635,85561977.63071379
2013-08-26,S*Mobarakeh Steel,3580.0,3599.0,3535.0,3593.0,15781023145.0,4420854,701,D,3625.0,3590.0,19.986062688349392,20.092133970773595,19.734841229976297,20.058637776323856,20.2372841467225,20.041889679098976,88100703.31348123
2013-08-27,S*Mobarakeh Steel,3580.0,3720.0,3450.0,3549.0,25963494620.0,7319953,1183,D,3593.0,3470.0,19.986062688349392,20.7676405588435,19.260311808604865,19.812999017025703,20.058637776323856,19.371965790104028,144946377.39774925
2013-08-28,S*Mobarakeh Steel,3410.0,3460.0,3408.0,3408.0,31952178440.0,9374565,661,D,3549.0,3408.0,19.03700384560655,19.31613879935444,19.02583844745664,19.02583844745664,19.812999017025703,19.02583844745664,178379397.0198788
2013-08-31,S*Mobarakeh Steel,3380.0,3544.0,3380.0,3482.0,21327950736.0,6090255,913,D,3408.0,3500.0,18.869522873357813,19.785085521650917,18.869522873357813,19.438958179003517,19.02583844745664,19.539446762352767,119067530.84461556
2013-09-01,S*Mobarakeh Steel,3525.0,3621.0,3525.0,3570.0,20080940943.0,5570391,942,D,3482.0,3621.0,19.679014239226717,20.214953350422668,19.679014239226717,19.930235697599823,19.438958179003517,20.214953350422668,112105850.42677099
2013-09-03,S*Mobarakeh Steel,3696.0,3696.0,3550.0,3595.0,16608868843.0,4597672,757,D,3570.0,3552.0,20.633655781044514,20.633655781044514,19.81858171610066,20.069803174473773,19.930235697599823,19.829747114250573,92722316.72591372
2013-09-04,S*Mobarakeh Steel,3480.0,3480.0,3452.0,3567.0,5351076652.0,1549089,221,D,3595.0,3452.0,19.427792780853608,19.427792780853608,19.27147720675478,19.913487600374943,20.069803174473773,19.27147720675478,29873450.6751494
2013-09-07,S*Mobarakeh Steel,3425.0,3430.0,3425.0,3487.0,15009090951.0,4381904,526,D,3567.0,3425.0,19.120744331730915,19.148657827105716,19.120744331730915,19.466871674378307,19.913487600374943,19.120744331730915,83791238.16810718
2013-09-08,S*Mobarakeh Steel,3400.0,3495.0,3400.0,3460.0,20548801770.0,5952277,717,D,3487.0,3470.0,18.98117685485697,19.51153326697797,18.98117685485697,19.31613879935444,19.466871674378307,19.371965790104028,114717776.63287291
2013-09-09,S*Mobarakeh Steel,3546.0,3546.0,3458.0,3472.0,9118623100.0,2609113,499,D,3460.0,3480.0,19.796250919800833,19.796250919800833,19.304973401204528,19.383131188253937,19.31613879935444,19.427792780853608,50906528.74526004
2013-09-10,S*Mobarakeh Steel,3595.0,3610.0,3570.0,3510.0,7764047755.0,2151976,195,D,3472.0,3610.0,20.069803174473773,20.153543660598128,19.930235697599823,19.595273753102347,19.383131188253937,20.153543660598128,43344342.219767705
2013-09-11,S*Mobarakeh Steel,3650.0,3650.0,3650.0,3650.0,34560426500.0,9468610,573,D,3510.0,3650.0,20.376851623596455,20.376851623596455,20.376851623596455,20.376851623596455,19.595273753102347,20.376851623596455,192940461.05170158
2013-09-14,S*Mobarakeh Steel,3740.0,3740.0,3550.0,3644.0,12803897151.0,3520357,651,D,3650.0,3650.0,20.879294540342666,20.879294540342666,19.81858171610066,20.343355429146705,20.376851623596455,20.376851623596455,71480304.7807442
2013-09-15,S*Mobarakeh Steel,3679.0,3750.0,3601.0,3667.0,17536864087.0,4763824,690,D,3644.0,3620.0,20.538749896770234,20.93512153109225,20.103299368923526,20.471757507870738,20.343355429146705,20.209370651347715,97903034.9161579
2013-09-16,S*Mobarakeh Steel,3620.0,3660.0,3574.0,3650.0,8920372036.0,2468046,405,D,3667.0,3626.0,20.209370651347715,20.432678614346038,19.95256649389965,20.376851623596455,20.471757507870738,20.24286684579747,49799752.7136578
2013-09-17,S*Mobarakeh Steel,3649.0,3710.0,3620.0,3654.0,7987332730.0,2178796,478,D,3650.0,3630.0,20.371268924521495,20.71181356809393,20.209370651347715,20.399182419896288,20.376851623596455,20.265197642097295,44590875.043152235
2013-09-18,S*Mobarakeh Steel,3740.0,3740.0,3681.0,3686.0,18708762169.0,5052861,707,D,3654.0,3699.0,20.879294540342666,20.879294540342666,20.549915294920154,20.577828790294934,20.399182419896288,20.650403878269394,104445389.2544843
2013-09-21,S*Mobarakeh Steel,3710.0,3740.0,3655.0,3704.0,23154018215.0,6242842,921,D,3686.0,3667.0,20.71181356809393,20.879294540342666,20.40476511897124,20.678317373644187,20.577828790294934,20.471757507870738,129261916.07043958
2013-09-22,S*Mobarakeh Steel,3685.0,3685.0,3569.0,3681.0,8785627753.0,2419320,560,D,3704.0,3650.0,20.572246091219988,20.572246091219988,19.924652998524866,20.549915294920154,20.678317373644187,20.376851623596455,49047515.929597855
2013-09-23,S*Mobarakeh Steel,3669.0,3746.0,3650.0,3696.0,24915249944.0,6737350,929,D,3681.0,3695.0,20.482922906020654,20.912790734792413,20.376851623596455,20.633655781044514,20.549915294920154,20.62807308196956,139094342.81471452
2013-09-24,S*Mobarakeh Steel,3714.0,3714.0,3685.0,3696.0,13225286241.0,3578054,485,D,3696.0,3700.0,20.734144364393767,20.734144364393767,20.572246091219988,20.633655781044514,20.633655781044514,20.65598657734435,73832793.26368457
2013-09-25,S*Mobarakeh Steel,3720.0,3740.0,3645.0,3695.0,16765321416.0,4537839,658,D,3696.0,3650.0,20.7676405588435,20.879294540342666,20.34893812822166,20.62807308196956,20.633655781044514,20.376851623596455,93595744.36047561
2013-09-28,S*Mobarakeh Steel,3750.0,3750.0,3673.0,3705.0,29114988503.0,7857600,886,D,3695.0,3695.0,20.93512153109225,20.93512153109225,20.50525370232049,20.68390007271914,20.62807308196956,20.62807308196956,162540219.38310894
2013-09-29,S*Mobarakeh Steel,3740.0,3740.0,3660.0,3710.0,24825495015.0,6689959,786,D,3705.0,3733.0,20.879294540342666,20.879294540342666,20.432678614346038,20.71181356809393,20.68390007271914,20.84021564681796,138593268.05561325
2013-09-30,S*Mobarakeh Steel,3703.0,3858.0,3703.0,3834.0,65454951073.0,17073342,1621,D,3710.0,3858.0,20.67273467456923,21.5380530311877,20.67273467456923,21.404068253388722,20.71181356809393,21.5380530311877,365415294.80665404
2013-10-01,S*Mobarakeh Steel,3901.0,3987.0,3851.0,3936.0,55024984270.0,13981611,1661,D,3834.0,3960.0,21.77810909141089,22.258221211857272,21.498974137663,21.97350355903442,21.404068253388722,22.10748833683342,307187928.7837038
2013-10-02,S*Mobarakeh Steel,3960.0,3991.0,3880.0,3936.0,28643207384.0,7277520,1096,D,3936.0,3940.0,22.10748833683342,22.280552008157105,21.660872410836777,21.97350355903442,21.97350355903442,21.995834355334253,159906407.36648506
2013-10-05,S*Mobarakeh Steel,3960.0,3980.0,3880.0,3928.0,20048447167.0,5110006,733,D,3936.0,3950.0,22.10748833683342,22.219142318332572,21.660872410836777,21.92884196643476,21.97350355903442,22.05166134608383,111924447.4535539
2013-10-06,S*Mobarakeh Steel,3851.0,4025.0,3851.0,3953.0,25851778393.0,6531833,1027,D,3928.0,3983.0,21.498974137663,22.470363776705675,21.498974137663,22.0684094433087,21.92884196643476,22.235890415557446,144322699.32061854
2013-10-07,S*Mobarakeh Steel,3990.0,3997.0,3911.0,3946.0,19063406924.0,4835510,613,D,3953.0,3930.0,22.274969309082145,22.314048202606852,21.833936082160463,22.029330549784003,22.0684094433087,21.94000736458468,106425264.20016143
2013-10-08,S*Mobarakeh Steel,3910.0,3970.0,3890.0,3921.0,29768615905.0,7593229,664,D,3946.0,3917.0,21.828353383085517,22.16331532758301,21.716699401586357,21.88976307291006,22.029330549784003,21.867432276610216,166189224.4756215
2013-10-09,S*Mobarakeh Steel,3900.0,4000.0,3871.0,3913.0,1446305741294.0,369647413,1057,D,3921.0,3970.0,21.77252639233593,22.330796299831736,21.610628119162154,21.8451014803104,21.88976307291006,22.16331532758301,8074289724.028361
2013-10-12,S*Mobarakeh Steel,3940.0,4069.0,3920.0,4069.0,1494585616197.0,367353866,797,D,3913.0,4069.0,21.995834355334253,22.716002536003824,21.88418037383509,22.716002536003824,21.8451014803104,22.716002536003824,8343821736.988423
2013-10-13,S*Mobarakeh Steel,4231.0,4231.0,4133.0,4224.0,850274281483.0,201292316,1893,D,4069.0,4190.0,23.620399786147008,23.620399786147008,23.073295276801137,23.58132089262231,22.716002536003824,23.391509124073732,4746825444.695665
2013-10-14,S*Mobarakeh Steel,4280.0,4392.0,4160.0,4317.0,584025311357.0,135299839,2435,D,4224.0,4370.0,23.893952040819954,24.519214337215235,23.224028151825003,24.1005119065934,23.58132089262231,24.39639495756617,3260437565.4647427
2013-10-15,S*Mobarakeh Steel,4370.0,4489.0,4370.0,4481.0,81771202285.0,18246906,1219,D,4317.0,4489.0,24.39639495756617,25.060736147486164,24.39639495756617,25.016074554886494,24.1005119065934,25.060736147486164,456504015.3546675
2013-10-19,S*Mobarakeh Steel,4660.0,4660.0,4522.0,4655.0,135190402996.0,29044462,1672,D,4481.0,4567.0,26.015377689303968,26.015377689303968,25.244965216959777,25.987464193929174,25.016074554886494,25.496186675332876,754727337.7489593
2013-10-20,S*Mobarakeh Steel,4500.0,4687.0,4469.0,4556.0,69421991308.0,15236816,1724,D,4655.0,4560.0,25.122145837310693,26.166110564327838,24.949082165987008,25.434776985508332,25.987464193929174,25.45710778180818,387562086.6569094
2013-10-21,S*Mobarakeh Steel,4719.0,4735.0,4650.0,4697.0,96792660269.0,20608525,1698,D,4556.0,4650.0,26.344756934726483,26.43408011992581,25.95955069855438,26.221937555077403,25.434776985508332,25.95955069855438,540364294.9464637
2013-10-22,S*Mobarakeh Steel,4700.0,4700.0,4510.0,4592.0,24261982916.0,5339147,1050,D,4697.0,4530.0,26.238685652302276,26.238685652302276,25.17797282806028,25.63575415220682,26.221937555077403,25.28962680955943,135447349.58179837
2013-10-23,S*Mobarakeh Steel,4549.0,4700.0,4409.0,4580.0,39249993286.0,8569511,1041,D,4592.0,4660.0,25.395698091983633,26.238685652302276,24.61412022148953,25.56876176330733,25.63575415220682,26.015377689303968,219120901.20985726
2013-10-26,S*Mobarakeh Steel,4676.0,4700.0,4560.0,4639.0,67027530173.0,14447384,1485,D,4580.0,4561.0,26.104700874503283,26.238685652302276,25.45710778180818,25.898141008729848,25.56876176330733,25.462690480883133,374194530.69352204
2013-10-27,S*Mobarakeh Steel,4561.0,4562.0,4454.0,4485.0,31801029230.0,7112016,856,D,4639.0,4500.0,25.462690480883133,25.468273179958086,24.865341679862635,25.038405351186334,25.898141008729848,25.122145837310693,177535576.46503115
2013-10-28,S*Mobarakeh Steel,4490.0,4550.0,4470.0,4490.0,16700440943.0,3714642,522,D,4485.0,4550.0,25.066318846561114,25.401280791058596,24.95466486506196,25.066318846561114,25.038405351186334,25.401280791058596,93233536.2038757
2013-10-29,S*Mobarakeh Steel,4490.0,4555.0,4413.0,4482.0,16787943748.0,3752230,668,D,4490.0,4455.0,25.066318846561114,25.429194286433386,24.636451017789355,25.021657253961465,25.066318846561114,24.870924378937584,93722038.03240545
2013-10-30,S*Mobarakeh Steel,4470.0,4524.0,4450.0,4483.0,17605868349.0,3926819,523,D,4482.0,4461.0,24.95466486506196,25.256130615109686,24.843010883562805,25.027239953036407,25.021657253961465,24.90442057338735,98288264.94579348
2013-11-02,S*Mobarakeh Steel,4460.0,4465.0,4400.0,4461.0,16948432722.0,3819169,583,D,4483.0,4410.0,24.89883787431238,24.926751369687167,24.563875929814902,24.90442057338735,25.027239953036407,24.619702920564475,94617999.67909616
2013-11-03,S*Mobarakeh Steel,4440.0,4440.0,4377.0,4407.0,28903875653.0,6572470,690,D,4461.0,4380.0,24.787183892813214,24.787183892813214,24.43547385109087,24.602954823339612,24.90442057338735,24.452221948315742,161361639.87070218
2013-11-04,S*Mobarakeh Steel,4362.0,4380.0,4340.0,4389.0,12423472193.0,2851168,489,D,4407.0,4347.0,24.351733364966496,24.452221948315742,24.22891398531743,24.50246623999036,24.602954823339612,24.26799287884213,69356506.71962671
2013-11-05,S*Mobarakeh Steel,4390.0,4440.0,4373.0,4390.0,16602365106.0,3781275,550,D,4389.0,4380.0,24.50804893906533,24.787183892813214,24.413143054791043,24.50804893906533,24.50246623999036,24.452221948315742,92686008.31938006
2013-11-06,S*Mobarakeh Steel,4399.0,4420.0,4360.0,4388.0,16940309809.0,3861500,605,D,4390.0,4368.0,24.55829323073994,24.675529911314065,24.340567966816582,24.49688354091541,24.50804893906533,24.38522955941625,94572651.90020509
2013-11-09,S*Mobarakeh Steel,4400.0,4439.0,4332.0,4369.0,18537007415.0,4258374,762,D,4388.0,4348.0,24.563875929814902,24.78160119373827,24.184252392717763,24.39081225849121,24.49688354091541,24.273575577917082,103486534.14820881
2013-11-10,S*Mobarakeh Steel,4321.0,4322.0,4195.0,4267.0,24000103392.0,5673617,842,D,4369.0,4229.0,24.122842702893223,24.12842540196818,23.41942261944853,23.8213769528455,24.39081225849121,23.6092343879971,133985355.00541309
2013-11-11,S*Mobarakeh Steel,4205.0,4265.0,4172.0,4216.0,24163457285.0,5754889,1064,D,4267.0,4199.0,23.4752496101981,23.810211554695584,23.29102054072449,23.53665930002264,23.8213769528455,23.44175341574836,134897310.63275498
2013-11-12,S*Mobarakeh Steel,4211.0,4357.0,4180.0,4232.0,19890527110.0,4687689,799,D,4216.0,4300.0,23.50874580464786,24.323819869591702,23.335682133324156,23.62598248522197,23.53665930002264,24.005606022319107,111042827.29742265
2013-11-16,S*Mobarakeh Steel,4350.0,4401.0,4250.0,4293.0,20623201620.0,4761046,965,D,4232.0,4292.0,24.28474097606701,24.56945862888987,23.726471068571207,23.966527128794397,23.62598248522197,23.960944429719447,115133128.60664494
2013-11-17,S*Mobarakeh Steel,4370.0,4370.0,4280.0,4293.0,10417992740.0,2427126,483,D,4293.0,4287.0,24.39639495756617,24.39639495756617,23.893952040819954,23.966527128794397,23.966527128794397,23.933030934344654,58160518.43251646
2013-11-18,S*Mobarakeh Steel,4290.0,4464.0,4280.0,4350.0,18539457560.0,4215736,670,D,4293.0,4464.0,23.949779031569527,24.921168670612214,23.893952040819954,24.28474097606701,23.966527128794397,24.921168670612214,103500212.57043387
2013-11-19,S*Mobarakeh Steel,4524.0,4524.0,4400.0,4474.0,50238816378.0,11229274,1885,D,4350.0,4498.0,25.256130615109686,25.256130615109686,24.563875929814902,24.976995661361784,24.28474097606701,25.110980439160777,280468193.72044206
2013-11-20,S*Mobarakeh Steel,4542.0,4542.0,4423.0,4468.0,14148067254.0,3171858,464,D,4474.0,4440.0,25.356619198458926,25.356619198458926,24.692278008538935,24.94349946691204,24.976995661361784,24.787183892813214,78984401.97134842
2013-11-23,S*Mobarakeh Steel,4499.0,4538.0,4372.0,4472.0,27428384438.0,6131568,737,D,4468.0,4400.0,25.116563138235744,25.334288402159103,24.407560355716075,24.96583026321188,24.94349946691204,24.563875929814902,153124416.4296131
2013-11-24,S*Mobarakeh Steel,4455.0,4486.0,4350.0,4421.0,26168163101.0,5939843,1114,D,4472.0,4410.0,24.870924378937584,25.043988050261287,24.28474097606701,24.681112610389025,24.96583026321188,24.619702920564475,146088979.93730098
2013-11-25,S*Mobarakeh Steel,4418.0,4418.0,4280.0,4331.0,35697972785.0,8241741,1476,D,4421.0,4291.0,24.66436451316414,24.66436451316414,23.893952040819954,24.178669693642803,24.681112610389025,23.955361730644494,199291039.644693
2013-11-26,S*Mobarakeh Steel,4340.0,4349.0,4246.0,4287.0,23765496281.0,5566183,1043,D,4331.0,4250.0,24.22891398531743,24.27915827699205,23.704140272271378,23.933030934344654,24.178669693642803,23.726471068571207,132675614.10385486
2013-11-27,S*Mobarakeh Steel,4270.0,4365.0,4212.0,4270.0,67818650887.0,15883419,1628,D,4287.0,4260.0,23.838125050070374,24.368481462191372,23.514328503722812,23.838125050070374,23.933030934344654,23.782298059320794,378611119.5717498
2013-11-30,S*Mobarakeh Steel,4251.0,4360.0,4237.0,4318.0,39287663278.0,9099342,1173,D,4270.0,4350.0,23.732053767646168,24.340567966816582,23.65389598059676,24.10609460566836,23.838125050070374,24.28474097606701,219331201.43934935
2013-12-01,S*Mobarakeh Steel,4330.0,4490.0,4330.0,4488.0,150221558626.0,33475054,2060,D,4318.0,4487.0,24.17308699456785,25.066318846561114,24.17308699456785,25.055153448411215,24.10609460566836,25.049570749336237,838641756.3801093
2013-12-02,S*Mobarakeh Steel,4535.0,4565.0,4400.0,4497.0,42286835770.0,9402475,1647,D,4488.0,4450.0,25.317540304934226,25.48502127718297,24.563875929814902,25.105397740085827,25.055153448411215,24.843010883562805,236074678.93607703
2013-12-03,S*Mobarakeh Steel,4559.0,4560.0,4380.0,4491.0,19032069912.0,4242279,840,D,4497.0,4430.0,25.45152508273321,25.45710778180818,24.452221948315742,25.071901545636074,25.105397740085827,24.731356902063652,106250319.09225714
2013-12-04,S*Mobarakeh Steel,4361.0,4480.0,4325.0,4426.0,17196184731.0,3940964,982,D,4491.0,4330.0,24.346150665891543,25.010491855811544,24.14517349919306,24.709026105763808,25.071901545636074,24.17308699456785,96001124.59055948
2013-12-07,S*Mobarakeh Steel,4399.0,4399.0,4297.0,4369.0,19433162254.0,4490561,878,D,4426.0,4321.0,24.55829323073994,24.55829323073994,23.988857925094234,24.39081225849121,24.709026105763808,24.122842702893223,108489496.93891318
2013-12-08,S*Mobarakeh Steel,4299.0,4465.0,4261.0,4359.0,46946862810.0,10769352,1310,D,4369.0,4350.0,24.00002332324416,24.926751369687167,23.78788075839575,24.334985267741626,24.39081225849121,24.28474097606701,262090207.58156392
2013-12-09,S*Mobarakeh Steel,4450.0,4500.0,4380.0,4437.0,43823266159.0,9877723,1262,D,4359.0,4430.0,24.843010883562805,25.122145837310693,24.452221948315742,24.770435795588345,24.334985267741626,24.731356902063652,244652107.44748452
2013-12-10,S*Mobarakeh Steel,4479.0,4614.0,4479.0,4600.0,83288070611.0,18106317,1709,D,4437.0,4614.0,25.00490915673658,25.758573531855905,25.00490915673658,25.6804157448065,24.770435795588345,25.758573531855905,464972234.7550607
2013-12-11,S*Mobarakeh Steel,4689.0,4689.0,4510.0,4590.0,33356162447.0,7268591,1274,D,4600.0,4530.0,26.177275962477744,26.177275962477744,25.17797282806028,25.62458875405692,25.6804157448065,25.28962680955943,186217417.2370134
2013-12-14,S*Mobarakeh Steel,4407.0,4599.0,4407.0,4472.0,34057816419.0,7618600,919,D,4590.0,4460.0,24.602954823339612,25.674833045731532,24.602954823339612,24.96583026321188,25.62458875405692,24.89883787431238,190134540.21743837
2013-12-15,S*Mobarakeh Steel,4500.0,4650.0,4499.0,4612.0,54931305082.0,11911278,1155,D,4472.0,4650.0,25.122145837310693,25.95955069855438,25.116563138235744,25.747408133705985,24.96583026321188,25.95955069855438,306664946.06751335
2013-12-16,S*Mobarakeh Steel,4796.0,4796.0,4780.0,4796.0,149812400552.0,31236972,1250,D,4612.0,4796.0,26.774624763498245,26.774624763498245,26.68530157829892,26.774624763498245,25.747408133705985,26.774624763498245,836357549.978878
2013-12-17,S*Mobarakeh Steel,4850.0,4850.0,4630.0,4722.0,52252366638.0,11065284,1535,D,4796.0,4681.0,27.07609051354598,27.07609051354598,25.847896717055214,26.361505031951353,26.774624763498245,26.132614369878084,291709238.89432526
2013-12-18,S*Mobarakeh Steel,4651.0,4797.0,4534.0,4602.0,69454188440.0,15092779,1837,D,4722.0,4534.0,25.96513339762934,26.780207462573212,25.311957605859266,25.6915811429564,26.361505031951353,25.311957605859266,387741833.5559419
2013-12-21,S*Mobarakeh Steel,4501.0,4600.0,4422.0,4469.0,68695826610.0,15370751,1519,D,4602.0,4440.0,25.12772853638565,25.6804157448065,24.686695309463982,24.949082165987008,25.6915811429564,24.787183892813214,383508127.6691175
2013-12-22,S*Mobarakeh Steel,4500.0,4520.0,4396.0,4420.0,267607309378.0,60546016,2828,D,4469.0,4400.0,25.122145837310693,25.23379981880985,24.54154513351507,24.675529911314065,24.949082165987008,24.563875929814902,1493971078.5165417
2013-12-24,S*Mobarakeh Steel,4500.0,4596.0,4471.0,4577.0,147318575741.0,32186832,1476,D,4420.0,4596.0,25.122145837310693,25.658084948506655,24.960247564136917,25.552013666082456,24.675529911314065,25.658084948506655,822435276.5134008
2013-12-25,S*Mobarakeh Steel,4760.0,4760.0,4760.0,4719.0,28523214720.0,5992272,274,D,4577.0,4760.0,26.573647596799763,26.573647596799763,26.573647596799763,26.344756934726483,25.552013666082456,26.573647596799763,159236524.43217045
2013-12-28,S*Mobarakeh Steel,4907.0,4907.0,4810.0,4905.0,364586448348.0,74324534,4961,D,4719.0,4900.0,27.394304360818563,27.394304360818563,26.852782550547655,27.38313896266866,26.344756934726483,27.35522546729387,2035376427.9345775
2013-12-29,S*Mobarakeh Steel,4899.0,4899.0,4730.0,4797.0,51775449045.0,10794157,1856,D,4905.0,4735.0,27.349642768218903,27.349642768218903,26.406166624551016,26.780207462573212,27.38313896266866,26.43408011992581,289046751.4890531
2013-12-30,S*Mobarakeh Steel,4741.0,4850.0,4710.0,4810.0,48954477735.0,10178082,1246,D,4797.0,4800.0,26.46757631437556,27.07609051354598,26.29451264305186,26.852782550547655,26.780207462573212,26.79695555979808,273298117.56623316
2014-01-01,S*Mobarakeh Steel,4870.0,4870.0,4725.0,4814.0,37297090759.0,7745000,965,D,4810.0,4725.0,27.18774449504513,27.18774449504513,26.37825312917623,26.87511334684748,26.852782550547655,26.37825312917623,208218434.07889134
2014-01-04,S*Mobarakeh Steel,4841.0,5006.0,4732.0,4940.0,75350705050.0,15253701,1715,D,4814.0,5006.0,27.025846221871355,27.94699156923941,26.41733202270094,27.5785334302922,26.87511334684748,27.94699156923941,420660311.38006294
2014-01-05,S*Mobarakeh Steel,5022.0,5121.0,4940.0,5050.0,62072239588.0,12292364,1613,D,4940.0,5100.0,28.036314754438745,28.589001962859577,27.5785334302922,28.19263032853755,27.5785334302922,28.47176528228546,346530634.5284947
2014-01-06,S*Mobarakeh Steel,5125.0,5200.0,5010.0,5094.0,33758929503.0,6591199,1277,D,5050.0,5130.0,28.611332759159406,29.030035189781245,27.969322365539238,28.438269087835703,28.19263032853755,28.6392462545342,188465944.5079682
2014-01-07,S*Mobarakeh Steel,5161.0,5170.0,4976.0,5022.0,47762160407.0,9529044,1391,D,5094.0,5007.0,28.81230992585789,28.862554217532512,27.779510596990672,28.036314754438745,28.438269087835703,27.952574268314375,266641768.72215122
2014-01-08,S*Mobarakeh Steel,5000.0,5029.0,4923.0,4992.0,58740027639.0,11767171,5395,D,5022.0,4999.0,27.913495374789658,28.075393647963445,27.483627546017914,27.868833782189995,28.036314754438745,27.907912675714712,327927897.9632486
2014-01-11,S*Mobarakeh Steel,5030.0,5155.0,4972.0,5024.0,174046502606.0,34639918,3109,D,4992.0,5000.0,28.08097634703841,28.77881373140814,27.757179800690846,28.04748015258865,27.868833782189995,27.913495374789658,971649249.0981793
2014-01-12,S*Mobarakeh Steel,4910.0,4980.0,4824.0,4838.0,52200254709.0,10789353,944,D,5024.0,4950.0,27.411052458043454,27.801841393290506,26.930940337597065,27.00909812464647,28.04748015258865,27.634360421041773,291418313.6765029
2014-01-13,S*Mobarakeh Steel,4932.0,5006.0,4900.0,4919.0,68089259554.0,13842907,908,D,4838.0,4910.0,27.533871837692512,27.94699156923941,27.35522546729387,27.461296749718063,27.00909812464647,27.411052458043454,380121846.32668626
2014-01-14,S*Mobarakeh Steel,4998.0,4998.0,4781.0,4896.0,23160592668.0,4759418,679,D,4919.0,4860.0,27.90232997663976,27.90232997663976,26.69088427737388,27.332894670994037,27.461296749718063,27.131917504295547,129298619.26312105
2014-01-15,S*Mobarakeh Steel,4810.0,4898.0,4720.0,4779.0,55100333755.0,11529622,755,D,4896.0,4800.0,26.852782550547655,27.34406006914395,26.350339633801436,26.679718879223966,27.332894670994037,26.79695555979808,307608582.28391176
2014-01-18,S*Mobarakeh Steel,4703.0,4840.0,4674.0,4767.0,15167186575.0,3201520,538,D,4779.0,4700.0,26.25543374952716,27.020263522796395,26.093535476353374,26.61272649032447,26.679718879223966,26.238685652302276,84673838.46196692
2014-01-20,S*Mobarakeh Steel,4650.0,4740.0,4577.0,4693.0,20372190048.0,4441394,403,D,4767.0,4577.0,25.95955069855438,26.4619936153006,25.552013666082456,26.19960675877757,26.61272649032447,25.552013666082456,113731806.5358368
2014-01-21,S*Mobarakeh Steel,4600.0,4800.0,4520.0,4680.0,22734893225.0,4874840,655,D,4693.0,4560.0,25.6804157448065,26.79695555979808,25.23379981880985,26.127031670803117,26.19960675877757,25.45710778180818,126922067.37647486
2014-01-22,S*Mobarakeh Steel,4561.0,4599.0,4493.0,4574.0,29562709269.0,6560433,780,D,4680.0,4493.0,25.462690480883133,25.674833045731532,25.083066943785997,25.535265568857586,26.127031670803117,25.083066943785997,165039709.68929663
2014-01-25,S*Mobarakeh Steel,4450.0,4698.0,4440.0,4577.0,27039708494.0,5905074,701,D,4574.0,4480.0,24.843010883562805,26.22752025415236,24.787183892813214,25.552013666082456,25.535265568857586,25.010491855811544,150954555.59658593
2014-01-26,S*Mobarakeh Steel,4500.0,4577.0,4394.0,4498.0,22834889635.0,5175412,694,D,4577.0,4394.0,25.122145837310693,25.552013666082456,24.53037973536516,25.110980439160777,25.552013666082456,24.53037973536516,127480317.24208093
2014-01-27,S*Mobarakeh Steel,4322.0,4449.0,4319.0,4394.0,28977086147.0,6691727,760,D,4498.0,4399.0,24.12842540196818,24.837428184487834,24.111677304743303,24.53037973536516,25.110980439160777,24.55829323073994,161770352.02783322
2014-01-28,S*Mobarakeh Steel,4402.0,4549.0,4401.0,4406.0,7711941791.0,1724613,420,D,4394.0,4430.0,24.575041327964815,25.395698091983633,24.56945862888987,24.597372124264645,24.53037973536516,24.731356902063652,43053450.30274512
2014-01-29,S*Mobarakeh Steel,4433.0,4582.0,4406.0,4454.0,22024591473.0,4881187,844,D,4406.0,4582.0,24.748104999288515,25.57992716145725,24.597372124264645,24.865341679862635,24.597372124264645,25.57992716145725,122956666.44264346
2014-02-01,S*Mobarakeh Steel,4591.0,4630.0,4500.0,4503.0,17889742867.0,3896724,748,D,4454.0,4550.0,25.630171453131865,25.847896717055214,25.122145837310693,25.13889393453557,24.865341679862635,25.401280791058596,99873050.95483619
2014-02-02,S*Mobarakeh Steel,4589.0,4589.0,4350.0,4481.0,11284922147.0,2559953,555,D,4503.0,4390.0,25.619006054981956,25.619006054981956,24.28474097606701,25.016074554886494,25.13889393453557,24.50804893906533,63000324.43102917
2014-02-03,S*Mobarakeh Steel,4410.0,4449.0,4350.0,4463.0,9360843126.0,2132355,384,D,4481.0,4448.0,24.619702920564475,24.837428184487834,24.28474097606701,24.915585971537265,25.016074554886494,24.83184548541288,52258770.26034652
2014-02-04,S*Mobarakeh Steel,4411.0,4441.0,4303.0,4429.0,13288350404.0,3060418,595,D,4463.0,4350.0,24.62528561963944,24.79276659188819,24.022354119543987,24.72577420298869,24.915585971537265,24.28474097606701,74184861.50812763
2014-02-05,S*Mobarakeh Steel,4260.0,4330.0,4252.0,4387.0,11216217479.0,2635652,465,D,4429.0,4252.0,23.782298059320794,24.17308699456785,23.737636466721124,24.491300841840452,24.72577420298869,23.737636466721124,62616766.944540285
2014-02-08,S*Mobarakeh Steel,4212.0,4250.0,4212.0,4212.0,70941172526.0,16841252,728,D,4387.0,4212.0,23.514328503722812,23.726471068571207,23.514328503722812,23.514328503722812,24.491300841840452,23.514328503722812,396043218.2373312
2014-02-09,S*Mobarakeh Steel,4085.0,4370.0,4085.0,4369.0,1592516419745.0,364471314,564,D,4212.0,4365.0,22.805325721203157,24.39639495756617,22.805325721203157,24.39081225849121,23.514328503722812,24.368481462191372,8890539943.365732
2014-02-10,S*Mobarakeh Steel,4369.0,4380.0,4210.0,4369.0,1686790929473.0,386119797,1106,D,4369.0,4297.0,24.39081225849121,24.452221948315742,23.503163105572895,24.39081225849121,24.39081225849121,23.988857925094234,9416846161.616348
2014-02-12,S*Mobarakeh Steel,4221.0,4221.0,4195.0,4331.0,9967599550.0,2375230,295,D,4369.0,4195.0,23.56457279539744,23.56457279539744,23.41942261944853,24.178669693642803,24.39081225849121,23.41942261944853,55646108.78733609
2014-02-15,S*Mobarakeh Steel,4161.0,4369.0,4158.0,4322.0,6092070623.0,1429561,358,D,4331.0,4200.0,23.229610850899956,24.39081225849121,23.21286275367509,24.12842540196818,24.178669693642803,23.447336114823315,34010197.031600505
2014-02-16,S*Mobarakeh Steel,4260.0,4470.0,4202.0,4337.0,11018723562.0,2512858,664,D,4322.0,4400.0,23.782298059320794,24.95466486506196,23.458501512973235,24.212165888092557,24.12842540196818,24.563875929814902,61514217.8367946
2014-02-17,S*Mobarakeh Steel,4360.0,4467.0,4250.0,4359.0,18548589753.0,4222183,1189,D,4337.0,4359.0,24.340567966816582,24.93791676783709,23.726471068571207,24.334985267741626,24.212165888092557,24.334985267741626,103551194.85584728
2014-02-18,S*Mobarakeh Steel,4280.0,4281.0,4185.0,4322.0,11559362494.0,2744734,676,D,4359.0,4274.0,23.893952040819954,23.899534739894914,23.363595628698942,24.12842540196818,24.334985267741626,23.860455846370204,64532442.30235721
2014-02-19,S*Mobarakeh Steel,4250.0,4370.0,4201.0,4315.0,17037048964.0,3960291,821,D,4322.0,4315.0,23.726471068571207,24.39639495756617,23.45291881389828,24.089346508443477,24.12842540196818,24.089346508443477,95112717.49133582
2014-02-22,S*Mobarakeh Steel,4300.0,4350.0,4260.0,4314.0,13638871777.0,3163778,635,D,4315.0,4314.0,24.005606022319107,24.28474097606701,23.782298059320794,24.083763809368516,24.089346508443477,24.083763809368516,76141716.85292776
2014-02-23,S*Mobarakeh Steel,4251.0,4280.0,4188.0,4287.0,11916170841.0,2829974,804,D,4314.0,4200.0,23.732053767646168,23.893952040819954,23.380343725923822,23.933030934344654,24.083763809368516,23.447336114823315,66524395.9310914
2014-02-24,S*Mobarakeh Steel,4175.0,4175.0,4120.0,4238.0,13821996281.0,3346587,758,D,4287.0,4150.0,23.30776863794937,23.30776863794937,23.00072018882668,23.659478679671714,23.933030934344654,23.168201161075412,77164045.85201068
2014-02-25,S*Mobarakeh Steel,4110.0,4111.0,4069.0,4196.0,11370468984.0,2790658,655,D,4238.0,4069.0,22.9448931980771,22.950475897152064,22.716002536003824,23.42500531852348,23.659478679671714,22.716002536003824,63477906.67881468
2014-02-26,S*Mobarakeh Steel,4029.0,4105.0,4029.0,4154.0,12212733566.0,3019661,791,D,4196.0,4060.0,22.492694573005505,22.916979702702307,22.492694573005505,23.190531957375246,23.42500531852348,22.665758244329204,68180016.38161589
2014-03-01,S*Mobarakeh Steel,4001.0,4160.0,4001.0,4136.0,9938528116.0,2438524,574,D,4154.0,4110.0,22.336378998906685,23.224028151825003,22.336378998906685,23.090043374026013,23.190531957375246,22.9448931980771,55483811.71963663
2014-03-02,S*Mobarakeh Steel,4028.0,4100.0,3990.0,4103.0,11975467786.0,2982487,688,D,4136.0,4009.0,22.48711187393055,22.88906620732752,22.274969309082145,22.905814304552404,23.090043374026013,22.381040591506352,66855432.931090735
2014-03-03,S*Mobarakeh Steel,4000.0,4000.0,3939.0,4062.0,11237593410.0,2845520,576,D,4103.0,3939.0,22.330796299831736,22.330796299831736,21.990251656259293,22.676923642479125,22.905814304552404,21.990251656259293,62736102.33476034
2014-03-04,S*Mobarakeh Steel,3910.0,4040.0,3900.0,4043.0,8454174339.0,2133048,485,D,4062.0,3997.0,21.828353383085517,22.55410426283005,21.77252639233593,22.570852360054925,22.676923642479125,22.314048202606852,47197111.2618684
2014-03-05,S*Mobarakeh Steel,3979.0,4099.0,3960.0,4041.0,11124783814.0,2756116,617,D,4043.0,4041.0,22.21355961925761,22.883483508252564,22.10748833683342,22.559686961905005,22.570852360054925,22.559686961905005,62106320.30752479
2014-03-08,S*Mobarakeh Steel,4060.0,4060.0,3950.0,4032.0,30773553823.0,7638241,436,D,4041.0,4029.0,22.665758244329204,22.665758244329204,22.05166134608383,22.509442670230396,22.559686961905005,22.492694573005505,171799490.4608303
2014-03-09,S*Mobarakeh Steel,3950.0,3969.0,3901.0,4013.0,7818758220.0,1990993,372,D,4032.0,3910.0,22.05166134608383,22.157732628508036,21.77810909141089,22.403371387806185,22.509442670230396,21.828353383085517,43649774.28211372
2014-03-10,S*Mobarakeh Steel,3900.0,3958.0,3900.0,3995.0,8016225601.0,2047297,347,D,4013.0,3942.0,21.77252639233593,22.0963229386835,21.77252639233593,22.30288280445693,22.403371387806185,22.006999753484177,44752175.24735679
2014-03-11,S*Mobarakeh Steel,3911.0,3950.0,3881.0,3981.0,6910648041.0,1768273,449,D,3995.0,3917.0,21.833936082160463,22.05166134608383,21.666455109911734,22.224725017407525,22.30288280445693,21.867432276610216,38580068.42585054
2014-03-12,S*Mobarakeh Steel,3876.0,4095.0,3840.0,3968.0,57172642434.0,14407619,677,D,3981.0,3990.0,21.638541614536944,22.86115271195273,21.437564447838465,22.152149929433076,22.224725017407525,22.274969309082145,319177658.02919245
2014-03-15,S*Mobarakeh Steel,3950.0,4126.0,3950.0,4081.0,103341969892.0,25325646,1085,D,3968.0,4126.0,22.05166134608383,23.03421638327643,22.05166134608383,22.78299492490333,22.152149929433076,23.03421638327643,576927119.7203988
2014-03-16,S*Mobarakeh Steel,4170.0,4244.0,4150.0,4153.0,1222699055165.0,294436057,1031,D,4081.0,4244.0,23.279855142574576,23.692974874121468,23.168201161075412,23.184949258300296,22.78299492490333,23.692974874121468,6825960884.221583
2014-03-17,S*Mobarakeh Steel,4287.0,4319.0,4202.0,4314.0,51905076291.0,12032571,941,D,4153.0,4319.0,23.933030934344654,24.111677304743303,23.458501512973235,24.083763809368516,23.184949258300296,24.111677304743303,289770421.3953865
2014-03-18,S*Mobarakeh Steel,4325.0,4400.0,4229.0,4339.0,2249640676320.0,518443000,642,D,4314.0,4255.0,24.14517349919306,24.563875929814902,23.6092343879971,24.223331286242466,24.083763809368516,23.75438456394601,12559066922.679398
2014-03-19,S*Mobarakeh Steel,4300.0,4338.0,4230.0,4323.0,12554684151.0,2932433,600,D,4339.0,4300.0,24.005606022319107,24.217748587167513,23.61481708707205,24.134008101043143,24.223331286242466,24.005606022319107,70089023.59617671
2014-03-25,S*Mobarakeh Steel,4349.0,4349.0,4280.0,4320.0,4511379501.0,1050613,238,D,4323.0,4281.0,24.27915827699205,24.27915827699205,23.893952040819954,24.117260003818277,24.134008101043143,23.899534739894914,25185674.16701688
2014-03-26,S*Mobarakeh Steel,4309.0,4309.0,4171.0,4306.0,4960787321.0,1183230,206,D,4320.0,4190.0,24.055850313993727,24.055850313993727,23.285437841649536,24.039102216768853,24.117260003818277,23.391509124073732,27694582.78800974
2014-03-29,S*Mobarakeh Steel,4190.0,4230.0,4135.0,4296.0,3724721114.0,889408,272,D,4306.0,4230.0,23.391509124073732,23.61481708707205,23.08446067495106,23.983275226019284,24.039102216768853,23.61481708707205,20793997.11760408
2014-03-30,S*Mobarakeh Steel,4181.0,4284.0,4142.0,4292.0,4689848819.0,1102556,281,D,4296.0,4280.0,23.341264832399116,23.91628283711978,23.12353956847576,23.960944429719447,23.983275226019284,23.893952040819954,26182014.66352385
2014-03-31,S*Mobarakeh Steel,4290.0,4294.0,4180.0,4281.0,11033707461.0,2599289,351,D,4292.0,4200.0,23.949779031569527,23.972109827869357,23.335682133324156,23.899534739894914,23.960944429719447,23.447336114823315,61597868.435881145
2014-04-05,S*Mobarakeh Steel,4240.0,4240.0,4150.0,4260.0,9895528902.0,2365684,381,D,4281.0,4170.0,23.670644077821642,23.670644077821642,23.168201161075412,23.782298059320794,23.899534739894914,23.279855142574576,55243760.047414914
2014-04-06,S*Mobarakeh Steel,4136.0,4160.0,4090.0,4213.0,13620386720.0,3316797,463,D,4260.0,4120.0,23.090043374026013,23.224028151825003,22.833239216577947,23.51991120279777,23.782298059320794,23.00072018882668,76038520.3423133
2014-04-07,S*Mobarakeh Steel,4101.0,4190.0,4080.0,4199.0,6557372648.0,1592575,479,D,4213.0,4094.0,22.894648906402484,23.391509124073732,22.777412225828368,23.44175341574836,23.51991120279777,22.855570012877777,36607838.21614405
2014-04-08,S*Mobarakeh Steel,4100.0,4186.0,4089.0,4178.0,12071875274.0,2929708,376,D,4199.0,4106.0,22.88906620732752,23.369178327773906,22.827656517502984,23.324516735174235,23.44175341574836,22.922562401777277,67393646.92516735
2014-04-09,S*Mobarakeh Steel,4137.0,4178.0,4081.0,4178.0,1511544008473.0,361816894,348,D,4178.0,4127.0,23.09562607310096,23.324516735174235,22.78299492490333,23.324516735174235,23.324516735174235,23.03979908235138,8438495337.860421
2014-04-12,S*Mobarakeh Steel,4100.0,4143.0,4020.0,4148.0,8852420895.0,2195652,419,D,4178.0,4031.0,22.88906620732752,23.129122267550716,22.442450281330895,23.157035762925513,23.324516735174235,22.503859971155425,49420401.94165475
2014-04-13,S*Mobarakeh Steel,4014.0,4148.0,3992.0,4146.0,1516699284799.0,365835340,721,D,4148.0,4037.0,22.408954086881142,23.157035762925513,22.28613470723207,23.145870364775593,23.157035762925513,22.537356165605175,8467275694.236735
2014-04-14,S*Mobarakeh Steel,4000.0,4050.0,3981.0,4033.0,37153460578.0,9254751,924,D,4146.0,4010.0,22.330796299831736,22.60993125357963,22.224725017407525,22.515025369305345,23.145870364775593,22.386623290581312,207416590.00028658
2014-04-15,S*Mobarakeh Steel,3900.0,4020.0,3900.0,3991.0,26058571660.0,6572960,787,D,4033.0,4000.0,21.77252639233593,22.442450281330895,21.77252639233593,22.280552008157105,22.515025369305345,22.330796299831736,145477163.90100703
2014-04-16,S*Mobarakeh Steel,4018.0,4085.0,3980.0,4003.0,14165511877.0,3515574,459,D,3991.0,3981.0,22.431284883180975,22.805325721203157,22.219142318332572,22.347544397056595,22.280552008157105,22.224725017407525,79081790.05203354
2014-04-19,S*Mobarakeh Steel,4000.0,4000.0,3845.0,3991.0,5416060154.0,1384706,297,D,4003.0,3955.0,22.330796299831736,22.330796299831736,21.465477943213237,22.280552008157105,22.347544397056595,22.079574841458623,30236234.011652313
2014-04-20,S*Mobarakeh Steel,4040.0,4110.0,4031.0,4019.0,16647818142.0,4095961,347,D,3991.0,4070.0,22.55410426283005,22.9448931980771,22.503859971155425,22.436867582255932,22.280552008157105,22.721585235078784,92939758.94141127
2014-04-21,S*Mobarakeh Steel,4060.0,4179.0,4050.0,4164.0,69751916109.0,16750846,792,D,4019.0,4179.0,22.665758244329204,23.330099434249203,22.60993125357963,23.246358948124836,22.436867582255932,23.330099434249203,389403957.53825766
2014-04-22,S*Mobarakeh Steel,4290.0,4330.0,4233.0,4316.0,74076851241.0,17165137,1514,D,4164.0,4233.0,23.949779031569527,24.17308699456785,23.631565184296928,24.094929207518444,23.246358948124836,23.631565184296928,413548768.8989271
2014-04-23,S*Mobarakeh Steel,4316.0,4344.0,4160.0,4318.0,65344822633.0,15132847,1227,D,4316.0,4317.0,24.094929207518444,24.251244781617256,23.224028151825003,24.10609460566836,24.094929207518444,24.1005119065934,364800480.8665394
2014-04-26,S*Mobarakeh Steel,4320.0,4490.0,4320.0,4480.0,56871316829.0,12695783,1232,D,4318.0,4486.0,24.117260003818277,25.066318846561114,24.117260003818277,25.010491855811544,24.10609460566836,25.043988050261287,317495447.85289776
2014-04-27,S*Mobarakeh Steel,4560.0,4560.0,4330.0,4446.0,20372628151.0,4629231,807,D,4480.0,4331.0,25.45710778180818,25.45710778180818,24.17308699456785,24.82068008726297,25.010491855811544,24.178669693642803,113734252.33304965
2014-04-28,S*Mobarakeh Steel,4330.0,4453.0,4276.0,4402.0,50892210772.0,11562361,742,D,4446.0,4400.0,24.17308699456785,24.859758980787674,23.871621244520117,24.575041327964815,24.82068008726297,24.563875929814902,284115897.9994085
2014-04-29,S*Mobarakeh Steel,4390.0,4438.0,4300.0,4385.0,17454089426.0,4006732,451,D,4402.0,4330.0,24.50804893906533,24.776018494663298,24.005606022319107,24.480135443690532,24.575041327964815,24.17308699456785,97440928.89276326
2014-04-30,S*Mobarakeh Steel,4300.0,4380.0,4300.0,4376.0,10297095146.0,2370312,401,D,4385.0,4350.0,24.005606022319107,24.452221948315742,24.005606022319107,24.429891152015923,24.480135443690532,24.28474097606701,57485583.54632803
2014-05-03,S*Mobarakeh Steel,4380.0,4380.0,4270.0,4361.0,10657019811.0,2472307,399,D,4376.0,4302.0,24.452221948315742,24.452221948315742,23.838125050070374,24.346150665891543,24.429891152015923,24.016771420469034,59494934.64067806
2014-05-04,S*Mobarakeh Steel,4367.0,4377.0,4281.0,4355.0,9041442363.0,2089042,416,D,4361.0,4325.0,24.37964686034129,24.43547385109087,23.899534739894914,24.312654471441792,24.346150665891543,24.14517349919306,50475651.91620557
2014-05-05,S*Mobarakeh Steel,4349.0,4398.0,4300.0,4357.0,13402743323.0,3072850,369,D,4355.0,4367.0,24.27915827699205,24.552710531664985,24.005606022319107,24.323819869591702,24.312654471441792,24.37964686034129,74823482.7512107
2014-05-06,S*Mobarakeh Steel,4370.0,4397.0,4310.0,4372.0,68776061907.0,15729992,628,D,4357.0,4351.0,24.39639495756617,24.54712783259002,24.061433013068687,24.407560355716075,24.323819869591702,24.29032367514197,383956057.18745846
2014-05-07,S*Mobarakeh Steel,4379.0,4379.0,4304.0,4366.0,9118744247.0,2101043,246,D,4372.0,4338.0,24.44663924924079,24.44663924924079,24.027936818618944,24.374064161266336,24.407560355716075,24.217748587167513,50907205.07250487
2014-05-10,S*Mobarakeh Steel,4334.0,4349.0,4282.0,4355.0,8148678155.0,1893142,305,D,4366.0,4290.0,24.195417790867676,24.27915827699205,23.905117438969867,24.312654471441792,24.374064161266336,23.949779031569527,45491617.99804841
2014-05-11,S*Mobarakeh Steel,4285.0,4299.0,4183.0,4341.0,5409747861.0,1275952,297,D,4355.0,4232.0,23.921865536194744,24.00002332324416,23.352430230549025,24.23449668439239,24.312654471441792,23.62598248522197,30200994.37936035
2014-05-12,S*Mobarakeh Steel,4200.0,4250.0,4170.0,4323.0,6179849938.0,1469606,360,D,4341.0,4210.0,23.447336114823315,23.726471068571207,23.279855142574576,24.134008101043143,24.23449668439239,23.503163105572895,34500242.53225144
2014-05-14,S*Mobarakeh Steel,4310.0,4310.0,4172.0,4299.0,13551362486.0,3193717,371,D,4323.0,4300.0,24.061433013068687,24.061433013068687,23.29102054072449,24.00002332324416,24.134008101043143,24.005606022319107,75653178.81501183
2014-05-17,S*Mobarakeh Steel,4180.0,4263.0,4160.0,4277.0,9688674333.0,2308107,319,D,4299.0,4263.0,23.335682133324156,23.799046156545664,23.224028151825003,23.87720394359507,24.00002332324416,23.799046156545664,54088953.23640777
2014-05-18,S*Mobarakeh Steel,4279.0,4279.0,4157.0,4249.0,17216383493.0,4094808,744,D,4277.0,4170.0,23.888369341745,23.888369341745,23.207280054600123,23.72088836949626,23.87720394359507,23.279855142574576,96113888.20049214
2014-05-19,S*Mobarakeh Steel,4200.0,4246.0,4150.0,4225.0,13027940057.0,3126735,365,D,4249.0,4151.0,23.447336114823315,23.704140272271378,23.168201161075412,23.586903591697272,23.72088836949626,23.17378386015037,72731068.9048213
2014-05-20,S*Mobarakeh Steel,4240.0,4290.0,4240.0,4260.0,43379519935.0,10178652,691,D,4225.0,4252.0,23.670644077821642,23.949779031569527,23.670644077821642,23.782298059320794,23.586903591697272,23.737636466721124,242174805.81324375
2014-05-21,S*Mobarakeh Steel,4290.0,4294.0,4252.0,4289.0,187396782492.0,43689185,403,D,4260.0,4260.0,23.949779031569527,23.972109827869357,23.737636466721124,23.944196332494574,23.782298059320794,23.782298059320794,1046179844.2681814
2014-05-24,S*Mobarakeh Steel,4292.0,4292.0,4200.0,4281.0,5653727547.0,1337479,215,D,4289.0,4222.0,23.960944429719447,23.960944429719447,23.447336114823315,23.899534739894914,23.944196332494574,23.57015549447238,31563059.546701092
2014-05-25,S*Mobarakeh Steel,4210.0,4278.0,4168.0,4271.0,114786920080.0,26878822,766,D,4281.0,4180.0,23.503163105572895,23.88278664267004,23.268689744424663,23.843707749145334,23.899534739894914,23.335682133324156,640820832.5478863
2014-05-26,S*Mobarakeh Steel,4180.0,4180.0,4130.0,4238.0,12103328678.0,2916079,427,D,4271.0,4150.0,23.335682133324156,23.335682133324156,23.05654717957626,23.659478679671714,23.843707749145334,23.168201161075412,67569241.81458241
2014-05-28,S*Mobarakeh Steel,4120.0,4169.0,4120.0,4223.0,7930163310.0,1909181,342,D,4238.0,4160.0,23.00072018882668,23.27427244349962,23.00072018882668,23.575738193547355,23.659478679671714,23.224028151825003,44271715.37500234
2014-05-31,S*Mobarakeh Steel,4200.0,4200.0,4116.0,4199.0,23550532441.0,5638023,431,D,4223.0,4117.0,23.447336114823315,23.447336114823315,22.978389392526843,23.44175341574836,23.575738193547355,22.983972091601807,131475535.6731375
2014-06-01,S*Mobarakeh Steel,4167.0,4167.0,4033.0,4181.0,6952034478.0,1701718,317,D,4199.0,4090.0,23.263107045349706,23.263107045349706,22.515025369305345,23.341264832399116,23.44175341574836,22.833239216577947,38811116.449406266
2014-06-02,S*Mobarakeh Steel,4150.0,4154.0,4081.0,4166.0,8142455195.0,1986649,377,D,4181.0,4082.0,23.168201161075412,23.190531957375246,22.78299492490333,23.257524346274764,23.341264832399116,22.788577623978284,45456877.08501291
2014-06-03,S*Mobarakeh Steel,4150.0,4179.0,4073.0,4157.0,5995060594.0,1461952,287,D,4166.0,4073.0,23.168201161075412,23.330099434249203,22.73833333230366,23.207280054600123,23.257524346274764,22.73833333230366,33468619.232440557
2014-06-07,S*Mobarakeh Steel,4140.0,4140.0,4050.0,4144.0,6342752085.0,1559813,338,D,4157.0,4056.0,23.112374170325833,23.112374170325833,22.60993125357963,23.134704966625677,23.207280054600123,22.64342744802938,35409676.197616994
2014-06-08,S*Mobarakeh Steel,4100.0,4100.0,4001.0,4131.0,4906919097.0,1217450,279,D,4144.0,4040.0,22.88906620732752,22.88906620732752,22.336378998906685,23.062129878651223,23.134704966625677,22.55410426283005,27393852.703715317
2014-06-09,S*Mobarakeh Steel,4049.0,4049.0,4006.0,4117.0,5369289466.0,1335230,281,D,4131.0,4006.0,22.604348554504654,22.604348554504654,22.364292494281475,22.983972091601807,23.062129878651223,22.364292494281475,29975127.335019577
2014-06-10,S*Mobarakeh Steel,4035.0,4039.0,4002.0,4107.0,4665355013.0,1160710,229,D,4117.0,4010.0,22.526190767455255,22.54852156375509,22.341961697981645,22.928145100852216,22.983972091601807,22.386623290581312,26045273.115425445
2014-06-11,S*Mobarakeh Steel,4091.0,4099.0,3943.0,4060.0,16560672461.0,4156717,475,D,4107.0,3944.0,22.838821915652893,22.883483508252564,22.01258245255912,22.665758244329204,22.928145100852216,22.018165151634086,92453250.82870597
2014-06-14,S*Mobarakeh Steel,4040.0,4070.0,3898.0,4023.0,11451568603.0,2919046,405,D,4060.0,3898.0,22.55410426283005,22.721585235078784,21.761360994186024,22.45919837855577,22.665758244329204,21.761360994186024,63930661.44678541
2014-06-15,S*Mobarakeh Steel,3980.0,3980.0,3865.0,3997.0,8484266100.0,2178869,332,D,4023.0,3900.0,22.219142318332572,22.219142318332572,21.577131924712408,22.314048202606852,22.45919837855577,21.77252639233593,47365104.50816693
2014-06-16,S*Mobarakeh Steel,3900.0,3990.0,3885.0,3981.0,8294657891.0,2118330,373,D,3997.0,3900.0,21.77252639233593,22.274969309082145,21.688785906211567,22.224725017407525,22.314048202606852,21.77252639233593,46306578.9351782
2014-06-17,S*Mobarakeh Steel,3949.0,3949.0,3822.0,3947.0,13956814659.0,3597074,325,D,3981.0,3826.0,22.046078647008873,22.046078647008873,21.337075864489222,22.034913248858967,22.224725017407525,21.35940666078906,77916696.2861586
2014-06-18,S*Mobarakeh Steel,3851.0,3930.0,3850.0,3929.0,12852420934.0,3304563,360,D,3947.0,3928.0,21.498974137663,21.94000736458468,21.493391438588038,21.934424665509724,22.034913248858967,21.92884196643476,71751198.45921177
2014-06-21,S*Mobarakeh Steel,3950.0,4050.0,3930.0,3947.0,13528546565.0,3394793,486,D,3929.0,4015.0,22.05166134608383,22.60993125357963,21.94000736458468,22.034913248858967,21.934424665509724,22.414536785956102,75525804.39395082
2014-06-22,S*Mobarakeh Steel,4020.0,4104.0,3996.0,4010.0,26496368532.0,6541512,585,D,3947.0,4104.0,22.442450281330895,22.911397003627354,22.3084655035319,22.386623290581312,22.034913248858967,22.911397003627354,147921252.09334087
2014-06-23,S*Mobarakeh Steel,4066.0,4090.0,4000.0,4017.0,14816123176.0,3676580,349,D,4010.0,4000.0,22.69925443877895,22.833239216577947,22.330796299831736,22.42570218410601,22.386623290581312,22.330796299831736,82713957.14911802
2014-06-24,S*Mobarakeh Steel,4050.0,4099.0,3952.0,4055.0,32115424289.0,7891802,484,D,4017.0,3952.0,22.60993125357963,22.883483508252564,22.062826744233757,22.637844748954414,22.42570218410601,22.062826744233757,179290749.4700819
2014-06-25,S*Mobarakeh Steel,4050.0,4080.0,3893.0,4028.0,37447253181.0,9306858,724,D,4055.0,3979.0,22.60993125357963,22.777412225828368,21.733447498811238,22.48711187393055,22.637844748954414,22.21355961925761,209056745.69328424
2014-06-28,S*Mobarakeh Steel,3990.0,3990.0,3867.0,4013.0,5530250660.0,1413407,323,D,4028.0,3880.0,22.274969309082145,22.274969309082145,21.58829732286233,22.403371387806185,22.48711187393055,21.660872410836777,30873725.24386749
2014-06-29,S*Mobarakeh Steel,3880.0,3880.0,3853.0,3997.0,4310618782.0,1117674,154,D,4013.0,3853.0,21.660872410836777,21.660872410836777,21.510139535812915,22.314048202606852,22.403371387806185,21.510139535812915,24064887.486767687
2014-06-30,S*Mobarakeh Steel,3838.0,3858.0,3838.0,3962.0,9236656068.0,2406399,194,D,3997.0,3838.0,21.42639904968855,21.5380530311877,21.42639904968855,22.118653734983326,22.314048202606852,21.42639904968855,51565471.28652818
2014-07-01,S*Mobarakeh Steel,3804.0,3959.0,3804.0,3943.0,10993765446.0,2827114,320,D,3962.0,3933.0,21.23658728113996,22.10190563775846,21.23658728113996,22.01258245255912,22.118653734983326,21.95675546180955,61374884.1856887
2014-07-02,S*Mobarakeh Steel,3890.0,3949.0,3890.0,3937.0,8933372365.0,2280948,361,D,3943.0,3912.0,21.716699401586357,22.046078647008873,21.716699401586357,21.97908625810938,22.01258245255912,21.839518781235434,49872329.63834026
2014-07-05,S*Mobarakeh Steel,3980.0,4094.0,3980.0,4015.0,23558795231.0,5770698,744,D,3937.0,4080.0,22.219142318332572,22.855570012877777,22.219142318332572,22.414536785956102,21.97908625810938,22.777412225828368,131521664.34322709
2014-07-06,S*Mobarakeh Steel,4080.0,4098.0,3889.0,4005.0,6996854763.0,1769199,352,D,4015.0,3899.0,22.777412225828368,22.877900809177607,21.711116702511404,22.358709795206526,22.414536785956102,21.766943693260977,39061334.61301512
2014-07-07,S*Mobarakeh Steel,3920.0,3938.0,3880.0,3985.0,7988126218.0,2049164,296,D,4005.0,3926.0,21.88418037383509,21.984668957184343,21.660872410836777,22.247055813707366,22.358709795206526,21.91767656828484,44595304.8478758
2014-07-08,S*Mobarakeh Steel,3901.0,4078.0,3900.0,3994.0,12220723268.0,3043357,477,D,3985.0,4001.0,21.77810909141089,22.76624682767845,21.77252639233593,22.297300105381982,22.247055813707366,22.336378998906685,68224620.48358048
2014-07-09,S*Mobarakeh Steel,4035.0,4068.0,3921.0,3993.0,11847657706.0,2968157,373,D,3994.0,4040.0,22.526190767455255,22.710419836928878,21.88976307291006,22.291717406307033,22.297300105381982,22.55410426283005,66141907.715704426
2014-07-12,S*Mobarakeh Steel,4050.0,4090.0,4011.0,4009.0,8942263320.0,2197069,452,D,3993.0,4059.0,22.60993125357963,22.833239216577947,22.392205989656258,22.381040591506352,22.291717406307033,22.660175545254233,49921965.164594255
2014-07-13,S*Mobarakeh Steel,4080.0,4090.0,4010.0,4027.0,17236254784.0,4251038,580,D,4009.0,4080.0,22.777412225828368,22.833239216577947,22.386623290581312,22.4815291748556,22.381040591506352,22.777412225828368,96224823.63837607
2014-07-14,S*Mobarakeh Steel,4090.0,4090.0,4040.0,4039.0,17006089026.0,4192004,496,D,4027.0,4050.0,22.833239216577947,22.833239216577947,22.55410426283005,22.54852156375509,22.4815291748556,22.60993125357963,94939877.47410244
2014-07-15,S*Mobarakeh Steel,4021.0,4060.0,3879.0,3970.0,35797002717.0,9046767,1207,D,4039.0,3900.0,22.448032980405845,22.665758244329204,21.655289711761824,22.16331532758301,22.54852156375509,21.77252639233593,199843893.9544625
2014-07-23,S*Mobarakeh Steel,3350.0,3399.0,3330.0,3356.0,9579417033.0,2854596,270,D,3310.0,3340.0,22.431149953898196,22.759247371134318,22.297232640740596,22.471325147845477,22.163315327582993,22.364191297319394,64142489.53377598
2014-07-26,S*Mobarakeh Steel,3389.0,3430.0,3360.0,3366.0,12773018301.0,3774353,484,D,3356.0,3370.0,22.692288714555517,22.96681920652861,22.498108610476994,22.538283804424267,22.471325147845477,22.56506726705579,85526414.5891394
2014-07-27,S*Mobarakeh Steel,3420.0,3420.0,3350.0,3366.0,6290133682.0,1870314,273,D,3366.0,3367.0,22.8998605499498,22.8998605499498,22.431149953898196,22.538283804424267,22.538283804424267,22.54497967008216,42117890.10477846
2014-07-28,S*Mobarakeh Steel,3371.0,3372.0,3335.0,3362.0,9248273443.0,2758895,603,D,3366.0,3350.0,22.571763132713677,22.578458998371563,22.330711969029988,22.511500341792754,22.538283804424267,22.431149953898196,61925196.54166787
2014-08-10,S*Mobarakeh Steel,2759.0,2759.0,2660.0,2736.0,11725708679.0,4285245,245,D,2670.0,2750.0,25.67871175662661,25.67871175662661,24.757293683445727,25.464644931544175,24.85036621609026,25.594946477246527,109134140.3806509
2014-08-11,S*Mobarakeh Steel,2736.0,2740.0,2681.0,2737.0,283639170898.0,103638282,568,D,2736.0,2685.0,25.464644931544175,25.501873944601982,24.952746001999245,25.47395218480863,25.464644931544175,24.98997501505706,2639901599.2672324
2014-08-12,S*Mobarakeh Steel,2700.0,2740.0,2680.0,2730.0,21363617215.0,7831770,439,D,2737.0,2690.0,25.12958381402386,25.501873944601982,24.94343874873479,25.40880141195746,25.47395218480863,25.036511281379326,198836596.06483904
2014-08-13,S*Mobarakeh Steel,2700.0,2700.0,2637.0,2718.0,4825223338.0,1815622,365,D,2730.0,2640.0,25.12958381402386,25.12958381402386,24.5432268583633,25.297114372784026,25.40880141195746,24.571148618156666,44909575.664316654
2014-08-16,S*Mobarakeh Steel,2680.0,2680.0,2610.0,2690.0,7947531205.0,3036092,358,D,2718.0,2610.0,24.94343874873479,24.94343874873479,24.291931020223068,25.036511281379326,25.297114372784026,24.291931020223068,73969685.75208059
2014-08-17,S*Mobarakeh Steel,2640.0,2640.0,2583.0,2671.0,5747700513.0,2214874,471,D,2690.0,2599.0,24.571148618156666,24.571148618156666,24.04063518208283,24.85967346935472,25.036511281379326,24.189551234314074,53495304.36271904
2014-08-18,S*Mobarakeh Steel,2600.0,2650.0,2567.0,2659.0,4560352672.0,1756704,269,D,2671.0,2573.0,24.198858487578526,24.664221150801204,23.891719129851573,24.74798643018127,24.85967346935472,23.947562649438304,42444357.293530226
2014-08-19,S*Mobarakeh Steel,2590.0,2700.0,2553.0,2655.0,27831280227.0,10483090,599,D,2659.0,2607.0,24.105785954934007,25.12958381402386,23.76141758414922,24.710757417123467,24.74798643018127,24.264009260429706,259032773.74665982
2014-08-20,S*Mobarakeh Steel,2650.0,2650.0,2551.0,2646.0,3087713363.0,1200332,263,D,2655.0,2556.0,24.664221150801204,24.664221150801204,23.74280307762032,24.626992137743382,24.710757417123467,23.789339343942583,28738130.277477764
2014-08-23,S*Mobarakeh Steel,2570.0,2680.0,2541.0,2616.0,20110310464.0,7722800,513,D,2646.0,2542.0,23.919640889644928,24.94343874873479,23.649730544975785,24.347774539809784,24.626992137743382,23.65903779824024,187171752.71523303
2014-08-24,S*Mobarakeh Steel,2577.0,2577.0,2512.0,2560.0,15964482480.0,6334137,509,D,2616.0,2518.0,23.984791662496107,23.984791662496107,23.37982020030664,23.826568357000404,24.347774539809784,23.435663719893366,148585481.6772872
2014-08-25,S*Mobarakeh Steel,2558.0,2558.0,2468.0,2547.0,4721126135.0,1897050,382,D,2560.0,2476.0,23.807953850471492,23.807953850471492,22.970301056670703,23.705574064562505,23.826568357000404,23.044759082786317,43940716.63187446
2014-08-26,S*Mobarakeh Steel,2529.0,2529.0,2490.0,2537.0,5996703938.0,2397161,384,D,2547.0,2490.0,23.53804350580235,23.53804350580235,23.175060628488673,23.61250153191798,23.705574064562505,23.175060628488673,55812842.30291036
2014-08-27,S*Mobarakeh Steel,2538.0,2580.0,2480.0,2529.0,7318526974.0,2917618,357,D,2537.0,2498.0,23.621808785182427,24.012713422289472,23.08198809584414,23.53804350580235,23.61250153191798,23.249518654604294,68115384.06975092
2014-08-30,S*Mobarakeh Steel,2540.0,2540.0,2474.0,2525.0,2892207816.0,1159328,254,D,2529.0,2480.0,23.64042329171133,23.64042329171133,23.02614457625742,23.500814492744528,23.53804350580235,23.08198809584414,26918510.636943292
2014-08-31,S*Mobarakeh Steel,2525.0,2525.0,2436.0,2515.0,4925948479.0,1991871,263,D,2525.0,2458.0,23.500814492744528,23.500814492744528,22.67246895220819,23.407741960100008,23.500814492744528,22.87722852402616,45847050.061701424
2014-09-01,S*Mobarakeh Steel,2489.0,2498.0,2450.0,2510.0,3647855305.0,1470132,235,D,2515.0,2470.0,23.165753375224227,23.249518654604294,22.80277049791054,23.36120569377774,23.407741960100008,22.988915563199615,33951513.195714466
2014-09-02,S*Mobarakeh Steel,2470.0,2489.0,2430.0,2502.0,4030014176.0,1641014,294,D,2510.0,2446.0,22.988915563199615,23.165753375224227,22.616625432621472,23.286747667662105,23.36120569377774,22.765541484852726,37508362.595369
2014-09-03,S*Mobarakeh Steel,2450.0,2502.0,2421.0,2496.0,17586998147.0,7054735,856,D,2502.0,2470.0,22.80277049791054,23.286747667662105,22.532860153241398,23.230904148075386,23.286747667662105,22.988915563199615,163686645.91559955
2014-09-06,S*Mobarakeh Steel,2515.0,2515.0,2470.0,2498.0,7596166381.0,3036167,371,D,2496.0,2480.0,23.407741960100008,23.407741960100008,22.988915563199615,23.249518654604294,23.230904148075386,23.08198809584414,70699444.34689252
2014-09-07,S*Mobarakeh Steel,2500.0,2590.0,2470.0,2524.0,14101226596.0,5530869,710,D,2498.0,2577.0,23.2681331611332,24.105785954934007,22.988915563199615,23.491507239480082,23.249518654604294,23.984791662496107,131243687.26841642
2014-09-08,S*Mobarakeh Steel,2580.0,2610.0,2550.0,2562.0,27883328225.0,10883313,538,D,2524.0,2587.0,24.012713422289472,24.291931020223068,23.73349582435587,23.845182863529303,23.491507239480082,24.077864195140638,259517197.64595354
2014-09-09,S*Mobarakeh Steel,2580.0,2637.0,2520.0,2599.0,57298724806.0,22046889,608,D,2562.0,2575.0,24.012713422289472,24.5432268583633,23.45427822642227,24.189551234314074,23.845182863529303,23.966177155967202,533293743.49965394
2014-09-10,S*Mobarakeh Steel,2560.0,2600.0,2501.0,2595.0,4000926625.0,1556403,218,D,2599.0,2570.0,23.826568357000404,24.198858487578526,23.277440414397663,24.152322221256274,24.189551234314074,23.919640889644928,37237637.391369306
2014-09-13,S*Mobarakeh Steel,2600.0,2600.0,2492.0,2585.0,4358747769.0,1721569,311,D,2595.0,2500.0,24.198858487578526,24.198858487578526,23.193675135017582,24.059249688611732,24.152322221256274,23.2681331611332,40567969.401953705
2014-09-14,S*Mobarakeh Steel,2593.0,2595.0,2482.0,2562.0,9790342796.0,3882939,475,D,2585.0,2550.0,24.133707714727358,24.152322221256274,23.10060260237305,23.845182863529303,24.059249688611732,23.73349582435587,91121199.94818766
2014-09-15,S*Mobarakeh Steel,2549.0,2550.0,2513.0,2558.0,3458825027.0,1368060,190,D,2562.0,2539.0,23.724188571091418,23.73349582435587,23.3891274535711,23.807953850471492,23.845182863529303,23.631116038446873,32192160.52371845
2014-09-16,S*Mobarakeh Steel,2550.0,2550.0,2500.0,2555.0,2635705635.0,1041626,245,D,2558.0,2500.0,23.73349582435587,23.73349582435587,23.2681331611332,23.78003209067813,23.807953850471492,23.2681331611332,24531179.875491656
2014-09-17,S*Mobarakeh Steel,2547.0,2547.0,2500.0,2551.0,3099912332.0,1228194,223,D,2555.0,2529.0,23.705574064562505,23.705574064562505,23.2681331611332,23.74280307762032,23.78003209067813,23.53804350580235,28851669.17152599
2014-09-20,S*Mobarakeh Steel,2548.0,2548.0,2519.0,2549.0,2245790029.0,887889,265,D,2551.0,2522.0,23.71488131782696,23.71488131782696,23.444970973157815,23.724188571091418,23.74280307762032,23.47289273295117,20902136.57868688
2014-09-21,S*Mobarakeh Steel,2550.0,2550.0,2500.0,2545.0,4304728037.0,1705697,315,D,2549.0,2504.0,23.73349582435587,23.73349582435587,23.2681331611332,23.686959558033603,23.724188571091418,23.305362174191018,40065194.07495182
2014-09-22,S*Mobarakeh Steel,2549.0,2549.0,2506.0,2543.0,4086715716.0,1614170,216,D,2545.0,2520.0,23.724188571091418,23.724188571091418,23.32397668071992,23.668345051504694,23.686959558033603,23.45427822642227,38036098.188633524
2014-09-23,S*Mobarakeh Steel,2544.0,2544.0,2500.0,2539.0,3645353142.0,1449499,206,D,2543.0,2504.0,23.677652304769154,23.677652304769154,23.2681331611332,23.631116038446873,23.668345051504694,23.305362174191018,33928224.93096453
2014-09-24,S*Mobarakeh Steel,2520.0,2520.0,2500.0,2536.0,2855192504.0,1138037,282,D,2539.0,2501.0,23.45427822642227,23.45427822642227,23.2681331611332,23.603194278653522,23.631116038446873,23.277440414397663,26573999.753496535
2014-09-27,S*Mobarakeh Steel,2520.0,2520.0,2489.0,2531.0,4467435449.0,1784647,355,D,2536.0,2494.0,23.45427822642227,23.45427822642227,23.165753375224227,23.556658012331262,23.603194278653522,23.212289641546484,41579553.166439556
2014-09-28,S*Mobarakeh Steel,2530.0,2531.0,2470.0,2521.0,47463226282.0,18823554,336,D,2531.0,2480.0,23.547350759066806,23.556658012331262,22.988915563199615,23.463585479686724,23.556658012331262,23.08198809584414,441752267.75462914
2014-09-29,S*Mobarakeh Steel,2522.0,2522.0,2470.0,2513.0,33217160346.0,13220336,466,D,2521.0,2515.0,23.47289273295117,23.47289273295117,22.988915563199615,23.3891274535711,23.463585479686724,23.407741960100008,309160524.0661766
2014-09-30,S*Mobarakeh Steel,2514.0,2599.0,2512.0,2527.0,9552545270.0,3741633,465,D,2513.0,2580.0,23.398434706835552,24.189551234314074,23.37982020030664,23.519428999273433,23.3891274535711,24.012713422289472,88907958.14804526
2014-10-01,S*Mobarakeh Steel,2590.0,2606.0,2530.0,2542.0,7264438036.0,2811009,325,D,2527.0,2565.0,24.105785954934007,24.25470200716525,23.547350759066806,23.65903779824024,23.519428999273433,23.87310462332267,67611964.62497959
2014-10-04,S*Mobarakeh Steel,2599.0,2599.0,2560.0,2548.0,3927260450.0,1520835,263,D,2542.0,2599.0,24.189551234314074,24.189551234314074,23.826568357000404,23.71488131782696,23.65903779824024,24.189551234314074,36552007.643620774
2014-10-06,S*Mobarakeh Steel,2594.0,2600.0,2570.0,2551.0,2621740174.0,1014629,177,D,2548.0,2580.0,24.143014967991814,24.198858487578526,23.919640889644928,23.74280307762032,23.71488131782696,24.012713422289472,24401199.793009818
2014-10-07,S*Mobarakeh Steel,2562.0,2596.0,2550.0,2553.0,59863363947.0,23450173,228,D,2551.0,2551.0,23.845182863529303,24.16162947452073,23.73349582435587,23.76141758414922,23.74280307762032,23.74280307762032,557163489.5168709
2014-10-08,S*Mobarakeh Steel,2587.0,2587.0,2540.0,2553.0,5318416108.0,2081552,328,D,2553.0,2553.0,24.077864195140638,24.077864195140638,23.64042329171133,23.76141758414922,23.76141758414922,23.76141758414922,49499845.68290393
2014-10-14,S*Mobarakeh Steel,2587.0,2589.0,2520.0,2554.0,2016647579.0,787597,160,D,2553.0,2520.0,24.077864195140638,24.096478701669543,23.45427822642227,23.770724837413685,23.76141758414922,23.45427822642227,18769449.76289956
2014-10-15,S*Mobarakeh Steel,2554.0,2599.0,2537.0,2557.0,7530381684.0,2936765,301,D,2554.0,2551.0,23.770724837413685,24.189551234314074,23.61250153191798,23.798646597207032,23.770724837413685,23.74280307762032,70087169.51098818
2014-10-18,S*Mobarakeh Steel,2560.0,2644.0,2540.0,2569.0,6938046117.0,2664091,360,D,2557.0,2621.0,23.826568357000404,24.608377631214474,23.64042329171133,23.91033363638047,23.798646597207032,24.394310806132054,64574152.37137564
2014-10-19,S*Mobarakeh Steel,2601.0,2601.0,2579.0,2573.0,4191302593.0,1615689,222,D,2569.0,2601.0,24.208165740842983,24.208165740842983,24.00340616902502,23.947562649438304,23.91033363638047,24.208165740842983,39009514.74101075
2014-10-20,S*Mobarakeh Steel,2604.0,2675.0,2604.0,2669.0,52416314761.0,19639247,931,D,2573.0,2670.0,24.23608750063635,24.896902482412532,24.23608750063635,24.841058962825816,23.947562649438304,24.85036621609026,487851916.669928
2014-10-21,S*Mobarakeh Steel,2700.0,2728.0,2626.0,2674.0,9515544066.0,3544955,334,D,2669.0,2650.0,25.12958381402386,25.390186905428553,24.440847072454318,24.887595229148076,24.841058962825816,24.664221150801204,88563578.57132757
2014-10-22,S*Mobarakeh Steel,2674.0,2680.0,2590.0,2664.0,7527182283.0,2853992,333,D,2674.0,2638.0,24.887595229148076,24.94343874873479,24.105785954934007,24.794522696503538,24.887595229148076,24.552534111627754,70057391.87558664
2014-10-25,S*Mobarakeh Steel,2635.0,2640.0,2596.0,2655.0,5377251403.0,2054596,238,D,2664.0,2606.0,24.5246123518344,24.571148618156666,24.16162947452073,24.710757417123467,24.794522696503538,24.25470200716525,50047440.67435775
2014-10-26,S*Mobarakeh Steel,2655.0,2670.0,2616.0,2654.0,6803683350.0,2564934,352,D,2655.0,2616.0,24.710757417123467,24.85036621609026,24.347774539809784,24.701450163859004,24.710757417123467,24.347774539809784,63323604.069593914
2014-10-27,S*Mobarakeh Steel,2675.0,2675.0,2590.0,2650.0,5085200673.0,1933190,288,D,2654.0,2630.0,24.896902482412532,24.896902482412532,24.105785954934007,24.664221150801204,24.701450163859004,24.47807608551213,47329250.56417927
2014-10-28,S*Mobarakeh Steel,2647.0,2647.0,2595.0,2645.0,3536639899.0,1355345,198,D,2650.0,2600.0,24.636299391007842,24.636299391007842,24.152322221256274,24.617684884478923,24.664221150801204,24.198858487578526,32916403.24516347
2014-10-29,S*Mobarakeh Steel,2630.0,2630.0,2597.0,2630.0,9883855944.0,3799744,428,D,2645.0,2610.0,24.47807608551213,24.47807608551213,24.170936727785172,24.47807608551213,24.617684884478923,24.291931020223068,91991550.50017998
2014-11-01,S*Mobarakeh Steel,2623.0,2669.0,2590.0,2627.0,14177920075.0,5404540,605,D,2630.0,2595.0,24.412925312660956,24.841058962825816,24.105785954934007,24.450154325718778,24.47807608551213,24.152322221256274,131957492.90120149
2014-11-02,S*Mobarakeh Steel,2629.0,2650.0,2575.0,2618.0,8266625090.0,3182024,477,D,2627.0,2595.0,24.468768832247672,24.664221150801204,23.966177155967202,24.36638904633869,24.450154325718778,24.152322221256274,76939573.3549139
2014-11-05,S*Mobarakeh Steel,2610.0,2619.0,2580.0,2612.0,10528046018.0,4046102,525,D,2618.0,2618.0,24.291931020223068,24.375696299603145,24.012713422289472,24.310545526751977,24.36638904633869,24.36638904633869,97987190.66934489
2014-11-08,S*Mobarakeh Steel,2620.0,2648.0,2579.0,2605.0,18948778646.0,7283227,632,D,2612.0,2583.0,24.385003552867595,24.645606644272284,24.00340616902502,24.245394753900793,24.310545526751977,24.04063518208283,176361081.91038615
2014-11-09,S*Mobarakeh Steel,2599.0,2600.0,2567.0,2600.0,6199518829.0,2400806,385,D,2605.0,2585.0,24.189551234314074,24.198858487578526,23.891719129851573,24.198858487578526,24.245394753900793,24.059249688611732,57700491.85924985
2014-11-10,S*Mobarakeh Steel,2598.0,2598.0,2567.0,2592.0,8779568113.0,3409539,375,D,2600.0,2580.0,24.18024398104963,24.18024398104963,23.891719129851573,24.124400461462905,24.198858487578526,24.012713422289472,81713663.98020922
2014-11-11,S*Mobarakeh Steel,2588.0,2601.0,2551.0,2589.0,10126963075.0,3920468,490,D,2592.0,2577.0,24.08717144840509,24.208165740842983,23.74280307762032,24.096478701669543,24.124400461462905,23.984791662496107,94254210.13879158
2014-11-12,S*Mobarakeh Steel,2589.0,2600.0,2550.0,2585.0,6194008516.0,2407975,446,D,2589.0,2550.0,24.096478701669543,24.198858487578526,23.73349582435587,24.059249688611732,24.096478701669543,23.73349582435587,57649205.98059242
2014-11-15,S*Mobarakeh Steel,2580.0,2580.0,2500.0,2574.0,4364616244.0,1732991,358,D,2585.0,2518.0,24.012713422289472,24.012713422289472,23.2681331611332,23.95686990270275,24.059249688611732,23.435663719893366,40622588.785054795
2014-11-16,S*Mobarakeh Steel,2548.0,2548.0,2505.0,2564.0,4646003282.0,1847207,371,D,2574.0,2516.0,23.71488131782696,23.71488131782696,23.314669427455463,23.863797370058215,23.95686990270275,23.41704921336446,43241529.213055156
2014-11-17,S*Mobarakeh Steel,2519.0,2547.0,2498.0,2553.0,6736490093.0,2674667,379,D,2564.0,2500.0,23.444970973157815,23.705574064562505,23.249518654604294,23.76141758414922,23.863797370058215,23.2681331611332,62698219.409031436
2014-11-18,S*Mobarakeh Steel,2529.0,2529.0,2470.0,2535.0,7931837795.0,3182110,378,D,2553.0,2490.0,23.53804350580235,23.53804350580235,22.988915563199615,23.593887025389076,23.76141758414922,23.175060628488673,73823623.21062768
2014-11-19,S*Mobarakeh Steel,2470.0,2495.0,2440.0,2505.0,10797115239.0,4384973,484,D,2535.0,2450.0,22.988915563199615,23.22159689481093,22.70969796526601,23.314669427455463,23.593887025389076,22.80277049791054,100491486.05486104
2014-11-22,S*Mobarakeh Steel,2495.0,2495.0,2434.0,2489.0,7254383935.0,2963009,412,D,2505.0,2440.0,23.22159689481093,23.22159689481093,22.653854445679286,23.165753375224227,23.314669427455463,22.70969796526601,67518388.56062618
2014-11-23,S*Mobarakeh Steel,2463.0,2541.0,2460.0,2490.0,5643578225.0,2263071,313,D,2489.0,2476.0,22.923764790348432,23.649730544975785,22.895843030555078,23.175060628488673,23.165753375224227,23.044759082786317,52526211.85782872
2014-11-24,S*Mobarakeh Steel,2491.0,2540.0,2441.0,2488.0,15246352705.0,6133222,629,D,2490.0,2441.0,23.184367881753122,23.64042329171133,22.719005218530455,23.156446121959764,23.175060628488673,22.719005218530455,141901665.9846174
2014-11-25,S*Mobarakeh Steel,2460.0,2460.0,2389.0,2467.0,6458570070.0,2689085,460,D,2488.0,2389.0,22.895843030555078,22.895843030555078,22.23502804877889,22.96099380340625,23.156446121959764,22.23502804877889,60111547.36770775
2014-11-26,S*Mobarakeh Steel,2401.0,2444.0,2369.0,2418.0,13259104371.0,5588721,558,D,2467.0,2369.0,22.34671508795232,22.74692697832382,22.048882983489822,22.50493839344803,22.96099380340625,22.048882983489822,123405842.44071652
2014-11-29,S*Mobarakeh Steel,2399.0,2399.0,2322.0,2335.0,22817630945.0,9808182,663,D,2418.0,2322.0,22.32810058142342,22.32810058142342,21.611442080060524,21.73243637249841,22.50493839344803,21.611442080060524,212369470.09994143
2014-11-30,S*Mobarakeh Steel,2360.0,2360.0,2242.0,2254.0,26834630207.0,11903517,840,D,2335.0,2242.0,21.96511770410974,21.96511770410974,20.866861818904255,20.978548858077694,21.73243637249841,20.866861818904255,249756699.59449735
2014-12-01,S*Mobarakeh Steel,2252.0,2343.0,2244.0,2324.0,35590608049.0,15317141,597,D,2254.0,2289.0,20.95993435154879,21.806894398614038,20.885476325433174,21.63005658658943,20.978548858077694,21.304302722333567,331250802.94793254
2014-12-02,S*Mobarakeh Steel,2342.0,2342.0,2252.0,2317.0,3616652277.0,1590136,314,D,2324.0,2268.0,21.797587145349585,21.797587145349585,20.95993435154879,21.564905813738253,21.63005658658943,21.108850403780046,33661098.71150064
2014-12-03,S*Mobarakeh Steel,2300.0,2300.0,2232.0,2306.0,3730299697.0,1662083,298,D,2317.0,2232.0,21.406682508242554,21.406682508242554,20.773789286259728,21.462526027829266,21.564905813738253,20.773789286259728,34718844.032292336
2014-12-06,S*Mobarakeh Steel,2250.0,2373.0,2215.0,2343.0,36327932555.0,15506602,487,D,2306.0,2300.0,20.94131984501988,22.086111996547633,20.61556598076403,21.806894398614038,21.462526027829266,21.406682508242554,338113268.8633624
2014-12-07,S*Mobarakeh Steel,2300.0,2300.0,2252.0,2334.0,3022595225.0,1329851,251,D,2343.0,2252.0,21.406682508242554,21.406682508242554,20.95993435154879,21.72312911923396,21.806894398614038,20.95993435154879,28132059.275002148
2014-12-08,S*Mobarakeh Steel,2270.0,2310.0,2250.0,2327.0,2908423232.0,1277253,233,D,2334.0,2270.0,21.12746491030895,21.499755040887074,20.94131984501988,21.657978346382787,21.72312911923396,21.12746491030895,27069431.62044376
2014-12-09,S*Mobarakeh Steel,2270.0,2298.0,2234.0,2295.0,11710265551.0,5180032,342,D,2327.0,2240.0,21.12746491030895,21.388068001713638,20.79240379278863,21.360146241920287,21.657978346382787,20.848247312375356,108990407.27715956
2014-12-10,S*Mobarakeh Steel,2251.0,2255.0,2216.0,2289.0,2728806136.0,1219284,201,D,2295.0,2216.0,20.950627098284347,20.987856111342154,20.624873234028477,21.304302722333567,21.360146241920287,20.624873234028477,25397689.817346137
2014-12-14,S*Mobarakeh Steel,2217.0,2248.0,2198.0,2244.0,11779182512.0,5356559,302,D,2289.0,2200.0,20.63418048729293,20.922705338490974,20.45734267526831,20.885476325433174,21.304302722333567,20.475957181797217,109631834.88740297
2014-12-15,S*Mobarakeh Steel,2195.0,2195.0,2155.0,2201.0,11502321513.0,5334608,429,D,2244.0,2160.0,20.429420915474957,20.429420915474957,20.05713078489682,20.48526443506167,20.885476325433174,20.103667051219094,107055019.45066045
2014-12-16,S*Mobarakeh Steel,2126.0,2200.0,2126.0,2195.0,3748985946.0,1734451,217,D,2201.0,2135.0,19.78722044022767,20.475957181797217,19.78722044022767,20.429420915474957,20.48526443506167,19.870985719607756,34892761.68429798
2014-12-17,S*Mobarakeh Steel,2181.0,2181.0,2125.0,2192.0,1233103610.0,577491,155,D,2195.0,2126.0,20.2991193697726,20.2991193697726,19.777913186963218,20.4014991556816,20.429420915474957,19.78722044022767,11476807.599581622
2014-12-20,S*Mobarakeh Steel,2141.0,2180.0,2113.0,2188.0,2541147795.0,1180516,195,D,2192.0,2170.0,19.926829239194475,20.289812116508152,19.666226147789786,20.364270142623788,20.4014991556816,20.19673958386362,23651106.110472005
2014-12-22,S*Mobarakeh Steel,2190.0,2219.0,2180.0,2189.0,3642491979.0,1659025,323,D,2188.0,2186.0,20.382884649152686,20.652794993821825,20.289812116508152,20.373577395888233,20.364270142623788,20.345655636094868,33901595.36229266
2014-12-24,S*Mobarakeh Steel,2200.0,2200.0,2145.0,2187.0,1820123088.0,841693,217,D,2189.0,2158.0,20.475957181797217,20.475957181797217,19.964058252252286,20.354962889359324,20.373577395888233,20.085052544690186,16940346.55249479
2014-12-27,S*Mobarakeh Steel,2123.0,2190.0,2114.0,2181.0,3221492343.0,1502799,255,D,2187.0,2189.0,19.759298680434313,20.382884649152686,19.67553340105423,20.2991193697726,20.354962889359324,20.373577395888233,29983245.125798
2014-12-28,S*Mobarakeh Steel,2181.0,2209.0,2169.0,2182.0,2643920776.0,1208789,213,D,2181.0,2185.0,20.2991193697726,20.559722461177294,20.18743233059917,20.30842662303706,20.2991193697726,20.336348382830423,24607640.273381848
2014-12-29,S*Mobarakeh Steel,2182.0,2243.0,2182.0,2191.0,158127159772.0,72187222,334,D,2182.0,2190.0,20.30842662303706,20.87616907216871,20.30842662303706,20.39219190241714,20.30842662303706,20.382884649152686,1471729523.9866729
2014-12-30,S*Mobarakeh Steel,2190.0,2210.0,2151.0,2191.0,4574660105.0,2086866,281,D,2191.0,2190.0,20.382884649152686,20.569029714441754,20.019901771839013,20.39219190241714,20.39219190241714,20.382884649152686,42577520.19602545
2014-12-31,S*Mobarakeh Steel,2191.0,2210.0,2150.0,2190.0,4010608933.0,1834372,317,D,2191.0,2150.0,20.39219190241714,20.569029714441754,20.010594518574553,20.382884649152686,20.39219190241714,20.010594518574553,37327753.08410974
2015-01-03,S*Mobarakeh Steel,2190.0,2200.0,2151.0,2189.0,1742772074.0,798863,130,D,2190.0,2188.0,20.382884649152686,20.475957181797217,20.019901771839013,20.373577395888233,20.382884649152686,20.364270142623788,16220421.07493452
2015-01-04,S*Mobarakeh Steel,2199.0,2199.0,2158.0,2188.0,1142948409.0,526304,107,D,2189.0,2162.0,20.466649928532764,20.466649928532764,20.085052544690186,20.364270142623788,20.373577395888233,20.122281557747996,10637710.310766932
2015-01-05,S*Mobarakeh Steel,2180.0,2210.0,2170.0,2188.0,3096344512.0,1415931,265,D,2188.0,2188.0,20.289812116508152,20.569029714441754,20.19673958386362,20.364270142623788,20.364270142623788,20.364270142623788,28818462.567184005
2015-01-06,S*Mobarakeh Steel,2200.0,2218.0,2138.0,2186.0,3454109871.0,1590820,214,D,2188.0,2164.0,20.475957181797217,20.64348774055737,19.898907479401114,20.345655636094868,20.364270142623788,20.1408960642769,32148275.372645065
2015-01-07,S*Mobarakeh Steel,2186.0,2190.0,2158.0,2184.0,8067709105.0,3700733,339,D,2186.0,2179.0,20.345655636094868,20.382884649152686,20.085052544690186,20.327041129565966,20.345655636094868,20.280504863243703,75088211.90417069
2015-01-10,S*Mobarakeh Steel,2175.0,2184.0,2097.0,2149.0,28726299269.0,13370205,389,D,2184.0,2097.0,20.24327585018589,20.327041129565966,19.517310095558532,20.0012872653101,20.327041129565966,19.517310095558532,267362942.64706224
2015-01-11,S*Mobarakeh Steel,2071.0,2118.0,2064.0,2138.0,2892965016.0,1400926,211,D,2149.0,2095.0,19.275321510682748,19.712762414112046,19.210170737831575,19.898907479401114,20.0012872653101,19.49869558902962,26925558.08911515
2015-01-12,S*Mobarakeh Steel,2066.0,2149.0,2066.0,2138.0,2820115966.0,1319737,332,D,2138.0,2138.0,19.228785244360477,20.0012872653101,19.228785244360477,19.898907479401114,19.898907479401114,19.898907479401114,26247533.530690316
2015-01-13,S*Mobarakeh Steel,2120.0,2120.0,2071.0,2135.0,1455971839.0,695229,139,D,2138.0,2090.0,19.73137692064096,19.73137692064096,19.275321510682748,19.870985719607756,19.898907479401114,19.452159322707356,13551098.651484797
2015-01-14,S*Mobarakeh Steel,2101.0,2101.0,2076.0,2133.0,1150643725.0,550968,126,D,2135.0,2100.0,19.554539108616346,19.554539108616346,19.321857777005015,19.852371213078843,19.870985719607756,19.54523185535189,10709332.565728933
2015-01-17,S*Mobarakeh Steel,2100.0,2100.0,2081.0,2125.0,4300505705.0,2054202,217,D,2133.0,2099.0,19.54523185535189,19.54523185535189,19.368394043327285,19.777913186963218,19.852371213078843,19.535924602087437,40025895.76166122
2015-01-18,S*Mobarakeh Steel,2080.0,2081.0,2040.0,2117.0,2716879207.0,1320712,234,D,2125.0,2042.0,19.35908679006283,19.368394043327285,18.986796659484696,19.7034551608476,19.777913186963218,19.0054111660136,25286682.868475992
2015-01-19,S*Mobarakeh Steel,2050.0,2050.0,2033.0,2109.0,2333641770.0,1143765,201,D,2117.0,2033.0,19.079869192129223,19.079869192129223,18.92164588663352,19.628997134731968,19.7034551608476,18.92164588663352,21719794.981897037
2015-01-20,S*Mobarakeh Steel,2050.0,2050.0,2025.0,2104.0,1422214959.0,701090,163,D,2109.0,2030.0,19.079869192129223,19.079869192129223,18.8471878605179,19.582460868409708,19.628997134731968,18.89372412684016,13236914.81990704
2015-01-21,S*Mobarakeh Steel,2049.0,2049.0,2020.0,2100.0,1182391039.0,583814,73,D,2104.0,2020.0,19.070561938864774,19.070561938864774,18.80065159419563,19.54523185535189,19.582460868409708,18.80065159419563,11004812.857593054
2015-01-24,S*Mobarakeh Steel,2016.0,2016.0,2016.0,2094.0,1429460928.0,709058,76,D,2100.0,2016.0,18.763422581137824,18.763422581137824,18.763422581137824,19.48938833576517,19.54523185535189,18.763422581137824,13304354.888536423
2015-01-25,S*Mobarakeh Steel,2011.0,2011.0,2011.0,2089.0,1250387514.0,621774,71,D,2094.0,2011.0,18.716886314815554,18.716886314815554,18.716886314815554,19.4428520694429,19.48938833576517,18.716886314815554,11637673.27150812
2015-01-26,S*Mobarakeh Steel,2006.0,2006.0,2006.0,2084.0,1219170572.0,607762,43,D,2089.0,2006.0,18.67035004849328,18.67035004849328,18.67035004849328,19.396315803120636,19.4428520694429,18.67035004849328,11347129.286172375
2015-01-27,S*Mobarakeh Steel,2001.0,2001.0,2001.0,2063.0,5591670438.0,2794438,115,D,2084.0,2001.0,18.623813782171016,18.623813782171016,18.623813782171016,19.20086348456712,19.396315803120636,18.623813782171016,52043092.9378224
2015-01-28,S*Mobarakeh Steel,1981.0,2040.0,1981.0,2017.0,15870054972.0,7934671,740,D,2063.0,2006.0,18.437668716881948,18.986796659484696,18.437668716881948,18.77272983440227,19.20086348456712,18.67035004849328,147706620.94520006
2015-01-31,S*Mobarakeh Steel,2000.0,2055.0,2000.0,2019.0,10404173012.0,5147258,575,D,2017.0,2025.0,18.614506528906567,19.12640545845149,18.614506528906567,18.79134434093118,18.77272983440227,18.8471878605179,96834273.22987372
2015-02-01,S*Mobarakeh Steel,2038.0,2039.0,1992.0,2033.0,30066471966.0,14789563,343,D,2019.0,1999.0,18.96818215295578,18.977489406220243,18.540048502790942,18.92164588663352,18.79134434093118,18.60519927564211,279836269.35614663
2015-02-02,S*Mobarakeh Steel,2000.0,2032.0,1980.0,2031.0,105484273489.0,51929674,236,D,2033.0,2000.0,18.614506528906567,18.912338633369068,18.428361463617502,18.90303138010462,18.92164588663352,18.614506528906567,981768848.7789781
2015-02-03,S*Mobarakeh Steel,2049.0,2049.0,1981.0,2031.0,6404688901.0,3155538,244,D,2031.0,2020.0,19.070561938864774,19.070561938864774,18.437668716881948,18.90303138010462,18.90303138010462,18.80065159419563,59610061.68163994
2015-02-04,S*Mobarakeh Steel,2010.0,2031.0,2001.0,2030.0,3018518965.0,1491590,240,D,2031.0,2010.0,18.7075790615511,18.90303138010462,18.623813782171016,18.89372412684016,18.90303138010462,18.7075790615511,28094120.490810398
2015-02-07,S*Mobarakeh Steel,2029.0,2030.0,1997.0,2025.0,6685231024.0,3330278,325,D,2030.0,2000.0,18.884416873575713,18.89372412684016,18.586584769113202,18.8471878605179,18.89372412684016,18.614506528906567,62221138.27174836
2015-02-08,S*Mobarakeh Steel,2000.0,2000.0,1970.0,2021.0,2649287989.0,1335202,228,D,2025.0,1980.0,18.614506528906567,18.614506528906567,18.335288930972965,18.809958847460077,18.8471878605179,18.428361463617502,24657594.284097116
2015-02-09,S*Mobarakeh Steel,1990.0,2005.0,1941.0,2014.0,3358504692.0,1713540,263,D,2021.0,1941.0,18.521433996262033,18.66104279522883,18.065378586303822,18.74480807460891,18.809958847460077,18.065378586303822,31258453.758298647
2015-02-10,S*Mobarakeh Steel,1934.0,1997.0,1934.0,2003.0,6919599934.0,3519033,297,D,2014.0,1950.0,18.000227813452646,18.586584769113202,18.000227813452646,18.64242828869992,18.74480807460891,18.149143865683893,64402469.07443223
2015-02-14,S*Mobarakeh Steel,1996.0,1996.0,1942.0,2002.0,889309306.0,454037,121,D,2003.0,1955.0,18.57727751584875,18.57727751584875,18.07468583956827,18.633121035435458,18.64242828869992,18.195680132006167,8277026.941377183
2015-02-15,S*Mobarakeh Steel,1991.0,1991.0,1923.0,1996.0,3330265113.0,1710716,219,D,2002.0,1932.0,18.530741249526486,18.530741249526486,17.89784802754366,18.57727751584875,18.633121035435458,17.981613306923737,30995620.844464134
2015-02-16,S*Mobarakeh Steel,1924.0,2006.0,1924.0,2004.0,51016659091.0,25453739,344,D,1996.0,1999.0,17.90715528080811,18.67035004849328,17.90715528080811,18.651735541964378,18.57727751584875,18.60519927564211,474824966.86620975
2015-02-17,S*Mobarakeh Steel,2005.0,2006.0,1950.0,2002.0,2671918688.0,1344713,152,D,2004.0,1975.0,18.66104279522883,18.67035004849328,18.149143865683893,18.633121035435458,18.651735541964378,18.381825197295225,24868223.931241732
2015-02-18,S*Mobarakeh Steel,1997.0,2010.0,1942.0,2008.0,74427237095.0,37069729,221,D,2002.0,1942.0,18.586584769113202,18.7075790615511,18.07468583956827,18.68896455502219,18.633121035435458,18.07468583956827,692713145.4166772
2015-02-21,S*Mobarakeh Steel,1980.0,1999.0,1954.0,1996.0,3876332041.0,1960183,229,D,2008.0,1954.0,18.428361463617502,18.60519927564211,18.186372878741714,18.57727751584875,18.68896455502219,18.186372878741714,36078004.04270209
2015-02-22,S*Mobarakeh Steel,1970.0,1979.0,1917.0,1947.0,7644010314.0,3953017,472,D,1996.0,1917.0,18.335288930972965,18.419054210353046,17.842004507956947,18.121222105890535,18.57727751584875,17.842004507956947,71144739.94849104
2015-02-23,S*Mobarakeh Steel,1920.0,1970.0,1890.0,1965.0,32355786130.0,16469407,221,D,1947.0,1910.0,17.8699262677503,18.335288930972965,17.5907086698167,18.2887526646507,18.121222105890535,17.776853735105767,301143496.0823948
2015-02-24,S*Mobarakeh Steel,1900.0,1943.0,1888.0,1921.0,6077020738.0,3202958,260,D,1965.0,1896.0,17.683781202461237,18.08399309283272,17.572094163287794,17.87923352101475,18.2887526646507,17.646552189403423,56560371.10190081
2015-02-25,S*Mobarakeh Steel,1900.0,1910.0,1849.0,1859.0,11315779431.0,6087351,837,D,1921.0,1880.0,17.683781202461237,17.776853735105767,17.20911128597412,17.302183818618648,17.87923352101475,17.49763613717217,105318825.04900801
2015-02-28,S*Mobarakeh Steel,1850.0,1856.0,1814.0,1853.0,4659577440.0,2523300,229,D,1859.0,1844.0,17.21841853923857,17.27426205882529,16.883357421718248,17.24634029903193,17.302183818618648,17.162575019651847,43367867.33941287
2015-03-01,S*Mobarakeh Steel,1883.0,1883.0,1844.0,1857.0,15886683125.0,8556413,375,D,1853.0,1867.0,17.525557896965534,17.525557896965534,17.162575019651847,17.28356931208975,17.24634029903193,17.376641844734277,147861383.37649116
2015-03-02,S*Mobarakeh Steel,1852.0,1909.0,1852.0,1868.0,2851356922.0,1504343,271,D,1857.0,1908.0,17.237033045767483,17.767546481841315,17.237033045767483,17.385949097998733,17.28356931208975,17.758239228576866,26538301.020405967
2015-03-03,S*Mobarakeh Steel,1910.0,1911.0,1890.0,1911.0,80237331957.0,41996703,293,D,1868.0,1910.0,17.776853735105767,17.786160988370224,17.5907086698167,17.786160988370224,17.385949097998733,17.776853735105767,746789169.78781
2015-03-04,S*Mobarakeh Steel,1920.0,1951.0,1886.0,1923.0,16256744805.0,8454428,1142,D,1911.0,1886.0,17.8699262677503,18.158451118948353,17.553479656758892,17.89784802754366,17.786160988370224,17.553479656758892,151305641.1557202
2015-03-07,S*Mobarakeh Steel,1937.0,1937.0,1852.0,1901.0,3991508384.0,2136010,253,D,1923.0,1868.0,18.028149573246008,18.028149573246008,17.237033045767483,17.69308845572569,17.89784802754366,17.385949097998733,37149979.43707664
2015-03-08,S*Mobarakeh Steel,1899.0,1930.0,1876.0,1905.0,9984309946.0,5239861,358,D,1901.0,1915.0,17.674473949196777,17.96299880039483,17.46040712411436,17.730317468783504,17.69308845572569,17.823390001428034,92926501.33822188
2015-03-09,S*Mobarakeh Steel,1920.0,1925.0,1900.0,1911.0,5822162396.0,3038896,415,D,1905.0,1920.0,17.8699262677503,17.916462534072565,17.683781202461237,17.786160988370224,17.730317468783504,17.8699262677503,54188339.96634812
2015-03-10,S*Mobarakeh Steel,1914.0,1930.0,1900.0,1910.0,5391399785.0,2824844,293,D,1911.0,1900.0,17.81408274816359,17.96299880039483,17.683781202461237,17.776853735105767,17.786160988370224,17.683781202461237,50179123.248913966
2015-03-11,S*Mobarakeh Steel,1921.0,1929.0,1909.0,1925.0,18739237920.0,9733113,235,D,1910.0,1909.0,17.87923352101475,17.95369154713038,17.767546481841315,17.916462534072565,17.776853735105767,17.767546481841315,174410833.30428672
2015-03-14,S*Mobarakeh Steel,1924.0,1930.0,1850.0,1896.0,9356924680.0,4938648,393,D,1925.0,1880.0,17.90715528080811,17.96299880039483,17.21841853923857,17.646552189403423,17.916462534072565,17.49763613717217,87087267.77317348
2015-03-15,S*Mobarakeh Steel,1891.0,1919.0,1891.0,1901.0,4429642394.0,2323618,323,D,1896.0,1900.0,17.60001592308116,17.86061901448585,17.60001592308116,17.69308845572569,17.646552189403423,17.683781202461237,41227803.63191714
2015-03-16,S*Mobarakeh Steel,1910.0,1915.0,1897.0,1901.0,4225157789.0,2221777,284,D,1901.0,1900.0,17.776853735105767,17.823390001428034,17.655859442667875,17.69308845572569,17.69308845572569,17.683781202461237,39324613.62450047
2015-03-17,S*Mobarakeh Steel,1920.0,1923.0,1896.0,1902.0,1276081588.0,667523,203,D,1901.0,1915.0,17.8699262677503,17.89784802754366,17.646552189403423,17.70239570899013,17.69308845572569,17.823390001428034,11876814.525621729
2015-03-18,S*Mobarakeh Steel,1920.0,1977.0,1908.0,1920.0,15186369719.0,7909237,986,D,1902.0,1910.0,17.8699262677503,18.400439703824137,17.758239228576866,17.8699262677503,17.70239570899013,17.776853735105767,141343389.1423572
2015-03-25,S*Mobarakeh Steel,1950.0,1950.0,1911.0,1920.0,2079754812.0,1083259,188,D,1920.0,1920.0,18.149143865683893,18.149143865683893,17.786160988370224,17.8699262677503,17.8699262677503,17.8699262677503,19356804.763249412
2015-03-28,S*Mobarakeh Steel,1960.0,1996.0,1911.0,1945.0,7005990778.0,3581975,445,D,1920.0,1995.0,18.242216398328427,18.57727751584875,17.786160988370224,18.102607599361633,17.8699262677503,18.567970262584293,65206530.53927008
2015-03-29,S*Mobarakeh Steel,1999.0,2022.0,1996.0,2018.0,12195131695.0,6042766,582,D,1945.0,2022.0,18.60519927564211,18.81926610072453,18.57727751584875,18.782037087666723,18.102607599361633,18.81926610072453,113503179.27872644
2015-03-30,S*Mobarakeh Steel,2084.0,2089.0,2010.0,2045.0,7670097715.0,3730970,466,D,2018.0,2035.0,19.396315803120636,19.4428520694429,18.7075790615511,19.033332925806963,18.782037087666723,18.940260393162426,71387541.99660942
2015-03-31,S*Mobarakeh Steel,2050.0,2100.0,2022.0,2069.0,8514844959.0,4103688,546,D,2045.0,2091.0,19.079869192129223,19.54523185535189,18.81926610072453,19.256707004153835,19.033332925806963,19.461466575971812,79249818.54096635
2015-04-04,S*Mobarakeh Steel,2151.0,2151.0,2151.0,2151.0,22991137731.0,10688581,262,D,2069.0,2151.0,20.019901771839013,20.019901771839013,20.019901771839013,20.019901771839013,19.256707004153835,20.019901771839013,213984341.70034474
2015-04-05,S*Mobarakeh Steel,2237.0,2237.0,2233.0,2237.0,98868593409.0,44197173,2029,D,2151.0,2237.0,20.820325552581984,20.820325552581984,20.78309653952418,20.820325552581984,20.019901771839013,20.820325552581984,920195038.757819
2015-04-06,S*Mobarakeh Steel,2290.0,2300.0,2162.0,2239.0,23126383237.0,10329716,1121,D,2237.0,2215.0,21.313609975598013,21.406682508242554,20.122281557747996,20.838940059110897,20.820325552581984,20.61556598076403,215243105.87756586
2015-04-07,S*Mobarakeh Steel,2240.0,2240.0,2180.0,2202.0,23431846101.0,10639228,824,D,2239.0,2180.0,20.848247312375356,20.848247312375356,20.289812116508152,20.49457168832613,20.838940059110897,20.289812116508152,218086126.11569908
2015-04-08,S*Mobarakeh Steel,2190.0,2230.0,2150.0,2187.0,13041460066.0,5962208,801,D,2202.0,2151.0,20.382884649152686,20.75517477973082,20.010594518574553,20.354962889359324,20.49457168832613,20.019901771839013,121380171.77251561
2015-04-11,S*Mobarakeh Steel,2190.0,2190.0,2105.0,2142.0,14387178873.0,6717229,523,D,2187.0,2120.0,20.382884649152686,20.382884649152686,19.591768121674157,19.936136492458925,20.354962889359324,19.73137692064096,133905117.53200258
2015-04-12,S*Mobarakeh Steel,2110.0,2111.0,2057.0,2068.0,20505043742.0,9916218,1080,D,2142.0,2058.0,19.63830438799643,19.64761164126087,19.145019964980403,19.24739975088939,19.936136492458925,19.15432721824485,190845635.30548692
2015-04-13,S*Mobarakeh Steel,2050.0,2065.0,2000.0,2047.0,4353668711.0,2150742,280,D,2068.0,2048.0,19.079869192129223,19.219477991096024,18.614506528906567,19.05194743233587,19.24739975088939,19.06125468560032,40520697.322802864
2015-04-14,S*Mobarakeh Steel,2016.0,2070.0,2008.0,2045.0,4738421750.0,2319352,374,D,2047.0,2050.0,18.763422581137824,19.266014257418288,18.68896455502219,19.033332925806963,19.05194743233587,19.079869192129223,44101691.301043935
2015-04-15,S*Mobarakeh Steel,2050.0,2075.0,2030.0,2056.0,26155078902.0,12722999,387,D,2045.0,2073.0,19.079869192129223,19.312550523740555,18.89372412684016,19.135712711715946,19.033332925806963,19.293936017211657,243431943.49267265
2015-04-18,S*Mobarakeh Steel,2060.0,2138.0,2030.0,2107.0,20636226437.0,9793802,997,D,2056.0,2130.0,19.172941724773757,19.898907479401114,18.89372412684016,19.610382628203055,19.135712711715946,19.82444945328549,192066585.87176532
2015-04-19,S*Mobarakeh Steel,2171.0,2171.0,2060.0,2115.0,7451530610.0,3518339,445,D,2107.0,2130.0,20.206046837128067,20.206046837128067,19.172941724773757,19.684840654318688,19.610382628203055,19.82444945328549,69353282.59509608
2015-04-20,S*Mobarakeh Steel,2102.0,2149.0,2065.0,2099.0,5923580686.0,2837668,354,D,2115.0,2078.0,19.563846361880795,20.0012872653101,19.219477991096024,19.535924602087437,19.684840654318688,19.34047228353392,55132265.67702592
2015-04-21,S*Mobarakeh Steel,2081.0,2110.0,2072.0,2091.0,4627506696.0,2222535,276,D,2099.0,2110.0,19.368394043327285,19.63830438799643,19.284628763947204,19.461466575971812,19.535924602087437,19.63830438799643,43069376.8026254
2015-04-22,S*Mobarakeh Steel,2100.0,2100.0,2050.0,2082.0,5122086524.0,2470964,317,D,2091.0,2050.0,19.54523185535189,19.54523185535189,19.079869192129223,19.377701296591734,19.461466575971812,19.079869192129223,47672556.521311164
2015-04-25,S*Mobarakeh Steel,2082.0,2082.0,2040.0,2066.0,5801858374.0,2824528,314,D,2082.0,2040.0,19.377701296591734,19.377701296591734,18.986796659484696,19.228785244360477,19.377701296591734,18.986796659484696,53999365.29130709
2015-04-26,S*Mobarakeh Steel,2041.0,2054.0,2020.0,2057.0,2744844495.0,1350092,224,D,2066.0,2040.0,18.99610391274915,19.117098205187034,18.80065159419563,19.145019964980403,19.228785244360477,18.986796659484696,25546962.886505377
2015-04-27,S*Mobarakeh Steel,2010.0,2024.0,2000.0,2027.0,6165139430.0,3067520,302,D,2057.0,2018.0,18.7075790615511,18.837880607253446,18.614506528906567,18.865802367046804,19.145019964980403,18.782037087666723,57380514.08567717
2015-04-28,S*Mobarakeh Steel,1981.0,2000.0,1981.0,2011.0,3904526010.0,1963363,348,D,2027.0,1986.0,18.437668716881948,18.614506528906567,18.437668716881948,18.716886314815554,18.865802367046804,18.48420498320421,36340412.45271525
2015-04-29,S*Mobarakeh Steel,2001.0,2040.0,1999.0,2010.0,4110373028.0,2046961,289,D,2011.0,2037.0,18.623813782171016,18.986796659484696,18.60519927564211,18.7075790615511,18.716886314815554,18.958874899691335,38256282.7829737
2015-05-03,S*Mobarakeh Steel,2020.0,2020.0,1980.0,2001.0,4794925351.0,2406614,316,D,2010.0,1980.0,18.80065159419563,18.80065159419563,18.428361463617502,18.623813782171016,18.7075790615511,18.428361463617502,44627584.62590455
2015-05-04,S*Mobarakeh Steel,2000.0,2000.0,1970.0,1995.0,2798222414.0,1413722,220,D,2001.0,1981.0,18.614506528906567,18.614506528906567,18.335288930972965,18.567970262584293,18.623813782171016,18.437668716881948,26043764.697367843
2015-05-05,S*Mobarakeh Steel,1972.0,1990.0,1939.0,1977.0,5276193531.0,2688988,263,D,1995.0,1940.0,18.35390343750187,18.521433996262033,18.046764079774913,18.400439703824137,18.567970262584293,18.056071333039366,49106869.465287045
2015-05-06,S*Mobarakeh Steel,1935.0,1979.0,1929.0,1962.0,4270381788.0,2198423,217,D,1977.0,1950.0,18.009535066717103,18.419054210353046,17.95369154713038,18.260830904857336,18.400439703824137,18.149143865683893,39745524.83682485
2015-05-09,S*Mobarakeh Steel,1944.0,1950.0,1890.0,1936.0,4564377850.0,2393974,354,D,1962.0,1896.0,18.09330034609718,18.149143865683893,17.5907086698167,18.018842319981555,18.260830904857336,17.646552189403423,42481820.644610755
2015-05-10,S*Mobarakeh Steel,1900.0,1939.0,1892.0,1924.0,3260712944.0,1716840,260,D,1936.0,1895.0,17.683781202461237,18.046764079774913,17.60932317634561,17.90715528080811,18.018842319981555,17.63724493613897,30348281.192489065
2015-05-11,S*Mobarakeh Steel,1886.0,1930.0,1886.0,1920.0,2247832566.0,1178293,196,D,1924.0,1930.0,17.553479656758892,17.96299880039483,17.553479656758892,17.8699262677503,17.90715528080811,17.96299880039483,20921146.987847902
2015-05-12,S*Mobarakeh Steel,1924.0,1985.0,1920.0,1930.0,3140575290.0,1608157,247,D,1920.0,1925.0,17.90715528080811,18.474897729939777,17.8699262677503,17.96299880039483,17.8699262677503,17.916462534072565,29230129.62011381
2015-05-13,S*Mobarakeh Steel,1930.0,1950.0,1925.0,1931.0,2933344780.0,1516505,164,D,1930.0,1933.0,17.96299880039483,18.149143865683893,17.916462534072565,17.972306053659292,17.96299880039483,17.990920560188194,27301382.77942199
2015-05-17,S*Mobarakeh Steel,1930.0,2007.0,1910.0,1961.0,6831504637.0,3457558,338,D,1931.0,2003.0,17.96299880039483,18.679657301757736,17.776853735105767,18.25152365159289,17.972306053659292,18.64242828869992,63582543.833846
2015-05-18,S*Mobarakeh Steel,1995.0,1995.0,1960.0,1965.0,2138792234.0,1081281,208,D,1961.0,1978.0,18.567970262584293,18.567970262584293,18.242216398328427,18.2887526646507,18.25152365159289,18.409746957088593,19906281.00188382
2015-05-19,S*Mobarakeh Steel,1980.0,1980.0,1952.0,1966.0,747678156.0,378934,88,D,1965.0,1975.0,18.428361463617502,18.428361463617502,18.16775837221281,18.298059917915147,18.2887526646507,18.381825197295225,6958829.958191408
2015-05-20,S*Mobarakeh Steel,1980.0,1995.0,1961.0,1977.0,5662873350.0,2851928,320,D,1966.0,1991.0,18.428361463617502,18.567970262584293,18.25152365159289,18.400439703824137,18.298059917915147,18.530741249526486,52705796.472973
2015-05-23,S*Mobarakeh Steel,1995.0,1998.0,1956.0,1981.0,6447760598.0,3251747,286,D,1977.0,1970.0,18.567970262584293,18.595892022377658,18.20498738527062,18.437668716881948,18.400439703824137,18.335288930972965,60010940.87414873
2015-05-24,S*Mobarakeh Steel,1982.0,2040.0,1982.0,1998.0,5437632386.0,2702662,311,D,1981.0,2020.0,18.446975970146397,18.986796659484696,18.446975970146397,18.595892022377658,18.437668716881948,18.80065159419563,50609421.77549539
2015-05-25,S*Mobarakeh Steel,2000.0,2028.0,2000.0,2002.0,2601814483.0,1291130,147,D,1998.0,2012.0,18.614506528906567,18.87510962031126,18.614506528906567,18.633121035435458,18.595892022377658,18.726193568080003,24215746.34040358
2015-05-26,S*Mobarakeh Steel,2001.0,2020.0,1999.0,2004.0,3918803147.0,1953086,196,D,2002.0,2001.0,18.623813782171016,18.80065159419563,18.60519927564211,18.651735541964378,18.633121035435458,18.623813782171016,36473293.38266554
2015-05-27,S*Mobarakeh Steel,2019.0,2020.0,1980.0,2005.0,4608431741.0,2297407,813,D,2004.0,2003.0,18.79134434093118,18.80065159419563,18.428361463617502,18.66104279522883,18.651735541964378,18.64242828869992,42891841.36543237
2015-05-30,S*Mobarakeh Steel,2000.0,2010.0,1940.0,1991.0,3735538641.0,1899043,327,D,2005.0,1967.0,18.614506528906567,18.7075790615511,18.056071333039366,18.530741249526486,18.66104279522883,18.30736717117961,34767604.21093863
2015-05-31,S*Mobarakeh Steel,1970.0,2010.0,1950.0,1989.0,3131782479.0,1578071,590,D,1991.0,1952.0,18.335288930972965,18.7075790615511,18.149143865683893,18.512126742997577,18.530741249526486,18.16775837221281,29148292.70123034
2015-06-01,S*Mobarakeh Steel,2000.0,2020.0,1980.0,2000.0,6398176221.0,3189244,1504,D,1989.0,2020.0,18.614506528906567,18.80065159419563,18.428361463617502,18.614506528906567,18.512126742997577,18.80065159419563,59549446.51944961
2015-06-02,S*Mobarakeh Steel,2011.0,2025.0,1990.0,2011.0,9751746397.0,4848529,998,D,2000.0,2017.0,18.716886314815554,18.8471878605179,18.521433996262033,18.716886314815554,18.614506528906567,18.77272983440227,90761973.48759875
2015-06-06,S*Mobarakeh Steel,2012.0,2017.0,1983.0,2006.0,4117218369.0,2059051,143,D,2011.0,1983.0,18.726193568080003,18.77272983440227,18.45628322341085,18.67035004849328,18.716886314815554,18.45628322341085,38319994.10534227
2015-06-07,S*Mobarakeh Steel,2000.0,2000.0,1921.0,1992.0,3511408894.0,1785963,223,D,2006.0,1954.0,18.614506528906567,18.614506528906567,17.87923352101475,18.540048502790942,18.67035004849328,18.186372878741714,32681571.89151179
2015-06-08,S*Mobarakeh Steel,2000.0,2000.0,1922.0,1982.0,5119020807.0,2595951,473,D,1992.0,1939.0,18.614506528906567,18.614506528906567,17.88854077427921,18.446975970146397,18.540048502790942,18.046764079774913,47644023.116755016
2015-06-09,S*Mobarakeh Steel,1926.0,1937.0,1895.0,1926.0,6676654030.0,3508602,372,D,1982.0,1900.0,17.92576978733702,18.028149573246008,17.63724493613897,17.92576978733702,18.446975970146397,17.683781202461237,62141310.01634267
2015-06-10,S*Mobarakeh Steel,1940.0,1940.0,1898.0,1906.0,9143796518.0,4798168,682,D,1926.0,1899.0,18.056071333039366,18.056071333039366,17.665166695932324,17.739624722047953,17.92576978733702,17.674473949196777,85103629.99165203
2015-06-13,S*Mobarakeh Steel,1906.0,1908.0,1888.0,1901.0,4555926548.0,2404060,333,D,1906.0,1895.0,17.739624722047953,17.758239228576866,17.572094163287794,17.69308845572569,17.739624722047953,17.63724493613897,42403162.23648236
2015-06-14,S*Mobarakeh Steel,1902.0,1902.0,1880.0,1895.0,5084043997.0,2689646,290,D,1901.0,1880.0,17.70239570899013,17.70239570899013,17.49763613717217,17.63724493613897,17.69308845572569,17.49763613717217,47318485.087702364
2015-06-15,S*Mobarakeh Steel,1894.0,1894.0,1857.0,1884.0,3800795985.0,2036576,183,D,1895.0,1860.0,17.62793768287452,17.62793768287452,17.28356931208975,17.53486515022998,17.63724493613897,17.311491071883093,35374970.838912174
2015-06-16,S*Mobarakeh Steel,1884.0,1886.0,1852.0,1875.0,3886214238.0,2086731,290,D,1884.0,1866.0,17.53486515022998,17.553479656758892,17.237033045767483,17.451099870849905,17.53486515022998,17.36733459146982,36169980.152990304
2015-06-17,S*Mobarakeh Steel,1880.0,1935.0,1870.0,1888.0,3327921036.0,1738289,226,D,1875.0,1910.0,17.49763613717217,18.009535066717103,17.404563604527635,17.572094163287794,17.451099870849905,17.776853735105767,30973803.926153746
2015-06-20,S*Mobarakeh Steel,1945.0,1945.0,1882.0,1892.0,2658484959.0,1397446,183,D,1888.0,1888.0,18.102607599361633,18.102607599361633,17.51625064370107,17.60932317634561,17.572094163287794,17.572094163287794,24743192.81315269
2015-06-21,S*Mobarakeh Steel,1915.0,1924.0,1900.0,1896.0,3441911767.0,1806941,254,D,1892.0,1900.0,17.823390001428034,17.90715528080811,17.683781202461237,17.646552189403423,17.60932317634561,17.683781202461237,32034744.529370908
2015-06-22,S*Mobarakeh Steel,1900.0,1920.0,1898.0,1900.0,3012969133.0,1579321,199,D,1896.0,1903.0,17.683781202461237,17.8699262677503,17.665166695932324,17.683781202461237,17.646552189403423,17.71170296225459,28042466.798811223
2015-06-23,S*Mobarakeh Steel,1891.0,1940.0,1891.0,1903.0,2341917251.0,1225003,201,D,1900.0,1920.0,17.60001592308116,18.056071333039366,17.60001592308116,17.71170296225459,17.683781202461237,17.8699262677503,21796816.97944921
2015-06-24,S*Mobarakeh Steel,1903.0,1940.0,1889.0,1910.0,3724085669.0,1936389,266,D,1903.0,1935.0,17.71170296225459,18.056071333039366,17.58140141655225,17.776853735105767,17.71170296225459,18.009535066717103,34661008.49990393
2015-06-27,S*Mobarakeh Steel,1920.0,1930.0,1898.0,1908.0,3736266038.0,1961195,226,D,1910.0,1910.0,17.8699262677503,17.96299880039483,17.665166695932324,17.758239228576866,17.776853735105767,17.776853735105767,34774374.279041424
2015-06-28,S*Mobarakeh Steel,1899.0,1900.0,1881.0,1902.0,4958026549.0,2615485,167,D,1908.0,1896.0,17.674473949196777,17.683781202461237,17.50694339043662,17.70239570899013,17.758239228576866,17.646552189403423,46145608.78342628
2015-06-29,S*Mobarakeh Steel,1891.0,1900.0,1883.0,1900.0,1814426128.0,960674,152,D,1902.0,1900.0,17.60001592308116,17.683781202461237,17.525557896965534,17.683781202461237,17.70239570899013,17.683781202461237,16887323.50293732
2015-06-30,S*Mobarakeh Steel,1891.0,1940.0,1891.0,1908.0,3197627547.0,1660329,277,D,1900.0,1929.0,17.60001592308116,18.056071333039366,17.60001592308116,17.758239228576866,17.683781202461237,17.95369154713038,29761129.425321493
2015-07-01,S*Mobarakeh Steel,1940.0,1941.0,1917.0,1918.0,5909763559.0,3070811,420,D,1908.0,1930.0,18.056071333039366,18.065378586303822,17.842004507956947,17.851311761221393,17.758239228576866,17.96299880039483,55003666.1766498
2015-07-04,S*Mobarakeh Steel,1930.0,1945.0,1911.0,1928.0,13525924182.0,7014050,550,D,1918.0,1920.0,17.96299880039483,18.102607599361633,17.786160988370224,17.944384293865923,17.851311761221393,17.8699262677503,125889201.99766709
2015-07-05,S*Mobarakeh Steel,1938.0,1938.0,1900.0,1916.0,8974151256.0,4686162,394,D,1928.0,1900.0,18.037456826510457,18.037456826510457,17.683781202461237,17.83269725469248,17.944384293865923,17.683781202461237,83524698.57310355
2015-07-06,S*Mobarakeh Steel,1911.0,1911.0,1883.0,1902.0,8301788101.0,4370751,377,D,1916.0,1905.0,17.786160988370224,17.786160988370224,17.525557896965534,17.70239570899013,17.83269725469248,17.730317468783504,77266844.40383169
2015-07-07,S*Mobarakeh Steel,1900.0,1910.0,1860.0,1893.0,29600659443.0,15638867,1418,D,1902.0,1900.0,17.683781202461237,17.776853735105767,17.311491071883093,17.618630429610068,17.70239570899013,17.683781202461237,275500834.2308317
2015-07-11,S*Mobarakeh Steel,1900.0,1900.0,1851.0,1884.0,7709077455.0,4096921,530,D,1893.0,1898.0,17.683781202461237,17.683781202461237,17.227725792503023,17.53486515022998,17.618630429610068,17.665166695932324,71750336.30897196
2015-07-12,S*Mobarakeh Steel,1901.0,1917.0,1890.0,1899.0,8376406276.0,4403518,550,D,1884.0,1910.0,17.69308845572569,17.842004507956947,17.5907086698167,17.674473949196777,17.53486515022998,17.776853735105767,77961334.65668795
2015-07-13,S*Mobarakeh Steel,1931.0,1950.0,1880.0,1897.0,28198021853.0,14861968,1772,D,1899.0,1885.0,17.972306053659292,18.149143865683893,17.49763613717217,17.655859442667875,17.674473949196777,17.54417240349444,262446130.94245923
2015-07-14,S*Mobarakeh Steel,1920.0,1920.0,1860.0,1886.0,17165293965.0,9103670,821,D,1897.0,1870.0,17.8699262677503,17.8699262677503,17.311491071883093,17.553479656758892,17.655859442667875,17.404563604527635,159761738.2910464
2015-07-15,S*Mobarakeh Steel,1887.0,1899.0,1820.0,1845.0,20021659551.0,10850856,966,D,1886.0,1860.0,17.562786910023338,17.674473949196777,16.939200941304968,17.17188227291631,17.553479656758892,17.311491071883093,186346656.21581697
2015-09-09,S*Mobarakeh Steel,1170.0,1207.0,1170.0,1187.0,17158254326.0,14460212,915,D,1395.0,1180.0,14.402223841800767,14.857678783806437,14.402223841800767,14.611486923262829,17.171882272916303,14.525319772072569,211211127.80991316
2015-09-12,S*Mobarakeh Steel,1200.0,1235.0,1164.0,1187.0,8472407004.0,7140864,694,D,1187.0,1166.0,14.771511632616177,15.202347388567487,14.32836628363769,14.611486923262829,14.611486923262829,14.352985469692051,104291882.17987071
2015-09-13,S*Mobarakeh Steel,1171.0,1171.0,1140.0,1174.0,3607007686.0,3132523,346,D,1187.0,1160.0,14.414533434827952,14.414533434827952,14.03293605098537,14.4514622139095,14.611486923262829,14.279127911528969,44400796.66057078
2015-09-14,S*Mobarakeh Steel,1169.0,1198.0,1163.0,1177.0,6655909868.0,5650260,389,D,1174.0,1177.0,14.389914248773586,14.746892446561816,14.316056690610507,14.488390992991029,14.4514622139095,14.488390992991029,81931541.70067234
2015-09-15,S*Mobarakeh Steel,1179.0,1180.0,1135.0,1171.0,1943482256.0,1696706,248,D,1177.0,1149.0,14.513010179045395,14.525319772072569,13.971388085849467,14.414533434827952,14.488390992991029,14.143722388229987,23923475.626905944
2015-09-16,S*Mobarakeh Steel,1150.0,1158.0,1125.0,1155.0,4682701765.0,4113979,366,D,1171.0,1144.0,14.156031981257172,14.254508725474608,13.848292155577662,14.217579946393066,14.414533434827952,14.082174423094088,57642152.99480816
2015-09-19,S*Mobarakeh Steel,1140.0,1154.0,1110.0,1146.0,3072136045.0,2729045,323,D,1155.0,1110.0,14.03293605098537,14.205270353365885,13.663648260169957,14.106793609148447,14.217579946393066,13.663648260169957,37816744.43808079
2015-09-20,S*Mobarakeh Steel,1112.0,1125.0,1089.0,1109.0,6613856825.0,6050942,504,D,1146.0,1089.0,13.688267446224321,13.848292155577662,13.405146806599184,13.651338667142776,14.106793609148447,13.405146806599184,81413885.8557878
2015-09-21,S*Mobarakeh Steel,1070.0,1120.0,1055.0,1098.0,4226042759.0,3898627,345,D,1109.0,1080.0,13.171264539082758,13.786744190441768,12.986620643675058,13.515933143843798,13.651338667142776,13.294360469354563,52020866.47875154
2015-09-22,S*Mobarakeh Steel,1099.0,1100.0,1070.0,1089.0,4434632139.0,4108563,302,D,1098.0,1070.0,13.528242736870979,13.54055232989816,13.171264539082758,13.405146806599184,13.515933143843798,13.171264539082758,54588516.85634339
2015-09-23,S*Mobarakeh Steel,1073.0,1094.0,1068.0,1083.0,2944720053.0,2748959,310,D,1089.0,1070.0,13.208193318164298,13.466694771735085,13.146645353028399,13.331289248436098,13.405146806599184,13.171264539082758,36248305.43140634
2015-09-26,S*Mobarakeh Steel,1077.0,1087.0,1055.0,1081.0,1528958903.0,1432476,172,D,1083.0,1065.0,13.257431690273018,13.380527620544816,12.986620643675058,13.30667006238174,13.331289248436098,13.109716573946855,18820861.8512138
2015-09-27,S*Mobarakeh Steel,1075.0,1082.0,1055.0,1076.0,3187495460.0,2989073,275,D,1081.0,1060.0,13.232812504218655,13.318979655408919,12.986620643675058,13.245122097245838,13.30667006238174,13.04816860881096,39236771.888584375
2015-09-28,S*Mobarakeh Steel,1069.0,1079.0,1057.0,1073.0,4246498758.0,3974692,240,D,1076.0,1061.0,13.158954946055575,13.28205087632738,13.01123982972941,13.208193318164298,13.245122097245838,13.060478201838135,52272671.50140596
2015-09-29,S*Mobarakeh Steel,1075.0,1095.0,1070.0,1077.0,3779319660.0,3485117,294,D,1073.0,1090.0,13.232812504218655,13.47900436476226,13.171264539082758,13.257431690273018,13.208193318164298,13.417456399626358,46521886.93422086
2015-09-30,S*Mobarakeh Steel,1099.0,1099.0,1078.0,1081.0,4464000852.0,4107385,281,D,1077.0,1081.0,13.528242736870979,13.528242736870979,13.269741283300194,13.30667006238174,13.257431690273018,13.30667006238174,54950033.76110545
2015-10-03,S*Mobarakeh Steel,1082.0,1100.0,1077.0,1086.0,4253419872.0,3894320,307,D,1081.0,1087.0,13.318979655408919,13.54055232989816,13.257431690273018,13.368218027517637,13.30667006238174,13.380527620544816,52357867.59804065
2015-10-04,S*Mobarakeh Steel,1096.0,1128.0,1081.0,1111.0,14625431444.0,13162227,358,D,1086.0,1128.0,13.491313957789444,13.885220934659209,13.30667006238174,13.675957853197145,13.368218027517637,13.885220934659209,180033108.92256364
2015-10-05,S*Mobarakeh Steel,1120.0,1158.0,1120.0,1121.0,3055493254.0,2664993,349,D,1111.0,1145.0,13.786744190441768,14.254508725474608,13.786744190441768,13.799053783468942,13.675957853197145,14.094484016121266,37611878.45403438
2015-10-06,S*Mobarakeh Steel,1149.0,1166.0,1125.0,1135.0,5710590155.0,4979316,373,D,1121.0,1158.0,14.143722388229987,14.352985469692051,13.848292155577662,13.971388085849467,13.799053783468942,14.254508725474608,70295040.75307159
2015-10-07,S*Mobarakeh Steel,1157.0,1188.0,1157.0,1162.0,6671196045.0,5657134,467,D,1135.0,1179.0,14.242199132447432,14.623796516290014,14.242199132447432,14.303747097583333,13.971388085849467,14.513010179045395,82119708.31848378
2015-10-10,S*Mobarakeh Steel,1165.0,1189.0,1147.0,1162.0,6742308279.0,5801407,546,D,1162.0,1160.0,14.340675876664873,14.636106109317195,14.11910320217563,14.303747097583333,14.303747097583333,14.279127911528969,82995070.97827737
2015-10-28,S*Mobarakeh Steel,1107.0,1107.0,1060.0,1069.0,6800152380.0,6358695,470,D,1041.0,1066.0,20.440079221632633,20.440079221632633,19.57225291321644,19.738432419083363,19.2214295119418,19.683039250461057,125560662.48091574
2015-10-31,S*Mobarakeh Steel,1061.0,1080.0,1048.0,1066.0,4348584568.0,4096207,438,D,1069.0,1075.0,19.590717302757202,19.941540704031844,19.350680238727186,19.683039250461057,19.738432419083363,19.849218756327982,80293959.41453399
2015-11-01,S*Mobarakeh Steel,1075.0,1075.0,1053.0,1069.0,6416061374.0,5991981,451,D,1066.0,1070.0,19.849218756327982,19.849218756327982,19.44300218643104,19.738432419083363,19.683039250461057,19.756896808624138,118468656.52702542
2015-11-02,S*Mobarakeh Steel,1070.0,1074.0,1058.0,1068.0,2022694003.0,1900397,191,D,1069.0,1060.0,19.756896808624138,19.83075436678722,19.535324134134893,19.7199680295426,19.738432419083363,19.57225291321644,37347809.99317184
2015-11-03,S*Mobarakeh Steel,1074.0,1074.0,1060.0,1068.0,2216799373.0,2077919,225,D,1068.0,1071.0,19.83075436678722,19.83075436678722,19.57225291321644,19.7199680295426,19.7199680295426,19.7753611981649,40931847.15680717
2015-11-04,S*Mobarakeh Steel,1062.0,1079.0,1062.0,1069.0,2535464446.0,2369047,196,D,1068.0,1078.0,19.609181692297973,19.92307631449107,19.609181692297973,19.738432419083363,19.7199680295426,19.90461192495029,46815803.197717145
2015-11-07,S*Mobarakeh Steel,1077.0,1090.0,1066.0,1074.0,4597931117.0,4257111,403,D,1069.0,1090.0,19.886147535409528,20.126184599439537,19.683039250461057,19.83075436678722,19.738432419083363,20.126184599439537,84897991.22591673
2015-11-08,S*Mobarakeh Steel,1099.0,1120.0,1070.0,1088.0,7053002817.0,6446793,596,D,1074.0,1085.0,20.29236410530647,20.680116285662653,19.756896808624138,20.089255820357998,19.83075436678722,20.03386265173569,130229391.44523765
2015-11-09,S*Mobarakeh Steel,1099.0,1112.0,1075.0,1087.0,2161865234.0,1995991,205,D,1088.0,1084.0,20.29236410530647,20.53240116933648,19.849218756327982,20.070791430817223,20.089255820357998,20.01539826219492,39917521.81522435
2015-11-10,S*Mobarakeh Steel,1091.0,1094.0,1078.0,1088.0,4019175592.0,3691983,235,D,1087.0,1094.0,20.14464898898031,20.200042157602628,19.90461192495029,20.089255820357998,20.070791430817223,20.200042157602628,74211623.76344375
2015-11-11,S*Mobarakeh Steel,1098.0,1098.0,1075.0,1095.0,15594322853.0,14244813,258,D,1088.0,1075.0,20.273899715765697,20.273899715765697,19.849218756327982,20.218506547143388,20.089255820357998,19.849218756327982,287939651.78232723
2015-11-14,S*Mobarakeh Steel,1090.0,1096.0,1070.0,1094.0,2293210664.0,2105187,180,D,1095.0,1090.0,20.126184599439537,20.236970936684166,19.756896808624138,20.200042157602628,20.218506547143388,20.126184599439537,42342734.99914433
2015-11-15,S*Mobarakeh Steel,1081.0,1104.0,1080.0,1092.0,5759806653.0,5277975,333,D,1094.0,1098.0,19.960005093572608,20.38468605301032,19.941540704031844,20.16311337852108,20.200042157602628,20.273899715765697,106351313.72051191
2015-11-16,S*Mobarakeh Steel,1090.0,1104.0,1087.0,1102.0,19419931105.0,17624171,231,D,1092.0,1090.0,20.126184599439537,20.38468605301032,20.070791430817223,20.34775727392879,20.16311337852108,20.126184599439537,358577172.77764016
2015-11-17,S*Mobarakeh Steel,1091.0,1099.0,1085.0,1100.0,1297347690.0,1190479,133,D,1102.0,1090.0,20.14464898898031,20.29236410530647,20.03386265173569,20.31082849484724,20.34775727392879,20.126184599439537,23954733.117978398
2015-11-18,S*Mobarakeh Steel,1098.0,1119.0,1085.0,1098.0,3270100489.0,2987734,255,D,1100.0,1119.0,20.273899715765697,20.661651896121878,20.03386265173569,20.273899715765697,20.31082849484724,20.661651896121878,60380409.26635918
2015-11-21,S*Mobarakeh Steel,1109.0,1130.0,1089.0,1110.0,7491845052.0,6726643,397,D,1098.0,1130.0,20.477008000714164,20.864760181070345,20.107720209898776,20.495472390254935,20.273899715765697,20.864760181070345,138332345.4192199
2015-11-22,S*Mobarakeh Steel,1120.0,1134.0,1112.0,1116.0,5044002952.0,4493492,264,D,1110.0,1120.0,20.680116285662653,20.938617739233433,20.53240116933648,20.60625872749957,20.495472390254935,20.680116285662653,93134435.35052292
2015-11-23,S*Mobarakeh Steel,1116.0,1143.0,1108.0,1114.0,28738099814.0,25793343,1326,D,1116.0,1110.0,20.60625872749957,21.104797245100357,20.458543611173408,20.56932994841803,20.60625872749957,20.495472390254935,530631469.62723213
2015-11-24,S*Mobarakeh Steel,1135.0,1140.0,1105.0,1123.0,5593313049.0,4944017,302,D,1114.0,1120.0,20.9570821287742,21.049404076478055,20.403150442551095,20.73550945428496,20.56932994841803,20.680116285662653,103277110.96020919
2015-11-25,S*Mobarakeh Steel,1138.0,1145.0,1110.0,1128.0,5805003187.0,5128262,269,D,1123.0,1133.0,21.012475297396506,21.1417260241819,20.495472390254935,20.827831401988814,20.73550945428496,20.92015334969265,107185840.1301806
2015-11-28,S*Mobarakeh Steel,1129.0,1138.0,1109.0,1135.0,9901048822.0,8720698,127,D,1128.0,1110.0,20.846295791529577,21.012475297396506,20.477008000714164,20.9570821287742,20.827831401988814,20.495472390254935,182816822.3115921
2015-11-29,S*Mobarakeh Steel,1110.0,1160.0,1109.0,1137.0,7868130486.0,6919181,319,D,1135.0,1160.0,20.495472390254935,21.418691867293454,20.477008000714164,20.994010907855746,20.9570821287742,21.418691867293454,145280226.2511137
2015-11-30,S*Mobarakeh Steel,1143.0,1170.0,1110.0,1138.0,16366862569.0,14385706,544,D,1137.0,1168.0,21.104797245100357,21.60333576270115,20.495472390254935,21.012475297396506,20.994010907855746,21.56640698361962,302204126.0342671
2015-12-01,S*Mobarakeh Steel,1126.0,1138.0,1120.0,1132.0,4136094407.0,3678474,258,D,1138.0,1120.0,20.790902622907264,21.012475297396506,20.680116285662653,20.901688960151887,21.012475297396506,20.680116285662653,76370458.30824901
2015-12-05,S*Mobarakeh Steel,1130.0,1131.0,1109.0,1129.0,1440077216.0,1292824,131,D,1132.0,1110.0,20.864760181070345,20.88322457061112,20.477008000714164,20.846295791529577,20.901688960151887,20.495472390254935,26590146.68501191
2015-12-06,S*Mobarakeh Steel,1100.0,1110.0,1073.0,1119.0,2200362265.0,2030701,267,D,1129.0,1078.0,20.31082849484724,20.495472390254935,19.812289977246447,20.661651896121878,20.846295791529577,19.90461192495029,40628345.99177147
2015-12-07,S*Mobarakeh Steel,1076.0,1090.0,1070.0,1112.0,1402424207.0,1305344,155,D,1119.0,1070.0,19.867683145868757,20.126184599439537,19.756896808624138,20.53240116933648,20.661651896121878,19.756896808624138,25894906.859453768
2015-12-08,S*Mobarakeh Steel,1070.0,1119.0,1066.0,1115.0,20088276420.0,18021056,178,D,1112.0,1117.0,19.756896808624138,20.661651896121878,19.683039250461057,20.587794337958794,20.53240116933648,20.624723117040332,370917761.021549
2015-12-09,S*Mobarakeh Steel,1079.0,1090.0,1070.0,1103.0,2932798415.0,2728760,189,D,1115.0,1075.0,19.92307631449107,20.126184599439537,19.756896808624138,20.36622166346955,20.587794337958794,19.849218756327982,54152332.379113466
2015-12-13,S*Mobarakeh Steel,1095.0,1095.0,1065.0,1096.0,2010453953.0,1880627,158,D,1103.0,1068.0,20.218506547143388,20.218506547143388,19.664574860920283,20.236970936684166,20.36622166346955,19.7199680295426,37121804.94197335
2015-12-14,S*Mobarakeh Steel,1065.0,1085.0,1063.0,1092.0,1511644878.0,1412087,148,D,1096.0,1069.0,19.664574860920283,20.03386265173569,19.627646081838737,20.16311337852108,20.236970936684166,19.738432419083363,27911599.874702074
2015-12-15,S*Mobarakeh Steel,1071.0,1083.0,1066.0,1089.0,1210433454.0,1129796,133,D,1092.0,1070.0,19.7753611981649,19.996933872654147,19.683039250461057,20.107720209898776,20.16311337852108,19.756896808624138,22349914.807835974
2015-12-16,S*Mobarakeh Steel,1080.0,1118.0,1065.0,1091.0,9244934898.0,8470821,385,D,1089.0,1097.0,19.941540704031844,20.64318750658111,19.664574860920283,20.14464898898031,20.107720209898776,20.255435326224934,170702079.2357328
2015-12-19,S*Mobarakeh Steel,1071.0,1079.0,1064.0,1088.0,1311118193.0,1224922,183,D,1091.0,1065.0,19.7753611981649,19.92307631449107,19.64611047137951,20.089255820357998,20.14464898898031,19.664574860920283,24208997.049542755
2015-12-20,S*Mobarakeh Steel,1064.0,1100.0,1050.0,1095.0,22282169637.0,20343017,210,D,1088.0,1057.0,19.64611047137951,20.31082849484724,19.38760901780873,20.218506547143388,20.089255820357998,19.516859744594115,411426659.99109054
2015-12-21,S*Mobarakeh Steel,1060.0,1100.0,1060.0,1092.0,11531211528.0,10559121,191,D,1095.0,1100.0,19.57225291321644,20.31082849484724,19.57225291321644,20.16311337852108,20.218506547143388,20.31082849484724,212916781.5300122
2015-12-22,S*Mobarakeh Steel,1072.0,1111.0,1070.0,1109.0,13165431350.0,11871613,142,D,1092.0,1090.0,19.793825587705676,20.513936779795717,19.756896808624138,20.477008000714164,20.16311337852108,20.126184599439537,243091652.9186684
2015-12-23,S*Mobarakeh Steel,1080.0,1110.0,1074.0,1104.0,5115355012.0,4655880,228,D,1109.0,1099.0,19.941540704031844,20.495472390254935,19.83075436678722,20.38468605301032,20.477008000714164,20.29236410530647,94451907.58089936
2015-12-26,S*Mobarakeh Steel,1099.0,1099.0,1064.0,1093.0,3206443713.0,2994606,228,D,1104.0,1067.0,20.29236410530647,20.29236410530647,19.64611047137951,20.181577768061846,20.38468605301032,19.701503640001828,59205025.75738564
2015-12-27,S*Mobarakeh Steel,1080.0,1082.0,1060.0,1084.0,3689770579.0,3451026,258,D,1093.0,1068.0,19.941540704031844,19.97846948311338,19.57225291321644,20.01539826219492,20.181577768061846,19.7199680295426,68129361.28672929
2015-12-28,S*Mobarakeh Steel,1064.0,1081.0,1060.0,1079.0,3195719170.0,2992397,287,D,1084.0,1060.0,19.64611047137951,19.960005093572608,19.57225291321644,19.92307631449107,20.01539826219492,19.57225291321644,59007003.61778688
2015-12-30,S*Mobarakeh Steel,1070.0,1074.0,1058.0,1076.0,1695696432.0,1593381,191,D,1079.0,1062.0,19.756896808624138,19.83075436678722,19.535324134134893,19.867683145868757,19.92307631449107,19.609181692297973,31309999.46334219
2016-01-02,S*Mobarakeh Steel,1076.0,1078.0,1050.0,1069.0,3526117122.0,3335121,337,D,1076.0,1051.0,19.867683145868757,19.90461192495029,19.38760901780873,19.738432419083363,19.867683145868757,19.4060734073495,65107600.1069876
2016-01-03,S*Mobarakeh Steel,1060.0,1084.0,1040.0,1079.0,19572991911.0,18147736,295,D,1069.0,1050.0,19.57225291321644,20.01539826219492,19.202965122401032,19.92307631449107,19.738432419083363,19.38760901780873,361403347.1230485
2016-01-04,S*Mobarakeh Steel,1067.0,1067.0,1030.0,1043.0,8664220112.0,8338864,613,D,1079.0,1036.0,19.701503640001828,19.701503640001828,19.018321226993326,19.258358291023335,19.92307631449107,19.129107564237952,159979535.21494383
2016-01-05,S*Mobarakeh Steel,1050.0,1050.0,1028.0,1039.0,6315390743.0,6091727,503,D,1043.0,1033.0,19.38760901780873,19.38760901780873,18.981392447911787,19.184500732860258,19.258358291023335,19.07371439561563,116609834.78092626
2016-01-06,S*Mobarakeh Steel,1062.0,1062.0,1030.0,1041.0,9508927249.0,9132782,767,D,1039.0,1040.0,19.609181692297973,19.609181692297973,19.018321226993326,19.2214295119418,19.184500732860258,19.202965122401032,175576536.84038055
2016-01-09,S*Mobarakeh Steel,1050.0,1050.0,1011.0,1033.0,5215294630.0,5082694,570,D,1041.0,1012.0,19.38760901780873,19.38760901780873,18.667497825718687,19.07371439561563,19.2214295119418,18.685962215259465,96297231.6182071
2016-01-10,S*Mobarakeh Steel,1010.0,1020.0,998.0,1017.0,5223835609.0,5206855,575,D,1033.0,1001.0,18.649033436177923,18.833677331585626,18.42746076168868,18.77828416296332,19.07371439561563,18.48285393031098,96454935.5815226
2016-01-11,S*Mobarakeh Steel,1000.0,1030.0,1000.0,1015.0,4557478478.0,4502523,399,D,1017.0,1005.0,18.464389540770224,19.018321226993326,18.464389540770224,18.74135538388177,18.77828416296332,18.556711488474075,84151057.94146857
2016-01-12,S*Mobarakeh Steel,1010.0,1020.0,999.0,1004.0,7588938754.0,7577074,636,D,1015.0,1000.0,18.649033436177923,18.833677331585626,18.445925151229453,18.5382470989333,18.74135538388177,18.464389540770224,140125121.3549034
2016-01-13,S*Mobarakeh Steel,1001.0,1007.0,995.0,1001.0,7762374665.0,7761819,593,D,1004.0,1002.0,18.48285393031098,18.59364026755561,18.37206759306637,18.48285393031098,18.5382470989333,18.501318319851762,143327509.57596576
2016-01-16,S*Mobarakeh Steel,1019.0,1040.0,1003.0,1016.0,10094512273.0,9939689,799,D,1001.0,1024.0,18.815212942044848,19.202965122401032,18.519782709392526,18.759819773422542,18.48285393031098,18.907534889748707,186389006.83275777
2016-01-17,S*Mobarakeh Steel,1050.0,1059.0,1000.0,1016.0,15345719745.0,15096857,975,D,1016.0,1002.0,19.38760901780873,19.55378852367566,18.464389540770224,18.759819773422542,18.759819773422542,18.501318319851762,283349347.15516895
2016-01-18,S*Mobarakeh Steel,1000.0,1050.0,999.0,1025.0,7834470877.0,7618030,585,D,1016.0,1035.0,18.464389540770224,19.38760901780873,18.445925151229453,18.92599927928947,18.759819773422542,19.110643174697174,144658722.11874765
2016-01-19,S*Mobarakeh Steel,1035.0,1051.0,1029.0,1031.0,4885084198.0,4707453,439,D,1025.0,1033.0,19.110643174697174,19.4060734073495,18.99985683745255,19.036785616534093,18.92599927928947,19.07371439561563,90200097.57133307
2016-01-20,S*Mobarakeh Steel,1021.0,1060.0,1018.0,1038.0,6742764193.0,6468174,613,D,1031.0,1041.0,18.852141721126394,19.57225291321644,18.796748552504088,19.16603634331949,19.036785616534093,19.2214295119418,124501024.64110915
2016-01-23,S*Mobarakeh Steel,1056.0,1085.0,1056.0,1067.0,10069518688.0,9429664,779,D,1038.0,1084.0,19.49839535505335,20.03386265173569,19.49839535505335,19.701503640001828,19.16603634331949,20.01539826219492,185927515.54329747
2016-01-24,S*Mobarakeh Steel,1090.0,1120.0,1085.0,1119.0,62507248329.0,55876423,1726,D,1067.0,1120.0,20.126184599439537,20.680116285662653,20.03386265173569,20.661651896121878,19.701503640001828,20.680116285662653,1154158182.2683144
2016-01-25,S*Mobarakeh Steel,1174.0,1174.0,1168.0,1174.0,257738634236.0,219539914,4972,D,1119.0,1174.0,21.677193320864248,21.677193320864248,21.56640698361962,21.677193320864248,20.661651896121878,21.677193320864248,4758986542.239599
2016-01-26,S*Mobarakeh Steel,1219.0,1220.0,1175.0,1207.0,102434871254.0,84861629,4157,D,1174.0,1178.0,22.508090850198897,22.526555239739672,21.695657710405,22.286518175709656,21.677193320864248,21.75105087902733,1891397365.3925016
2016-01-27,S*Mobarakeh Steel,1200.0,1210.0,1147.0,1155.0,58271924233.0,50435885,2714,D,1207.0,1147.0,22.157267448924266,22.341911344331965,21.178654803263445,21.3263699195896,22.286518175709656,21.178654803263445,1075955508.3283594
2016-01-30,S*Mobarakeh Steel,1141.0,1199.0,1111.0,1149.0,44451926590.0,38673783,1983,D,1155.0,1125.0,21.067868466018815,22.138803059383495,20.513936779795717,21.21558358234498,21.3263699195896,20.772438233366493,820777688.3954817
2016-01-31,S*Mobarakeh Steel,1130.0,1158.0,1110.0,1134.0,27594816394.0,24342674,1387,D,1149.0,1130.0,20.864760181070345,21.381763088211912,20.495472390254935,20.938617739233433,21.21558358234498,20.864760181070345,509521439.20484805
2016-02-01,S*Mobarakeh Steel,1144.0,1190.0,1135.0,1180.0,96892378204.0,82136085,2983,D,1134.0,1190.0,21.123261634641132,21.972623553516563,20.9570821287742,21.787979658108853,20.938617739233433,21.972623553516563,1789058614.6902902
2016-02-02,S*Mobarakeh Steel,1239.0,1239.0,1201.0,1239.0,248124373102.0,200292727,4834,D,1180.0,1239.0,22.877378641014303,22.877378641014303,22.17573183846503,22.877378641014303,21.787979658108853,22.877378641014303,4581465079.514737
2016-02-03,S*Mobarakeh Steel,1275.0,1300.0,1250.0,1297.0,321222539521.0,247682646,7618,D,1239.0,1300.0,23.54209666448203,24.00370640300128,23.08048692596277,23.948313234378976,22.877378641014303,24.00370640300128,5931178098.9912
2016-02-06,S*Mobarakeh Steel,1320.0,1343.0,1278.0,1306.0,62686060579.0,47986438,3071,D,1297.0,1285.0,24.37299419381669,24.79767515325441,23.597489833104337,24.11449274024591,23.948313234378976,23.726740559889727,1157459841.3069758
2016-02-07,S*Mobarakeh Steel,1295.0,1340.0,1251.0,1290.0,94379626471.0,73182113,3938,D,1306.0,1268.0,23.91138445529744,24.74228198463209,23.09895131550354,23.81906250759359,24.11449274024591,23.412845937696638,1742662187.8729327
2016-02-08,S*Mobarakeh Steel,1295.0,1354.0,1251.0,1321.0,135102787455.0,102283592,6036,D,1290.0,1354.0,23.91138445529744,25.000783438202877,23.09895131550354,24.39145858335747,23.81906250759359,25.000783438202877,2494590495.613004
2016-02-09,S*Mobarakeh Steel,1387.0,1387.0,1320.0,1377.0,156051340536.0,113292438,4238,D,1321.0,1336.0,25.610108293048285,25.610108293048285,24.37299419381669,25.425464397640596,24.39145858335747,24.668424426469016,2881392740.01609
2016-02-10,S*Mobarakeh Steel,1336.0,1369.0,1309.0,1336.0,55892558105.0,41850966,2677,D,1377.0,1310.0,24.668424426469016,25.277749281314428,24.169885908868213,24.668424426469016,25.425464397640596,24.188350298408984,1032021965.2808536
2016-02-13,S*Mobarakeh Steel,1320.0,1320.0,1270.0,1277.0,38227264572.0,29931513,1581,D,1336.0,1270.0,24.37299419381669,24.37299419381669,23.449774716778172,23.579025443563577,24.668424426469016,23.449774716778172,705843104.1354926
2016-02-14,S*Mobarakeh Steel,1277.0,1289.0,1215.0,1255.0,44181696736.0,35207756,2076,D,1277.0,1250.0,23.579025443563577,23.80059811805281,22.434233292035813,23.17280887366663,23.579025443563577,23.08048692596277,815788059.10568
2016-02-15,S*Mobarakeh Steel,1286.0,1297.0,1260.0,1286.0,36927512566.0,28719396,1976,D,1255.0,1289.0,23.745204949430505,23.948313234378976,23.26513082137048,23.745204949430505,23.17280887366663,23.80059811805281,681843976.7903112
2016-02-16,S*Mobarakeh Steel,1309.0,1309.0,1238.0,1262.0,36805409411.0,29165062,1792,D,1286.0,1258.0,24.169885908868213,24.169885908868213,22.858914251473525,23.302059600452015,23.745204949430505,23.228202042288938,679589416.572234
2016-02-17,S*Mobarakeh Steel,1273.0,1325.0,1221.0,1318.0,107707979003.0,81726508,2520,D,1262.0,1325.0,23.505167885400486,24.46531614152055,22.545019629280436,24.33606541473515,23.302059600452015,24.46531614152055,1988762080.9604914
2016-02-20,S*Mobarakeh Steel,1358.0,1383.0,1270.0,1358.0,146806913659.0,108104917,5121,D,1318.0,1338.0,25.074640996365964,25.53625073488521,23.449774716778172,25.074640996365964,24.33606541473515,24.705353205550555,2710700041.0779967
2016-02-21,S*Mobarakeh Steel,1369.0,1376.0,1313.0,1353.0,77012742066.0,56930294,2047,D,1358.0,1338.0,25.277749281314428,25.407000008099818,24.243743467031297,24.982319048662102,25.074640996365964,24.705353205550555,1421993269.109485
2016-02-22,S*Mobarakeh Steel,1340.0,1381.0,1339.0,1355.0,43862803527.0,32372069,1991,D,1353.0,1351.0,24.74228198463209,25.499321955803676,24.72381759509132,25.01924782774364,24.982319048662102,24.94539026958056,809899890.6727978
2016-02-23,S*Mobarakeh Steel,1367.0,1367.0,1290.0,1335.0,83276874108.0,62376352,1775,D,1355.0,1339.0,25.240820502232893,25.240820502232893,23.81906250759359,24.649960036928242,25.01924782774364,24.72381759509132,1537656643.2677934
2016-02-24,S*Mobarakeh Steel,1339.0,1340.0,1295.0,1308.0,16932340835.0,12948025,924,D,1335.0,1295.0,24.72381759509132,24.74228198463209,23.91138445529744,24.151421519327446,24.649960036928242,23.91138445529744,312645337.0145305
2016-02-27,S*Mobarakeh Steel,1291.0,1339.0,1280.0,1306.0,23837702334.0,18245856,1222,D,1308.0,1294.0,23.837526897134357,24.72381759509132,23.634418612185886,24.11449274024591,24.151421519327446,23.892920065756662,440148621.6519035
2016-02-28,S*Mobarakeh Steel,1297.0,1317.0,1270.0,1284.0,20142190516.0,15691093,1060,D,1306.0,1271.0,23.948313234378976,24.31760102519437,23.449774716778172,23.708276170348956,24.11449274024591,23.46823910631895,371913251.8918316
2016-02-29,S*Mobarakeh Steel,1280.0,1309.0,1254.0,1286.0,47736418403.0,37120485,1356,D,1284.0,1267.0,23.634418612185886,24.169885908868213,23.154344484125854,23.745204949430505,23.708276170348956,23.394381548155874,881423824.6741844
2016-03-01,S*Mobarakeh Steel,1287.0,1296.0,1250.0,1264.0,21076862716.0,16671936,1244,D,1286.0,1250.0,23.763669338971276,23.929848844838205,23.08048692596277,23.338988379533564,23.745204949430505,23.08048692596277,389171403.4855601
2016-03-02,S*Mobarakeh Steel,1260.0,1264.0,1225.0,1247.0,29653405046.0,23774075,1030,D,1264.0,1241.0,23.26513082137048,23.338988379533564,22.61887718744352,23.025093757340464,23.338988379533564,22.91430742009585,547532021.9795852
2016-03-05,S*Mobarakeh Steel,1255.0,1298.0,1245.0,1267.0,47012419673.0,37113213,2226,D,1247.0,1260.0,23.17280887366663,23.966777623919757,22.988164978258926,23.394381548155874,23.025093757340464,23.26513082137048,868055630.0964411
2016-03-06,S*Mobarakeh Steel,1271.0,1290.0,1251.0,1262.0,36178885972.0,28669010,1533,D,1267.0,1259.0,23.46823910631895,23.81906250759359,23.09895131550354,23.302059600452015,23.394381548155874,23.24666643182971,668021043.7381151
2016-03-07,S*Mobarakeh Steel,1258.0,1269.0,1245.0,1261.0,43384403365.0,34399051,1833,D,1262.0,1262.0,23.228202042288938,23.43131032723741,22.988164978258926,23.28359521091124,23.302059600452015,23.302059600452015,801066523.7252623
2016-03-08,S*Mobarakeh Steel,1285.0,1324.0,1269.0,1318.0,407414472959.0,309032240,10276,D,1261.0,1324.0,23.726740559889727,24.446851751979764,23.43131032723741,24.33606541473515,23.28359521091124,24.446851751979764,7522659533.262568
2016-03-09,S*Mobarakeh Steel,1344.0,1383.0,1335.0,1374.0,186169594199.0,135527086,5690,D,1318.0,1383.0,24.81613954279517,25.53625073488521,24.649960036928242,25.37007122901828,24.33606541473515,25.53625073488521,3437507907.937453
2016-03-12,S*Mobarakeh Steel,1442.0,1442.0,1442.0,1442.0,99960476798.0,69320719,1649,D,1374.0,1442.0,26.625649717790665,26.625649717790665,26.625649717790665,26.625649717790665,25.37007122901828,26.625649717790665,1845709182.2793956
2016-03-14,S*Mobarakeh Steel,1514.0,1514.0,1481.0,1512.0,347915389619.0,230157722,7996,D,1442.0,1514.0,27.95508576472612,27.95508576472612,27.34576090988069,27.918156985644583,26.625649717790665,27.95508576472612,6424045281.154058
2016-03-15,S*Mobarakeh Steel,1519.0,1519.0,1437.0,1452.0,183129560281.0,126143639,6047,D,1512.0,1437.0,28.04740771242997,28.04740771242997,26.533327770086803,26.810293613198358,27.918156985644583,26.533327770086803,3381375537.458346
2016-03-16,S*Mobarakeh Steel,1440.0,1470.0,1380.0,1404.0,100284320788.0,71444636,4039,D,1452.0,1450.0,26.588720938709113,27.14265262493223,25.480857566262898,25.924002915241388,26.810293613198358,26.77336483411683,1851688763.8611934
2016-03-26,S*Mobarakeh Steel,1469.0,1474.0,1420.0,1474.0,121884651654.0,82707686,2111,D,1404.0,1474.0,27.124188235391454,27.21651018309531,26.219433147893717,27.21651018309531,25.924002915241388,27.21651018309531,2250525687.18054
2016-03-27,S*Mobarakeh Steel,1530.0,1540.0,1461.0,1505.0,108151216329.0,71864856,3552,D,1474.0,1515.0,28.250515997378443,28.43515989278613,26.976473119065297,27.78890625885919,27.21651018309531,27.97355015426687,1996946187.6067648
2016-03-28,S*Mobarakeh Steel,1523.0,1525.0,1460.0,1501.0,59144681165.0,39408328,2508,D,1505.0,1476.0,28.121265270593042,28.158194049674584,26.958008729524522,27.7150487006961,27.78890625885919,27.253438962176844,1092070432.2952156
2016-03-29,S*Mobarakeh Steel,1494.0,1494.0,1426.0,1442.0,62385327958.0,43250694,2700,D,1501.0,1455.0,27.58579797391071,27.58579797391071,26.33021948513834,26.625649717790665,27.7150487006961,26.865686781820667,1151906997.0452158
2016-03-30,S*Mobarakeh Steel,1450.0,1505.0,1410.0,1480.0,64829129647.0,43809882,2283,D,1442.0,1460.0,26.77336483411683,27.78890625885919,26.03478925248602,27.327296520339925,26.625649717790665,26.958008729524522,1197030303.391303
2016-04-02,S*Mobarakeh Steel,1480.0,1490.0,1420.0,1435.0,34621344092.0,24124207,1747,D,1480.0,1422.0,27.327296520339925,27.51194041574763,26.219433147893717,26.496398991005268,27.327296520339925,26.256361926975256,639261983.7397317
2016-04-03,S*Mobarakeh Steel,1440.0,1447.0,1364.0,1379.0,40629257273.0,29460493,2102,D,1435.0,1390.0,26.588720938709113,26.7179716654945,25.18542733361058,25.462393176722124,26.496398991005268,25.665501461670612,750194433.0408434
2016-04-04,S*Mobarakeh Steel,1398.0,1430.0,1390.0,1413.0,49043352302.0,34700087,1580,D,1379.0,1400.0,25.813216577996773,26.40407704330141,25.665501461670612,26.090182421108317,25.462393176722124,25.8501453570783,905555561.289358
2016-04-05,S*Mobarakeh Steel,1405.0,1440.0,1379.0,1412.0,59614676053.0,42226303,1649,D,1413.0,1390.0,25.942467304782156,26.588720938709113,25.462393176722124,26.071718031567553,26.090182421108317,25.665501461670612,1100748600.989418
2016-04-06,S*Mobarakeh Steel,1426.0,1426.0,1382.0,1401.0,46719482035.0,33351788,1756,D,1412.0,1385.0,26.33021948513834,26.33021948513834,25.51778634534445,25.86860974661908,26.071718031567553,25.573179513966746,862646715.4372561
2016-04-09,S*Mobarakeh Steel,1409.0,1438.0,1391.0,1409.0,29040442905.0,20616000,1469,D,1401.0,1408.0,26.016324862945236,26.551792159627578,25.68396585121137,26.016324862945236,25.86860974661908,25.997860473404465,536214050.234417
2016-04-10,S*Mobarakeh Steel,1409.0,1437.0,1380.0,1421.0,94181204694.0,66259319,1712,D,1409.0,1383.0,26.016324862945236,26.533327770086803,25.480857566262898,26.237897537434478,26.016324862945236,25.53625073488521,1738998450.8890326
2016-04-11,S*Mobarakeh Steel,1400.0,1422.0,1381.0,1401.0,27183880153.0,19403632,1369,D,1421.0,1408.0,25.8501453570783,26.256361926975256,25.499321955803676,25.86860974661908,26.237897537434478,25.997860473404465,501933752.3746042
2016-04-12,S*Mobarakeh Steel,1450.0,1467.0,1390.0,1416.0,151192820947.0,106771653,5929,D,1401.0,1390.0,26.77336483411683,27.08725945630991,25.665501461670612,26.14557558973063,25.86860974661908,25.665501461670612,2791683141.7333307
2016-04-13,S*Mobarakeh Steel,1420.0,1458.0,1346.0,1413.0,67991726034.0,48102035,1853,D,1416.0,1352.0,26.219433147893717,26.92107995044299,24.853068321876716,26.090182421108317,26.14557558973063,24.96385465912133,1255425715.0411038
2016-04-16,S*Mobarakeh Steel,1430.0,1434.0,1343.0,1365.0,31819705754.0,23312743,1197,D,1413.0,1343.0,26.40407704330141,26.477934601464494,24.79767515325441,25.20389172315135,26.090182421108317,24.79767515325441,587531442.1145436
2016-04-17,S*Mobarakeh Steel,1310.0,1390.0,1297.0,1352.0,34971412932.0,25866431,1692,D,1365.0,1362.0,24.188350298408984,25.665501461670612,23.948313234378976,24.96385465912133,25.20389172315135,25.148498554529045,645725791.1675774
2016-04-18,S*Mobarakeh Steel,1393.0,1419.0,1393.0,1416.0,25317173212.0,17883611,862,D,1352.0,1419.0,25.72089463029291,26.20096875835295,25.72089463029291,26.14557558973063,24.96385465912133,26.20096875835295,467466148.25752074
2016-04-19,S*Mobarakeh Steel,1486.0,1486.0,1431.0,1476.0,172688357854.0,117008305,5349,D,1416.0,1470.0,27.438082857584558,27.438082857584558,26.422541432842188,27.253438962176844,26.14557558973063,27.14265262493223,3188585108.572182
2016-04-20,S*Mobarakeh Steel,1475.0,1527.0,1430.0,1465.0,82390398502.0,56228054,3631,D,1476.0,1439.0,27.234974572636066,28.195122828756126,26.40407704330141,27.05033067722838,27.253438962176844,26.570256549168334,1521288412.360219
2016-04-23,S*Mobarakeh Steel,1476.0,1485.0,1413.0,1456.0,52294794066.0,35912985,1835,D,1465.0,1426.0,27.253438962176844,27.419618468043765,26.090182421108317,26.884151171361438,27.05033067722838,26.33021948513834,965591448.5889828
2016-04-24,S*Mobarakeh Steel,1440.0,1449.0,1403.0,1420.0,37704653436.0,26555605,1896,D,1456.0,1425.0,26.588720938709113,26.75490044457605,25.905538525700617,26.219433147893717,26.884151171361438,26.311755095597565,696193408.5420442
2016-04-25,S*Mobarakeh Steel,1422.0,1467.0,1422.0,1442.0,37558954663.0,26052523,1664,D,1420.0,1440.0,26.256361926975256,27.08725945630991,26.256361926975256,26.625649717790665,26.219433147893717,26.588720938709113,693503169.6417603
2016-04-26,S*Mobarakeh Steel,1425.0,1440.0,1399.0,1411.0,33919833628.0,24042726,1677,D,1442.0,1410.0,26.311755095597565,26.588720938709113,25.831680967537537,26.053253642026778,26.625649717790665,26.03478925248602,626309021.2655092
2016-04-27,S*Mobarakeh Steel,1429.0,1429.0,1381.0,1403.0,25062282622.0,17858226,1395,D,1411.0,1397.0,26.385612653760642,26.385612653760642,25.499321955803676,25.905538525700617,26.053253642026778,25.794752188456,462759749.11348414
2016-04-30,S*Mobarakeh Steel,1400.0,1432.0,1390.0,1408.0,27258601525.0,19363889,1224,D,1403.0,1397.0,25.8501453570783,26.441005822382948,25.665501461670612,25.997860473404465,25.905538525700617,25.794752188456,503313436.89423317
2016-05-01,S*Mobarakeh Steel,1400.0,1400.0,1369.0,1381.0,15712618073.0,11381171,1142,D,1408.0,1378.0,25.8501453570783,25.8501453570783,25.277749281314428,25.499321955803676,25.997860473404465,25.443928787181367,290123900.8052184
2016-05-02,S*Mobarakeh Steel,1380.0,1408.0,1369.0,1385.0,50363796041.0,36373070,2087,D,1381.0,1382.0,25.480857566262898,25.997860473404465,25.277749281314428,25.573179513966746,25.499321955803676,25.51778634534445,929936748.852925
2016-05-03,S*Mobarakeh Steel,1400.0,1400.0,1356.0,1377.0,21972373410.0,15961836,1239,D,1385.0,1357.0,25.8501453570783,25.8501453570783,25.037712217284408,25.425464397640596,25.573179513966746,25.056176606825186,405706461.77750176
2016-05-04,S*Mobarakeh Steel,1356.0,1404.0,1318.0,1359.0,77240012606.0,56848538,2476,D,1377.0,1330.0,25.037712217284408,25.924002915241388,24.33606541473515,25.093105385906735,25.425464397640596,24.55763808922439,1426189680.891186
2016-05-07,S*Mobarakeh Steel,1369.0,1389.0,1310.0,1360.0,51822305096.0,38099855,1698,D,1359.0,1340.0,25.277749281314428,25.647037072129837,24.188350298408984,25.1115697754475,25.093105385906735,24.74228198463209,956867228.1931856
2016-05-08,S*Mobarakeh Steel,1334.0,1389.0,1317.0,1351.0,46396707958.0,34333310,1441,D,1360.0,1320.0,24.63149564738747,25.647037072129837,24.31760102519437,24.94539026958056,25.1115697754475,24.37299419381669,856686889.1458654
2016-05-09,S*Mobarakeh Steel,1332.0,1369.0,1318.0,1336.0,27094842816.0,20285302,1382,D,1351.0,1320.0,24.59456686830593,25.277749281314428,24.33606541473515,24.668424426469016,24.94539026958056,24.37299419381669,500289732.30056345
2016-05-10,S*Mobarakeh Steel,1311.0,1376.0,1292.0,1340.0,61719409333.0,46056840,1998,D,1336.0,1319.0,24.206814687949755,25.407000008099818,23.855991286675117,24.74228198463209,24.668424426469016,24.35452980427592,1139611216.1507611
2016-05-11,S*Mobarakeh Steel,1330.0,1363.0,1286.0,1331.0,52784295287.0,39672408,1591,D,1340.0,1310.0,24.55763808922439,25.16696294406981,23.745204949430505,24.576102478765158,24.74228198463209,24.188350298408984,974629789.8142095
2016-05-14,S*Mobarakeh Steel,1319.0,1355.0,1312.0,1329.0,20162508784.0,15174689,1232,D,1331.0,1321.0,24.35452980427592,25.01924782774364,24.225279077490534,24.539173699683626,24.576102478765158,24.39145858335747,372288416.30697733
2016-05-15,S*Mobarakeh Steel,1310.0,1333.0,1290.0,1303.0,48133358520.0,36946392,2304,D,1329.0,1299.0,24.188350298408984,24.6130312578467,23.81906250759359,24.059099571623594,24.539173699683626,23.98524201346052,888753081.6188312
2016-05-16,S*Mobarakeh Steel,1300.0,1318.0,1275.0,1302.0,73483700394.0,56450414,2362,D,1303.0,1281.0,24.00370640300128,24.33606541473515,23.54209666448203,24.04063518208283,24.059099571623594,23.652883001726646,1356831668.972066
2016-05-17,S*Mobarakeh Steel,1277.0,1313.0,1275.0,1291.0,47487298916.0,36796283,1767,D,1302.0,1280.0,23.579025443563577,24.243743467031297,23.54209666448203,23.837526897134357,24.04063518208283,23.634418612185886,876823985.4240193
2016-05-18,S*Mobarakeh Steel,1292.0,1344.0,1292.0,1315.0,36569357877.0,27798861,1971,D,1291.0,1303.0,23.855991286675117,24.81613954279517,23.855991286675117,24.280672246112836,23.837526897134357,24.059099571623594,675230869.096762
2016-05-21,S*Mobarakeh Steel,1320.0,1328.0,1288.0,1301.0,24195790075.0,18595133,1446,D,1315.0,1300.0,24.37299419381669,24.520709310142852,23.782133728512047,24.02217079254206,24.280672246112836,24.00370640300128,446760493.1915019
2016-05-23,S*Mobarakeh Steel,1300.0,1300.0,1282.0,1293.0,39299249191.0,30400682,1460,D,1301.0,1285.0,24.00370640300128,24.00370640300128,23.67134739126742,23.874455676215888,24.02217079254206,23.726740559889727,725636645.7224228
2016-05-24,S*Mobarakeh Steel,1285.0,1289.0,1272.0,1280.0,23134567134.0,18077060,1250,D,1293.0,1273.0,23.726740559889727,23.80059811805281,23.486703495859725,23.634418612185886,23.874455676215888,23.505167885400486,427165659.4192761
2016-05-25,S*Mobarakeh Steel,1285.0,1318.0,1273.0,1300.0,42107703423.0,32397855,1401,D,1280.0,1287.0,23.726740559889727,24.33606541473515,23.505167885400486,24.00370640300128,23.634418612185886,23.763669338971276,777493038.6694957
2016-05-28,S*Mobarakeh Steel,1300.0,1301.0,1269.0,1282.0,14100974189.0,11001557,1024,D,1300.0,1271.0,24.00370640300128,24.02217079254206,23.43131032723741,23.67134739126742,24.00370640300128,23.46823910631895,260365880.3300424
2016-05-29,S*Mobarakeh Steel,1284.0,1294.0,1249.0,1272.0,60273749997.0,47400052,2096,D,1282.0,1251.0,23.708276170348956,23.892920065756662,23.062022536422,23.486703495859725,23.67134739126742,23.09895131550354,1112917999.0276058
2016-05-30,S*Mobarakeh Steel,1260.0,1280.0,1255.0,1270.0,11209135494.0,8824486,693,D,1272.0,1268.0,23.26513082137048,23.634418612185886,23.17280887366663,23.449774716778172,23.486703495859725,23.412845937696638,206969844.17648983
2016-05-31,S*Mobarakeh Steel,1262.0,1267.0,1241.0,1252.0,12567340965.0,10036850,681,D,1270.0,1241.0,23.302059600452015,23.394381548155874,22.91430742009585,23.117415705044316,23.449774716778172,22.91430742009585,232048279.0694391
2016-06-01,S*Mobarakeh Steel,1249.0,1269.0,1244.0,1251.0,17093844000.0,13666639,940,D,1252.0,1257.0,23.062022536422,23.43131032723741,22.969700588718155,23.09895131550354,23.117415705044316,23.209737652748167,315627394.3651578
2016-06-05,S*Mobarakeh Steel,1250.0,1269.0,1250.0,1264.0,29371091877.0,23243383,834,D,1251.0,1250.0,23.08048692596277,23.43131032723741,23.08048692596277,23.338988379533564,23.09895131550354,23.08048692596277,542319281.6546799
2016-06-06,S*Mobarakeh Steel,1241.0,1250.0,1230.0,1241.0,10238703160.0,8250318,816,D,1264.0,1242.0,22.91430742009585,23.08048692596277,22.711199135147375,22.91430742009585,23.338988379533564,22.932771809636616,189051403.53855503
2016-06-07,S*Mobarakeh Steel,1249.0,1249.0,1222.0,1230.0,9518280716.0,7738041,662,D,1241.0,1230.0,23.062022536422,23.062022536422,22.56348401882121,22.711199135147375,22.91430742009585,22.711199135147375,175749242.89862522
2016-06-08,S*Mobarakeh Steel,1230.0,1258.0,1206.0,1235.0,35037557134.0,28375943,1230,D,1230.0,1213.0,22.711199135147375,23.228202042288938,22.268053786168885,22.80352108285123,22.711199135147375,22.397304512954282,646947103.4791685
2016-06-11,S*Mobarakeh Steel,1221.0,1232.0,1174.0,1184.0,20069108126.0,16945926,1335,D,1235.0,1177.0,22.545019629280436,22.748127914228903,21.677193320864248,21.86183721627194,22.80352108285123,21.732586489486543,370563830.17430097
2016-06-12,S*Mobarakeh Steel,1185.0,1217.0,1158.0,1191.0,37001142235.0,31067939,1125,D,1184.0,1186.0,21.88030160581271,22.47116207111736,21.381763088211912,21.991087943057323,21.86183721627194,21.89876599535348,683203503.6804852
2016-06-13,S*Mobarakeh Steel,1182.0,1214.0,1160.0,1200.0,30721563101.0,25602779,678,D,1191.0,1185.0,21.824908437190395,22.415768902495056,21.418691867293454,22.157267448924266,21.991087943057323,21.88030160581271,567254908.3982166
2016-06-14,S*Mobarakeh Steel,1175.0,1212.0,1150.0,1200.0,49644722732.0,41357481,899,D,1200.0,1171.0,21.695657710405,22.37884012341351,21.234047971885758,22.157267448924266,22.157267448924266,21.621800152241928,916659499.1671785
2016-06-15,S*Mobarakeh Steel,1166.0,1187.0,1161.0,1174.0,9753416957.0,8310160,584,D,1200.0,1170.0,21.529478204538076,21.917230384894243,21.43715625683423,21.677193320864248,22.157267448924266,21.60333576270115,180090890.0476017
2016-06-18,S*Mobarakeh Steel,1180.0,1188.0,1136.0,1154.0,10119754586.0,8767860,826,D,1174.0,1136.0,21.787979658108853,21.93569477443502,20.975546518314978,21.307905530048828,21.677193320864248,20.975546518314978,186855090.73289987
2016-06-19,S*Mobarakeh Steel,1136.0,1177.0,1121.0,1163.0,23552739397.0,20255593,683,D,1154.0,1135.0,20.975546518314978,21.732586489486543,20.698580675203413,21.47408503591576,21.307905530048828,20.9570821287742,434886954.9784535
2016-06-20,S*Mobarakeh Steel,1123.0,1148.0,1120.0,1139.0,7103515917.0,6280591,492,D,1163.0,1130.0,20.73550945428496,21.197119192804212,20.680116285662653,21.030939686937273,21.47408503591576,20.864760181070345,131162085.0005496
2016-06-21,S*Mobarakeh Steel,1137.0,1189.0,1123.0,1152.0,37780998289.0,32791859,1554,D,1139.0,1189.0,20.994010907855746,21.954159163975792,20.73550945428496,21.270976750967293,21.030939686937273,21.954159163975792,697603069.647269
2016-06-22,S*Mobarakeh Steel,1189.0,1209.0,1180.0,1199.0,12679749540.0,10573181,597,D,1152.0,1209.0,21.954159163975792,22.32344695479119,21.787979658108853,22.138803059383495,21.270976750967293,22.32344695479119,234123834.78596202
2016-06-25,S*Mobarakeh Steel,1207.0,1210.0,1173.0,1201.0,30002891358.0,24972912,882,D,1199.0,1191.0,22.286518175709656,22.341911344331965,21.658728931323466,22.17573183846503,22.138803059383495,21.991087943057323,553985073.3835206
2016-06-26,S*Mobarakeh Steel,1208.0,1228.0,1170.0,1212.0,34776500545.0,28698079,1021,D,1201.0,1200.0,22.30498256525043,22.67427035606583,21.60333576270115,22.37884012341351,22.17573183846503,22.157267448924266,642126852.9276878
2016-06-28,S*Mobarakeh Steel,1221.0,1272.0,1220.0,1250.0,94812248428.0,75842801,1631,D,1212.0,1234.0,22.545019629280436,23.486703495859725,22.526555239739672,23.08048692596277,22.37884012341351,22.785056693310455,1750650288.2108705
2016-06-29,S*Mobarakeh Steel,1245.0,1259.0,1200.0,1242.0,51077063086.0,41121366,850,D,1250.0,1224.0,22.988164978258926,23.24666643182971,22.157267448924266,22.932771809636616,23.08048692596277,22.600412797902745,943106789.4183993
2016-07-02,S*Mobarakeh Steel,1235.0,1263.0,1230.0,1246.0,24307894556.0,19512994,1263,D,1242.0,1250.0,22.80352108285123,23.320523989992786,22.711199135147375,23.006629367799697,22.932771809636616,23.08048692596277,448830433.9979517
2016-07-03,S*Mobarakeh Steel,1251.0,1251.0,1231.0,1243.0,10492232681.0,8441623,618,D,1246.0,1231.0,23.09895131550354,23.09895131550354,22.729663524688142,22.951236199177387,23.006629367799697,22.729663524688142,193732671.3743839
2016-07-04,S*Mobarakeh Steel,1234.0,1267.0,1200.0,1247.0,34148331752.0,27391202,847,D,1243.0,1208.0,22.785056693310455,23.394381548155874,22.157267448924266,23.025093757340464,22.951236199177387,22.30498256525043,630528099.6363801
2016-07-05,S*Mobarakeh Steel,1215.0,1243.0,1201.0,1231.0,6651463437.0,5437415,381,D,1247.0,1216.0,22.434233292035813,22.951236199177387,22.17573183846503,22.729663524688142,23.025093757340464,22.452697681576584,122815211.91695833
2016-07-09,S*Mobarakeh Steel,1234.0,1244.0,1185.0,1210.0,17486387781.0,14452276,1023,D,1231.0,1190.0,22.785056693310455,22.969700588718155,21.88030160581271,22.341911344331965,22.729663524688142,21.972623553516563,322875475.6493485
2016-07-10,S*Mobarakeh Steel,1196.0,1250.0,1186.0,1229.0,31731488759.0,25817150,754,D,1210.0,1199.0,22.08340989076119,23.08048692596277,21.89876599535348,22.692734745606597,22.341911344331965,22.138803059383495,585902569.1547476
2016-07-11,S*Mobarakeh Steel,1203.0,1241.0,1189.0,1225.0,33482135505.0,27328910,692,D,1229.0,1200.0,22.21266061754657,22.91430742009585,21.954159163975792,22.61887718744352,22.692734745606597,22.157267448924266,618227192.6211731
2016-07-12,S*Mobarakeh Steel,1200.0,1237.0,1195.0,1225.0,30996839711.0,25296180,587,D,1225.0,1196.0,22.157267448924266,22.84044986193276,22.064945501220414,22.61887718744352,22.61887718744352,22.08340989076119,572337722.9567196
2016-07-13,S*Mobarakeh Steel,1210.0,1237.0,1190.0,1223.0,37467265403.0,30630656,838,D,1225.0,1210.0,22.341911344331965,22.84044986193276,21.972623553516563,22.581948408361978,22.61887718744352,22.341911344331965,691810183.4284153
2016-07-16,S*Mobarakeh Steel,1207.0,1251.0,1201.0,1236.0,40431667735.0,32713966,1688,D,1223.0,1241.0,22.286518175709656,23.09895131550354,22.17573183846503,22.821985472391997,22.581948408361978,22.91430742009585,746546062.8420308
2016-07-17,S*Mobarakeh Steel,1240.0,1290.0,1229.0,1262.0,69430455075.0,55033316,2298,D,1236.0,1270.0,22.89584303055507,23.81906250759359,22.692734745606597,23.302059600452015,22.821985472391997,23.449774716778172,1281990968.4977467
2016-07-23,S*Mobarakeh Steel,1260.0,1272.0,1253.0,1264.0,8643956614.0,6839933,256,D,1212.0,1264.0,24.224913446014476,24.455626907405094,24.090330593536613,24.301817933144683,23.302059600452022,24.301817933144683,166189762.54385266
2016-07-24,S*Mobarakeh Steel,1269.0,1327.0,1269.0,1316.0,126681257313.0,96241850,3854,D,1264.0,1327.0,24.397948542057435,25.513063605445396,24.397948542057435,25.301576265837337,24.301817933144683,25.513063605445396,2435589280.666437
2016-07-25,S*Mobarakeh Steel,1340.0,1367.0,1289.0,1325.0,43815144015.0,33079683,1895,D,1316.0,1318.0,25.763003188618562,26.28210847674745,24.782470977708456,25.474611361880307,25.301576265837337,25.34002850940244,842395294.7524079
2016-07-26,S*Mobarakeh Steel,1278.0,1329.0,1271.0,1303.0,30446307644.0,23357926,1402,D,1325.0,1286.0,24.57098363810039,25.551515849010507,24.43640078562254,25.05163668266417,25.474611361880307,24.724792612360805,585364418.5925627
2016-07-27,S*Mobarakeh Steel,1358.0,1358.0,1282.0,1320.0,78832915504.0,59720502,1486,D,1303.0,1286.0,26.109073380704494,26.109073380704494,24.647888125230597,25.378480752967544,25.05163668266417,24.724792612360805,1515651233.9534707
2016-07-31,S*Mobarakeh Steel,1297.0,1355.0,1297.0,1321.0,90074583928.0,68178685,3150,D,1320.0,1314.0,24.936279951968867,26.051395015356828,24.936279951968867,25.397706874750103,25.378480752967544,25.26312402227224,1731784920.1123543
2016-08-01,S*Mobarakeh Steel,1308.0,1312.0,1278.0,1307.0,76683977598.0,58668233,837,D,1321.0,1280.0,25.147767291576926,25.22467177870714,24.57098363810039,25.128541169794374,25.397706874750103,24.6094358816655,1474335492.0695732
2016-08-02,S*Mobarakeh Steel,1311.0,1330.0,1301.0,1314.0,40471606211.0,30806589,1614,D,1307.0,1310.0,25.20544565692458,25.57074197079305,25.013184439099074,25.26312402227224,25.128541169794374,25.18621953514203,778112029.7481402
2016-08-03,S*Mobarakeh Steel,1328.0,1338.0,1299.0,1319.0,17748020854.0,13460560,748,D,1314.0,1302.0,25.53228972722795,25.724550945053466,24.974732195533974,25.359254631184992,25.26312402227224,25.032410560881626,341225610.3382618
2016-08-06,S*Mobarakeh Steel,1305.0,1384.0,1300.0,1360.0,143070647951.0,105234217,5101,D,1319.0,1369.0,25.090088926229274,26.608952547050816,24.993958317316515,26.14752562426959,25.359254631184992,26.320560720312546,2750693701.0144305
2016-08-07,S*Mobarakeh Steel,1370.0,1407.0,1337.0,1360.0,71158512493.0,52320497,1784,D,1360.0,1337.0,26.33978684209509,27.05115334804949,25.705324823270914,26.14752562426959,26.14752562426959,25.705324823270914,1368102227.0556068
2016-08-08,S*Mobarakeh Steel,1347.0,1347.0,1317.0,1327.0,9979654897.0,7519416,582,D,1360.0,1330.0,25.897586041096435,25.897586041096435,25.32080238761988,25.513063605445396,26.14752562426959,25.57074197079305,191870060.39755514
2016-08-09,S*Mobarakeh Steel,1337.0,1350.0,1330.0,1341.0,10972947852.0,8180324,591,D,1327.0,1331.0,25.705324823270914,25.955264406444076,25.57074197079305,25.782229310401117,25.513063605445396,25.589968092575603,210967231.71613526
2016-08-10,S*Mobarakeh Steel,1340.0,1345.0,1308.0,1319.0,11140249643.0,8444785,735,D,1341.0,1312.0,25.763003188618562,25.85913379753132,25.147767291576926,25.359254631184992,25.782229310401117,25.22467177870714,214183796.32434013
2016-08-13,S*Mobarakeh Steel,1319.0,1344.0,1296.0,1314.0,34319613025.0,26114978,1174,D,1319.0,1300.0,25.359254631184992,25.839907675748766,24.917053830186315,25.26312402227224,25.359254631184992,24.993958317316515,659833059.5486792
2016-08-14,S*Mobarakeh Steel,1311.0,1320.0,1300.0,1309.0,6659930673.0,5097859,532,D,1314.0,1302.0,25.20544565692458,25.378480752967544,24.993958317316515,25.166993413359474,25.26312402227224,25.032410560881626,128044638.18244599
2016-08-15,S*Mobarakeh Steel,1301.0,1310.0,1290.0,1299.0,8631998734.0,6653039,458,D,1309.0,1294.0,25.013184439099074,25.18621953514203,24.801697099491015,24.974732195533974,25.166993413359474,24.878601586621212,165959858.8867115
2016-08-16,S*Mobarakeh Steel,1290.0,1329.0,1280.0,1308.0,18229485277.0,13937942,688,D,1299.0,1328.0,24.801697099491015,25.551515849010507,24.6094358816655,25.147767291576926,24.974732195533974,25.53228972722795,350482303.9688256
2016-08-17,S*Mobarakeh Steel,1299.0,1310.0,1287.0,1302.0,4693684109.0,3623463,314,D,1308.0,1300.0,24.974732195533974,25.18621953514203,24.744018734143356,25.032410560881626,25.147767291576926,24.993958317316515,90241342.28845918
2016-08-20,S*Mobarakeh Steel,1290.0,1296.0,1282.0,1295.0,4575705403.0,3557084,347,D,1302.0,1286.0,24.801697099491015,24.917053830186315,24.647888125230597,24.89782770840377,25.032410560881626,24.724792612360805,87973069.3191554
2016-08-21,S*Mobarakeh Steel,1285.0,1307.0,1260.0,1294.0,28229966247.0,21814619,612,D,1295.0,1285.0,24.705566490578246,25.128541169794374,24.224913446014476,24.878601586621212,24.89782770840377,24.705566490578246,542752768.9821311
2016-08-22,S*Mobarakeh Steel,1288.0,1288.0,1261.0,1277.0,6304152357.0,4971680,468,D,1294.0,1265.0,24.763244855925908,24.763244855925908,24.244139567797017,24.55175751631785,24.878601586621212,24.32104405492723,121204400.951439
2016-08-23,S*Mobarakeh Steel,1261.0,1285.0,1260.0,1270.0,9652166731.0,7601229,459,D,1277.0,1261.0,24.244139567797017,24.705566490578246,24.224913446014476,24.417174663839976,24.55175751631785,24.244139567797017,185573733.03569478
2016-08-24,S*Mobarakeh Steel,1260.0,1290.0,1259.0,1280.0,25439567385.0,19877898,514,D,1270.0,1260.0,24.224913446014476,24.801697099491015,24.205687324231924,24.6094358816655,24.417174663839976,24.224913446014476,489104220.6394268
2016-08-27,S*Mobarakeh Steel,1262.0,1263.0,1242.0,1249.0,12651746529.0,10128196,560,D,1280.0,1250.0,24.263365689579572,24.282591811362124,23.878843253928554,24.013426106406406,24.6094358816655,24.032652228188958,243244019.52852303
2016-08-28,S*Mobarakeh Steel,1249.0,1249.0,1200.0,1214.0,17223546199.0,14190313,946,D,1249.0,1215.0,24.013426106406406,24.013426106406406,23.071346139061404,23.34051184401713,24.013426106406406,23.359737965799667,331141996.74937034
2016-08-29,S*Mobarakeh Steel,1201.0,1246.0,1200.0,1225.0,15355313240.0,12536296,654,D,1214.0,1222.0,23.09057226084395,23.955747741058758,23.071346139061404,23.55199918362518,23.34051184401713,23.49432081827753,295223122.36146027
2016-08-30,S*Mobarakeh Steel,1240.0,1250.0,1213.0,1241.0,9428110056.0,7591622,459,D,1225.0,1249.0,23.840391010363447,24.032652228188958,23.321285722234574,23.859617132146006,23.55199918362518,24.013426106406406,181265992.11595136
2016-08-31,S*Mobarakeh Steel,1250.0,1250.0,1216.0,1231.0,6873394951.0,5601965,343,D,1241.0,1216.0,24.032652228188958,24.032652228188958,23.37896408758222,23.667355914320492,23.859617132146006,23.37896408758222,132148728.3874983
2016-09-03,S*Mobarakeh Steel,1220.0,1238.0,1194.0,1209.0,10057012560.0,8319975,490,D,1231.0,1200.0,23.45586857471243,23.80193876679834,22.955989408366086,23.24438123510436,23.667355914320492,23.071346139061404,193357348.2472067
2016-09-04,S*Mobarakeh Steel,1210.0,1210.0,1177.0,1187.0,8731285845.0,7371136,530,D,1209.0,1181.0,23.263607356886915,23.263607356886915,22.62914533806272,22.821406555888228,23.24438123510436,22.70604982519293,167868764.9742352
2016-09-05,S*Mobarakeh Steel,1198.0,1199.0,1187.0,1191.0,29739982164.0,24969211,933,D,1187.0,1190.0,23.0328938954963,23.052120017278853,22.821406555888228,22.898311043018435,22.821406555888228,22.879084921235894,571784518.8959635
2016-09-06,S*Mobarakeh Steel,1198.0,1198.0,1182.0,1191.0,4629379005.0,3889842,400,D,1191.0,1188.0,23.0328938954963,23.0328938954963,22.725275946975476,22.898311043018435,22.898311043018435,22.84063267767079,89005004.52771556
2016-09-07,S*Mobarakeh Steel,1190.0,1201.0,1189.0,1192.0,5366180474.0,4495904,374,D,1191.0,1201.0,22.879084921235894,23.09057226084395,22.85985879945334,22.917537164800997,22.898311043018435,23.09057226084395,103170839.30027217
2016-09-10,S*Mobarakeh Steel,1200.0,1214.0,1181.0,1204.0,13840996798.0,11499595,576,D,1192.0,1200.0,23.071346139061404,23.34051184401713,22.70604982519293,23.14825062619161,22.917537164800997,23.071346139061404,266108690.0302488
2016-09-11,S*Mobarakeh Steel,1212.0,1212.0,1189.0,1201.0,4083140910.0,3412007,321,D,1204.0,1196.0,23.302059600452022,23.302059600452022,22.85985879945334,23.09057226084395,23.14825062619161,22.994441651931204,78502964.39097682
2016-09-13,S*Mobarakeh Steel,1193.0,1204.0,1185.0,1198.0,4101052188.0,3438521,251,D,1201.0,1185.0,22.936763286583542,23.14825062619161,22.782954312323135,23.0328938954963,23.09057226084395,22.782954312323135,78847328.80308592
2016-09-14,S*Mobarakeh Steel,1181.0,1210.0,1180.0,1194.0,7999853109.0,6708450,420,D,1198.0,1190.0,22.70604982519293,23.263607356886915,22.686823703410372,22.955989408366086,23.0328938954963,22.879084921235894,153806150.11615464
2016-09-17,S*Mobarakeh Steel,1182.0,1199.0,1180.0,1188.0,4671336062.0,3951666,324,D,1194.0,1185.0,22.725275946975476,23.052120017278853,22.686823703410372,22.84063267767079,22.955989408366086,22.782954312323135,89811676.015235
2016-09-18,S*Mobarakeh Steel,1181.0,1195.0,1175.0,1180.0,13199026733.0,11182391,649,D,1188.0,1175.0,22.70604982519293,22.97521553014865,22.590693094497617,22.686823703410372,22.84063267767079,22.590693094497617,253766095.37980646
2016-09-19,S*Mobarakeh Steel,1174.0,1191.0,1174.0,1181.0,3096623355.0,2619738,274,D,1180.0,1182.0,22.571466972715083,22.898311043018435,22.571466972715083,22.70604982519293,22.686823703410372,22.725275946975476,59536057.737922184
2016-09-21,S*Mobarakeh Steel,1185.0,1196.0,1180.0,1183.0,5729125990.0,4834792,448,D,1181.0,1188.0,22.782954312323135,22.994441651931204,22.686823703410372,22.744502068758035,22.70604982519293,22.84063267767079,110148873.99131903
2016-09-24,S*Mobarakeh Steel,1190.0,1207.0,1190.0,1196.0,7730282144.0,6439227,572,D,1183.0,1201.0,22.879084921235894,23.205928991539263,22.879084921235894,22.994441651931204,22.744502068758035,23.09057226084395,148623345.9140247
2016-09-25,S*Mobarakeh Steel,1202.0,1207.0,1184.0,1195.0,7933661140.0,6641359,624,D,1196.0,1184.0,23.109798382626504,23.205928991539263,22.763728190540583,22.97521553014865,22.994441651931204,22.763728190540583,152533535.25913373
2016-09-26,S*Mobarakeh Steel,1186.0,1194.0,1185.0,1191.0,5899840726.0,4962365,388,D,1195.0,1193.0,22.802180434105686,22.955989408366086,22.782954312323135,22.898311043018435,22.97521553014865,22.936763286583542,113431056.29573114
2016-09-27,S*Mobarakeh Steel,1199.0,1241.0,1193.0,1222.0,21065262450.0,17237913,1143,D,1191.0,1231.0,23.052120017278853,23.859617132146006,22.936763286583542,23.49432081827753,22.898311043018435,23.667355914320492,405003301.24510217
2016-09-28,S*Mobarakeh Steel,1230.0,1260.0,1218.0,1242.0,10689073337.0,8603062,794,D,1222.0,1225.0,23.648129792537944,24.224913446014476,23.417416331147322,23.878843253928554,23.49432081827753,23.55199918362518,205509425.71978262
2016-10-01,S*Mobarakeh Steel,1247.0,1251.0,1220.0,1240.0,6034242811.0,4871618,522,D,1242.0,1228.0,23.97497386284131,24.05187834997151,23.45586857471243,23.840391010363447,23.878843253928554,23.609677548972837,116015087.14976987
2016-10-02,S*Mobarakeh Steel,1236.0,1239.0,1199.0,1212.0,8695156237.0,7191190,578,D,1240.0,1201.0,23.76348652323325,23.8211648885809,23.052120017278853,23.302059600452022,23.840391010363447,23.09057226084395,167174132.73087132
2016-10-03,S*Mobarakeh Steel,1201.0,1216.0,1182.0,1194.0,14082167273.0,11797840,950,D,1212.0,1186.0,23.09057226084395,23.37896408758222,22.725275946975476,22.955989408366086,23.302059600452022,22.802180434105686,270745462.95295453
2016-10-04,S*Mobarakeh Steel,1192.0,1207.0,1192.0,1197.0,9366464814.0,7824366,607,D,1194.0,1195.0,22.917537164800997,23.205928991539263,22.917537164800997,23.01366777371375,22.955989408366086,22.97521553014865,180080793.1859444
2016-10-05,S*Mobarakeh Steel,1200.0,1209.0,1181.0,1191.0,8609918421.0,7236619,690,D,1197.0,1184.0,23.071346139061404,23.24438123510436,22.70604982519293,22.898311043018435,23.01366777371375,22.763728190540583,165535340.0999767
2016-10-08,S*Mobarakeh Steel,1186.0,1205.0,1186.0,1193.0,4237630954.0,3542811,396,D,1191.0,1195.0,22.802180434105686,23.167476747974163,22.802180434105686,22.936763286583542,22.898311043018435,22.97521553014865,81473208.7911125
2016-10-09,S*Mobarakeh Steel,1192.0,1235.0,1192.0,1220.0,12452653900.0,10204486,786,D,1193.0,1222.0,22.917537164800997,23.744260401450703,22.917537164800997,23.45586857471243,22.936763286583542,23.49432081827753,239416240.3973607
2016-10-10,S*Mobarakeh Steel,1220.0,1230.0,1210.0,1219.0,5708076705.0,4682229,379,D,1220.0,1220.0,23.45586857471243,23.648129792537944,23.263607356886915,23.436642452929874,23.45586857471243,23.45586857471243,109744177.8744734
2016-10-15,S*Mobarakeh Steel,1230.0,1246.0,1219.0,1231.0,9750944523.0,7919203,616,D,1219.0,1231.0,23.648129792537944,23.955747741058758,23.436642452929874,23.667355914320492,23.436642452929874,23.667355914320492,187472846.89409828
2016-10-16,S*Mobarakeh Steel,1221.0,1240.0,1210.0,1218.0,7806620939.0,6427343,384,D,1231.0,1210.0,23.475094696494974,23.840391010363447,23.263607356886915,23.417416331147322,23.667355914320492,23.263607356886915,150091044.883428
2016-10-17,S*Mobarakeh Steel,1230.0,1230.0,1210.0,1221.0,32053926471.0,26259852,546,D,1218.0,1230.0,23.648129792537944,23.648129792537944,23.263607356886915,23.475094696494974,23.417416331147322,23.648129792537944,616272693.9403865
2016-10-18,S*Mobarakeh Steel,1230.0,1230.0,1200.0,1211.0,11487501751.0,9484745,588,D,1221.0,1200.0,23.648129792537944,23.648129792537944,23.071346139061404,23.282833478669463,23.475094696494974,23.071346139061404,220860107.64199582
2016-10-19,S*Mobarakeh Steel,1220.0,1238.0,1210.0,1223.0,23100335936.0,18894200,1165,D,1211.0,1229.0,23.45586857471243,23.80193876679834,23.263607356886915,23.513546940060078,23.282833478669463,23.628903670755385,444129871.92337924
2016-10-22,S*Mobarakeh Steel,1240.0,1250.0,1227.0,1242.0,10885453538.0,8764455,749,D,1223.0,1239.0,23.840391010363447,24.032652228188958,23.59045142719029,23.878843253928554,23.513546940060078,23.8211648885809,209285055.37989047
2016-10-23,S*Mobarakeh Steel,1244.0,1244.0,1212.0,1233.0,8938661228.0,7257243,506,D,1242.0,1223.0,23.917295497493654,23.917295497493654,23.302059600452022,23.70580815788558,23.878843253928554,23.513546940060078,171855789.34249637
2016-10-24,S*Mobarakeh Steel,1233.0,1238.0,1211.0,1221.0,11455781214.0,9380587,588,D,1233.0,1214.0,23.70580815788558,23.80193876679834,23.282833478669463,23.475094696494974,23.70580815788558,23.34051184401713,220250244.73462582
2016-10-25,S*Mobarakeh Steel,1228.0,1280.0,1228.0,1254.0,35528248617.0,28328055,1585,D,1221.0,1254.0,23.609677548972837,24.6094358816655,23.609677548972837,24.109556715319165,23.475094696494974,24.109556715319165,683070434.6311972
2016-10-26,S*Mobarakeh Steel,1253.0,1316.0,1250.0,1306.0,108860215203.0,83347900,3568,D,1254.0,1316.0,24.090330593536613,25.301576265837337,24.032652228188958,25.10931504801183,24.109556715319165,25.301576265837337,2092959754.7676065
2016-10-29,S*Mobarakeh Steel,1326.0,1371.0,1326.0,1359.0,64119185431.0,47184271,2882,D,1306.0,1331.0,25.49383748366285,26.359012963877653,25.49383748366285,26.128299502487046,25.10931504801183,25.589968092575603,1232763267.6943867
2016-10-30,S*Mobarakeh Steel,1339.0,1339.0,1301.0,1310.0,21579350607.0,16473448,1332,D,1359.0,1310.0,25.74377706683601,25.74377706683601,25.013184439099074,25.18621953514203,26.128299502487046,25.18621953514203,414887222.7585515
2016-10-31,S*Mobarakeh Steel,1306.0,1329.0,1286.0,1299.0,34583636094.0,26623243,1489,D,1310.0,1300.0,25.10931504801183,25.551515849010507,24.724792612360805,24.974732195533974,25.18621953514203,24.993958317316515,664909199.2266762
2016-11-01,S*Mobarakeh Steel,1308.0,1315.0,1269.0,1295.0,27359035289.0,21123121,1192,D,1299.0,1270.0,25.147767291576926,25.282350144054785,24.397948542057435,24.89782770840377,24.974732195533974,24.417174663839976,526008144.319429
2016-11-02,S*Mobarakeh Steel,1290.0,1302.0,1285.0,1294.0,8776130217.0,6781734,540,D,1295.0,1292.0,24.801697099491015,25.032410560881626,24.705566490578246,24.878601586621212,24.89782770840377,24.840149343056105,168730948.33156922
2016-11-05,S*Mobarakeh Steel,1283.0,1300.0,1270.0,1282.0,8761907127.0,6840888,595,D,1294.0,1278.0,24.667114247013153,24.993958317316515,24.417174663839976,24.647888125230597,24.878601586621212,24.57098363810039,168457493.47110504
2016-11-06,S*Mobarakeh Steel,1280.0,1297.0,1268.0,1282.0,9402653702.0,7336643,537,D,1282.0,1297.0,24.6094358816655,24.936279951968867,24.378722420274883,24.647888125230597,24.647888125230597,24.936279951968867,180776565.1538076
2016-11-07,S*Mobarakeh Steel,1295.0,1339.0,1295.0,1319.0,22356986388.0,16951393,1104,D,1282.0,1332.0,24.89782770840377,25.74377706683601,24.89782770840377,25.359254631184992,24.647888125230597,25.609194214358155,429838142.98652667
2016-11-08,S*Mobarakeh Steel,1339.0,1376.0,1330.0,1355.0,69972615530.0,51644605,2172,D,1319.0,1369.0,25.74377706683601,26.455143572790405,25.57074197079305,26.051395015356828,25.359254631184992,26.320560720312546,1345302027.6234112
2016-11-09,S*Mobarakeh Steel,1296.0,1350.0,1288.0,1305.0,63349443788.0,48545271,2152,D,1355.0,1340.0,24.917053830186315,25.955264406444076,24.763244855925908,25.090088926229274,26.051395015356828,25.763003188618562,1217964121.124968
2016-11-12,S*Mobarakeh Steel,1369.0,1370.0,1352.0,1369.0,218734334335.0,159801816,5421,D,1305.0,1370.0,26.320560720312546,26.33978684209509,25.993716650009176,26.320560720312546,25.090088926229274,26.33978684209509,4205412949.949974
2016-11-13,S*Mobarakeh Steel,1380.0,1380.0,1332.0,1356.0,30508897372.0,22493564,1338,D,1369.0,1350.0,26.53204805992061,26.53204805992061,25.609194214358155,26.070621137139376,26.320560720312546,25.955264406444076,586567776.3254274
2016-11-14,S*Mobarakeh Steel,1344.0,1359.0,1331.0,1343.0,32089107087.0,23887201,1221,D,1356.0,1340.0,25.839907675748766,26.128299502487046,25.589968092575603,25.820681553966224,26.070621137139376,25.763003188618562,616949080.7479877
2016-11-15,S*Mobarakeh Steel,1342.0,1357.0,1311.0,1321.0,15394378620.0,11654804,694,D,1343.0,1316.0,25.80145543218367,26.089847258921935,25.20544565692458,25.397706874750103,25.820681553966224,25.301576265837337,295974198.11482203
2016-11-16,S*Mobarakeh Steel,1310.0,1325.0,1291.0,1302.0,16414909384.0,12604097,727,D,1321.0,1291.0,25.18621953514203,25.474611361880307,24.820923221273564,25.032410560881626,25.397706874750103,24.820923221273564,315595046.86632586
2016-11-19,S*Mobarakeh Steel,1300.0,1333.0,1281.0,1304.0,16589660753.0,12719442,782,D,1302.0,1328.0,24.993958317316515,25.628420336140707,24.628662003448042,25.070862804446726,25.032410560881626,25.53228972722795,318954837.9683874
2016-11-21,S*Mobarakeh Steel,1320.0,1332.0,1300.0,1309.0,5980547825.0,4557368,365,D,1304.0,1309.0,25.378480752967544,25.609194214358155,24.993958317316515,25.166993413359474,25.070862804446726,25.166993413359474,114982740.80982158
2016-11-22,S*Mobarakeh Steel,1311.0,1329.0,1309.0,1314.0,10422311879.0,7933064,526,D,1309.0,1320.0,25.20544565692458,25.551515849010507,25.166993413359474,25.26312402227224,25.166993413359474,25.378480752967544,200380637.44138375
2016-11-23,S*Mobarakeh Steel,1319.0,1321.0,1304.0,1313.0,11447761679.0,8720436,569,D,1314.0,1305.0,25.359254631184992,25.397706874750103,25.070862804446726,25.243897900489685,25.26312402227224,25.090088926229274,220096060.17807642
2016-11-26,S*Mobarakeh Steel,1320.0,1350.0,1310.0,1330.0,16357042917.0,12294168,692,D,1313.0,1312.0,25.378480752967544,25.955264406444076,25.18621953514203,25.57074197079305,25.243897900489685,25.22467177870714,314482499.124658
2016-11-27,S*Mobarakeh Steel,1329.0,1330.0,1310.0,1318.0,9525353310.0,7232114,368,D,1330.0,1320.0,25.551515849010507,25.57074197079305,25.18621953514203,25.34002850940244,25.57074197079305,25.378480752967544,183135602.75988686
2016-11-29,S*Mobarakeh Steel,1307.0,1360.0,1307.0,1337.0,22214970170.0,16611761,996,D,1318.0,1360.0,25.128541169794374,26.14752562426959,25.128541169794374,25.705324823270914,25.34002850940244,26.14752562426959,427107721.8841615
2016-12-03,S*Mobarakeh Steel,1327.0,1348.0,1310.0,1323.0,16053341954.0,12130998,851,D,1337.0,1331.0,25.513063605445396,25.916812162878983,25.18621953514203,25.436159118315196,25.705324823270914,25.589968092575603,308643507.424542
2016-12-04,S*Mobarakeh Steel,1331.0,1360.0,1324.0,1347.0,37049070513.0,27511836,1273,D,1323.0,1345.0,25.589968092575603,26.14752562426959,25.45538524009774,25.897586041096435,25.436159118315196,25.85913379753132,712309941.6132637
2016-12-05,S*Mobarakeh Steel,1365.0,1402.0,1358.0,1387.0,117887255597.0,85008765,3962,D,1347.0,1390.0,26.243656233182346,26.955022739136737,26.109073380704494,26.66663091239846,25.897586041096435,26.72430927774613,2266514732.7186594
2016-12-06,S*Mobarakeh Steel,1400.0,1456.0,1385.0,1439.0,234135825611.0,162692651,6651,D,1387.0,1412.0,26.91657049557163,27.9932333153945,26.62817866883336,27.66638924509112,26.66663091239846,27.147283956962255,4501523896.855249
2016-12-07,S*Mobarakeh Steel,1414.0,1470.0,1410.0,1448.0,101970679815.0,70418126,3344,D,1439.0,1444.0,27.18573620052735,28.262399020350223,27.108831713397162,27.839424341134098,27.66638924509112,27.76251985400389,1960500708.372722
2016-12-10,S*Mobarakeh Steel,1441.0,1441.0,1399.0,1411.0,27142627528.0,19231114,1347,D,1448.0,1400.0,27.704841488656243,27.704841488656243,26.897344373789085,27.128057835179696,27.839424341134098,26.91657049557163,521847462.35175365
2016-12-11,S*Mobarakeh Steel,1396.0,1400.0,1378.0,1391.0,17850939274.0,12830063,849,D,1411.0,1394.0,26.83966600844144,26.91657049557163,26.493595816355516,26.743535399528668,27.128057835179696,26.801213764876316,343204332.4148494
2016-12-12,S*Mobarakeh Steel,1400.0,1424.0,1385.0,1403.0,17663290233.0,12592333,826,D,1391.0,1397.0,26.91657049557163,27.377997418352862,26.62817866883336,26.97424886091929,26.743535399528668,26.858892130223985,339596569.10020465
2016-12-13,S*Mobarakeh Steel,1390.0,1410.0,1390.0,1399.0,9385225752.0,6710011,477,D,1403.0,1397.0,26.72430927774613,27.108831713397162,26.72430927774613,26.897344373789085,26.97424886091929,26.858892130223985,180441493.2646874
2016-12-14,S*Mobarakeh Steel,1390.0,1438.0,1382.0,1418.0,35320768868.0,24915880,993,D,1399.0,1420.0,26.72430927774613,27.647163123308584,26.570500303485723,27.262640687657555,26.897344373789085,27.301092931222666,679081403.70951
2016-12-18,S*Mobarakeh Steel,1408.0,1448.0,1404.0,1426.0,19954117372.0,13992421,841,D,1418.0,1410.0,27.07037946983204,27.839424341134098,26.99347498270184,27.416449661917973,27.262640687657555,27.108831713397162,383640290.6573917
2016-12-19,S*Mobarakeh Steel,1428.0,1429.0,1391.0,1406.0,13115992114.0,9331849,569,D,1426.0,1419.0,27.45490190548307,27.474128027265618,26.743535399528668,27.03192722626695,27.416449661917973,27.281866809440118,252169661.6827447
2016-12-20,S*Mobarakeh Steel,1400.0,1413.0,1384.0,1395.0,19873122646.0,14249311,830,D,1406.0,1402.0,26.91657049557163,27.1665100787448,26.608952547050816,26.82043988665888,27.03192722626695,26.955022739136737,382083076.19157153
2016-12-21,S*Mobarakeh Steel,1382.0,1419.0,1382.0,1400.0,8664566802.0,6186715,389,D,1395.0,1411.0,26.570500303485723,27.281866809440118,26.570500303485723,26.91657049557163,26.82043988665888,27.128057835179696,166586016.52830192
2016-12-24,S*Mobarakeh Steel,1398.0,1404.0,1385.0,1398.0,7378431819.0,5281105,424,D,1400.0,1385.0,26.87811825200654,26.99347498270184,26.62817866883336,26.87811825200654,26.91657049557163,26.62817866883336,141858628.7163446
2016-12-25,S*Mobarakeh Steel,1391.0,1398.0,1377.0,1382.0,14059996569.0,10173483,635,D,1398.0,1382.0,26.743535399528668,26.87811825200654,26.474369694572964,26.570500303485723,26.87811825200654,26.570500303485723,270319206.29784554
2016-12-26,S*Mobarakeh Steel,1390.0,1411.0,1386.0,1399.0,30671548643.0,21928570,1021,D,1382.0,1410.0,26.72430927774613,27.128057835179696,26.64740479061592,26.897344373789085,26.570500303485723,27.108831713397162,589694929.4697602
2016-12-27,S*Mobarakeh Steel,1407.0,1409.0,1377.0,1385.0,22662537045.0,16364490,849,D,1399.0,1381.0,27.05115334804949,27.089605591614593,26.474369694572964,26.62817866883336,26.897344373789085,26.551274181703167,435712697.1287473
2016-12-28,S*Mobarakeh Steel,1380.0,1382.0,1362.0,1372.0,16640196105.0,12129871,707,D,1385.0,1365.0,26.53204805992061,26.570500303485723,26.185977867834698,26.378239085660198,26.62817866883336,26.243656233182346,319926436.8002637
2016-12-31,S*Mobarakeh Steel,1360.0,1377.0,1352.0,1361.0,11904268966.0,8745289,507,D,1372.0,1358.0,26.14752562426959,26.474369694572964,25.993716650009176,26.166751746052135,26.378239085660198,26.109073380704494,228872924.87256044
2017-01-01,S*Mobarakeh Steel,1360.0,1360.0,1340.0,1349.0,12451696707.0,9231106,622,D,1361.0,1346.0,26.14752562426959,26.14752562426959,25.763003188618562,25.936038284661535,26.166751746052135,25.878359919313873,239397837.28817335
2017-01-02,S*Mobarakeh Steel,1348.0,1397.0,1345.0,1367.0,23475335941.0,17175228,768,D,1349.0,1380.0,25.916812162878983,26.858892130223985,25.85913379753132,26.28210847674745,25.936038284661535,26.53204805992061,451339667.68796635
2017-01-03,S*Mobarakeh Steel,1367.0,1385.0,1355.0,1368.0,13488053388.0,9856959,470,D,1367.0,1370.0,26.28210847674745,26.62817866883336,26.051395015356828,26.301334598529994,26.28210847674745,26.33978684209509,259322957.04723984
2017-01-04,S*Mobarakeh Steel,1370.0,1399.0,1370.0,1390.0,14523166189.0,10446286,659,D,1368.0,1398.0,26.33978684209509,26.897344373789085,26.33978684209509,26.72430927774613,26.301334598529994,26.87811825200654,279224161.8179435
2017-01-07,S*Mobarakeh Steel,1400.0,1410.0,1387.0,1399.0,21302608209.0,15230630,874,D,1390.0,1388.0,26.91657049557163,27.108831713397162,26.66663091239846,26.897344373789085,26.72430927774613,26.685857034181026,409566539.7122081
2017-01-08,S*Mobarakeh Steel,1394.0,1420.0,1378.0,1401.0,22225522863.0,15864974,941,D,1399.0,1412.0,26.801213764876316,27.301092931222666,26.493595816355516,26.93579661735419,26.897344373789085,27.147283956962255,427310609.24491334
2017-01-09,S*Mobarakeh Steel,1397.0,1420.0,1378.0,1406.0,19069443303.0,13565685,708,D,1401.0,1403.0,26.858892130223985,27.301092931222666,26.493595816355516,27.03192722626695,26.93579661735419,26.97424886091929,366631439.2689329
2017-01-11,S*Mobarakeh Steel,1400.0,1431.0,1400.0,1417.0,24989131333.0,17634207,966,D,1406.0,1411.0,26.91657049557163,27.512580270830725,26.91657049557163,27.243414565875,27.03192722626695,27.128057835179696,480444082.2484232
2017-01-14,S*Mobarakeh Steel,1420.0,1433.0,1403.0,1420.0,13035583652.0,9178460,548,D,1417.0,1415.0,27.301092931222666,27.551032514395825,26.97424886091929,27.301092931222666,27.243414565875,27.2049623223099,250623718.79998505
2017-01-15,S*Mobarakeh Steel,1420.0,1459.0,1405.0,1436.0,25072390628.0,17459075,1051,D,1420.0,1434.0,27.301092931222666,28.050911680742157,27.01270110448439,27.608710879743473,27.301092931222666,27.570258636178377,482044835.5936225
2017-01-16,S*Mobarakeh Steel,1421.0,1455.0,1421.0,1443.0,27506485538.0,19057010,927,D,1436.0,1436.0,27.320319053005207,27.97400719361195,27.320319053005207,27.74329373222134,27.608710879743473,27.608710879743473,528843040.7635705
2017-01-17,S*Mobarakeh Steel,1448.0,1450.0,1425.0,1442.0,18748550677.0,13005289,684,D,1443.0,1450.0,27.839424341134098,27.877876584699205,27.397223540135418,27.724067610438794,27.74329373222134,27.877876584699205,360461918.56233394
2017-01-18,S*Mobarakeh Steel,1440.0,1485.0,1427.0,1458.0,35333284874.0,24228603,1251,D,1442.0,1451.0,27.68561536687368,28.550790847088475,27.435675783700525,28.031685558959616,27.724067610438794,27.897102706481743,679322037.9650973
2017-01-21,S*Mobarakeh Steel,1451.0,1472.0,1442.0,1461.0,16788051925.0,11491564,748,D,1458.0,1443.0,27.897102706481743,28.300851263915327,27.724067610438794,28.089363924307264,28.031685558959616,27.74329373222134,322769130.80184263
2017-01-22,S*Mobarakeh Steel,1441.0,1470.0,1440.0,1459.0,26512577784.0,18173166,825,D,1461.0,1441.0,27.704841488656243,28.262399020350223,27.68561536687368,28.050911680742157,28.089363924307264,27.704841488656243,509734049.2445446
2017-01-23,S*Mobarakeh Steel,1445.0,1468.0,1436.0,1458.0,22853671839.0,15673107,755,D,1459.0,1455.0,27.781745975786436,28.223946776785112,27.608710879743473,28.031685558959616,28.050911680742157,27.97400719361195,439387477.95507413
2017-01-24,S*Mobarakeh Steel,1440.0,1463.0,1439.0,1454.0,25928810407.0,17837770,880,D,1458.0,1450.0,27.68561536687368,28.12781616787235,27.66638924509112,27.954781071829405,28.031685558959616,27.877876584699205,498510466.5616621
2017-01-25,S*Mobarakeh Steel,1450.0,1456.0,1428.0,1440.0,14140558835.0,9821791,590,D,1454.0,1430.0,27.877876584699205,27.9932333153945,27.45490190548307,27.68561536687368,27.954781071829405,27.493354149048166,271868106.2350399
2017-01-28,S*Mobarakeh Steel,1439.0,1445.0,1401.0,1418.0,15149832652.0,10687236,705,D,1440.0,1409.0,27.66638924509112,27.781745975786436,26.93579661735419,27.262640687657555,27.68561536687368,27.089605591614593,291272527.55262214
2017-01-29,S*Mobarakeh Steel,1402.0,1418.0,1395.0,1404.0,11143433228.0,7936988,527,D,1418.0,1418.0,26.955022739136737,27.262640687657555,26.82043988665888,26.99347498270184,27.262640687657555,27.262640687657555,214245004.3172553
2017-01-30,S*Mobarakeh Steel,1400.0,1420.0,1397.0,1408.0,9664119895.0,6864928,399,D,1404.0,1407.0,26.91657049557163,27.301092931222666,26.858892130223985,27.07037946983204,26.99347498270184,27.05115334804949,185803546.02244565
2017-01-31,S*Mobarakeh Steel,1407.0,1420.0,1391.0,1409.0,20274637359.0,14385633,706,D,1408.0,1418.0,27.05115334804949,27.301092931222666,26.743535399528668,27.089605591614593,27.07037946983204,27.262640687657555,389802646.96119565
2017-02-01,S*Mobarakeh Steel,1400.0,1419.0,1396.0,1406.0,7673041231.0,5461156,349,D,1409.0,1401.0,26.91657049557163,27.281866809440118,26.83966600844144,27.03192722626695,27.089605591614593,26.93579661735419,147522825.1497423
2017-02-04,S*Mobarakeh Steel,1400.0,1400.0,1361.0,1370.0,14431202703.0,10537077,678,D,1406.0,1370.0,26.91657049557163,26.91657049557163,26.166751746052135,26.33978684209509,27.03192722626695,26.33978684209509,277456060.6365597
2017-02-05,S*Mobarakeh Steel,1370.0,1380.0,1356.0,1373.0,17154623305.0,12495512,652,D,1370.0,1379.0,26.33978684209509,26.53204805992061,26.070621137139376,26.397465207442753,26.33978684209509,26.512821938138053,329816876.79572046
2017-02-06,S*Mobarakeh Steel,1373.0,1379.0,1362.0,1370.0,8025018883.0,5858866,366,D,1373.0,1370.0,26.397465207442753,26.512821938138053,26.185977867834698,26.33978684209509,26.397465207442753,26.33978684209509,154289990.35183075
2017-02-07,S*Mobarakeh Steel,1369.0,1375.0,1356.0,1363.0,10867178053.0,7971399,434,D,1370.0,1357.0,26.320560720312546,26.43591745100786,26.070621137139376,26.205203989617242,26.33978684209509,26.089847258921935,208933688.67964533
2017-02-08,S*Mobarakeh Steel,1356.0,1398.0,1351.0,1379.0,10775107728.0,7812930,443,D,1363.0,1373.0,26.070621137139376,26.87811825200654,25.97449052822662,26.512821938138053,26.205203989617242,26.397465207442753,207163533.3986363
2017-02-11,S*Mobarakeh Steel,1380.0,1401.0,1352.0,1367.0,18833378926.0,13775716,674,D,1379.0,1367.0,26.53204805992061,26.93579661735419,25.993716650009176,26.28210847674745,26.512821938138053,26.28210847674745,362092836.8082088
2017-02-12,S*Mobarakeh Steel,1365.0,1400.0,1353.0,1388.0,25407521685.0,18302752,837,D,1367.0,1387.0,26.243656233182346,26.91657049557163,26.012942771791728,26.685857034181026,26.28210847674745,26.66663091239846,488488106.10861975
2017-02-13,S*Mobarakeh Steel,1375.0,1400.0,1369.0,1387.0,18712050048.0,13491339,676,D,1388.0,1370.0,26.43591745100786,26.91657049557163,26.320560720312546,26.66663091239846,26.685857034181026,26.33978684209509,359760153.02404046
2017-02-14,S*Mobarakeh Steel,1364.0,1415.0,1363.0,1395.0,27057531681.0,19396246,1010,D,1387.0,1389.0,26.224430111399794,27.2049623223099,26.205203989617242,26.82043988665888,26.66663091239846,26.705083155963575,520211399.2341423
2017-02-15,S*Mobarakeh Steel,1381.0,1430.0,1380.0,1419.0,18121603029.0,12774958,811,D,1395.0,1415.0,26.551274181703167,27.493354149048166,26.53204805992061,27.281866809440118,26.82043988665888,27.2049623223099,348408146.7306022
2017-02-26,S*Mobarakeh Steel,1420.0,1437.0,1401.0,1419.0,40494317959.0,28541559,1114,D,1419.0,1401.0,27.301092931222666,27.62793700152603,26.93579661735419,27.281866809440118,27.281866809440118,26.93579661735419,778548688.5810828
2017-02-27,S*Mobarakeh Steel,1418.0,1430.0,1402.0,1418.0,34744161278.0,24506808,1090,D,1419.0,1410.0,27.262640687657555,27.493354149048166,26.955022739136737,27.262640687657555,27.281866809440118,27.108831713397162,667995475.9634266
2017-02-28,S*Mobarakeh Steel,1410.0,1430.0,1407.0,1412.0,37061541843.0,26256400,1084,D,1418.0,1410.0,27.108831713397162,27.493354149048166,27.05115334804949,27.147283956962255,27.262640687657555,27.108831713397162,712549716.9226336
2017-03-01,S*Mobarakeh Steel,1410.0,1420.0,1405.0,1414.0,26953557445.0,19061482,1030,D,1412.0,1414.0,27.108831713397162,27.301092931222666,27.01270110448439,27.18573620052735,27.147283956962255,27.18573620052735,518212377.9105588
2017-03-04,S*Mobarakeh Steel,1410.0,1429.0,1400.0,1415.0,21765853402.0,15380475,811,D,1414.0,1408.0,27.108831713397162,27.474128027265618,26.91657049557163,27.2049623223099,27.18573620052735,27.07037946983204,418472948.2080077
2017-03-05,S*Mobarakeh Steel,1399.0,1428.0,1382.0,1411.0,18737975001.0,13276201,670,D,1415.0,1390.0,26.897344373789085,27.45490190548307,26.570500303485723,27.128057835179696,27.2049623223099,26.72430927774613,360258589.32762533
2017-03-06,S*Mobarakeh Steel,1408.0,1420.0,1389.0,1402.0,15877931098.0,11328354,489,D,1411.0,1390.0,27.07037946983204,27.301092931222666,26.705083155963575,26.955022739136737,27.128057835179696,26.72430927774613,305271036.94510436
2017-03-07,S*Mobarakeh Steel,1386.0,1420.0,1380.0,1410.0,32719844832.0,23203705,981,D,1402.0,1400.0,26.64740479061592,27.301092931222666,26.53204805992061,27.108831713397162,26.955022739136737,26.91657049557163,629075721.4462095
2017-03-08,S*Mobarakeh Steel,1398.0,1418.0,1382.0,1397.0,10896433357.0,7798083,378,D,1410.0,1384.0,26.87811825200654,27.262640687657555,26.570500303485723,26.858892130223985,27.108831713397162,26.608952547050816,209496154.7171349
2017-03-11,S*Mobarakeh Steel,1398.0,1415.0,1369.0,1394.0,39994679392.0,28690206,1165,D,1397.0,1369.0,26.87811825200654,27.2049623223099,26.320560720312546,26.801213764876316,26.858892130223985,26.320560720312546,768942576.6446815
2017-03-12,S*Mobarakeh Steel,1395.0,1400.0,1369.0,1385.0,25970711472.0,18750568,823,D,1394.0,1370.0,26.82043988665888,26.91657049557163,26.320560720312546,26.62817866883336,26.801213764876316,26.33978684209509,499316061.5401708
2017-03-13,S*Mobarakeh Steel,1372.0,1399.0,1351.0,1373.0,28105790476.0,20466463,926,D,1385.0,1360.0,26.378239085660198,26.897344373789085,25.97449052822662,26.397465207442753,26.62817866883336,26.14752562426959,540365350.4864428
2017-03-18,S*Mobarakeh Steel,1394.0,1430.0,1388.0,1409.0,11196153484.0,7948662,312,D,1373.0,1409.0,26.801213764876316,27.493354149048166,26.685857034181026,27.089605591614593,26.397465207442753,27.089605591614593,215258610.37951863
2017-03-25,S*Mobarakeh Steel,1427.0,1427.0,1393.0,1408.0,3117468291.0,2215304,200,D,1409.0,1412.0,27.435675783700525,27.435675783700525,26.781987643093775,27.07037946983204,27.089605591614593,27.147283956962255,59936825.01600767
2017-03-26,S*Mobarakeh Steel,1400.0,1420.0,1385.0,1408.0,7855841886.0,5580798,348,D,1408.0,1404.0,26.91657049557163,27.301092931222666,26.62817866883336,27.07037946983204,27.07037946983204,26.99347498270184,151037372.80470243
2017-03-27,S*Mobarakeh Steel,1410.0,1420.0,1389.0,1409.0,8493586422.0,6028539,400,D,1408.0,1410.0,27.108831713397162,27.301092931222666,26.705083155963575,27.089605591614593,27.07037946983204,27.108831713397162,163298726.91999507
2017-03-28,S*Mobarakeh Steel,1410.0,1419.0,1393.0,1408.0,4677752724.0,3323272,230,D,1409.0,1407.0,27.108831713397162,27.281866809440118,26.781987643093775,27.07037946983204,27.089605591614593,27.05115334804949,89935043.54028445
2017-03-29,S*Mobarakeh Steel,1410.0,1420.0,1393.0,1409.0,3893009951.0,2758171,250,D,1408.0,1410.0,27.108831713397162,27.301092931222666,26.781987643093775,27.089605591614593,27.07037946983204,27.108831713397162,74847483.41860956
2017-04-03,S*Mobarakeh Steel,1412.0,1412.0,1394.0,1406.0,3977006737.0,2837101,311,D,1409.0,1396.0,27.147283956962255,27.147283956962255,26.801213764876316,27.03192722626695,27.089605591614593,26.83966600844144,76462415.85558842
2017-04-04,S*Mobarakeh Steel,1407.0,1420.0,1390.0,1409.0,11932997839.0,8468208,551,D,1406.0,1400.0,27.05115334804949,27.301092931222666,26.72430927774613,27.089605591614593,27.03192722626695,26.91657049557163,229425269.6835339
2017-04-05,S*Mobarakeh Steel,1408.0,1418.0,1396.0,1402.0,9231310341.0,6588089,365,D,1409.0,1400.0,27.07037946983204,27.262640687657555,26.83966600844144,26.955022739136737,27.089605591614593,26.91657049557163,177482296.82858995
2017-04-08,S*Mobarakeh Steel,1390.0,1407.0,1385.0,1398.0,15432172968.0,11042275,573,D,1402.0,1385.0,26.72430927774613,27.05115334804949,26.62817866883336,26.87811825200654,26.955022739136737,26.62817866883336,296700836.8521621
2017-04-09,S*Mobarakeh Steel,1381.0,1400.0,1381.0,1390.0,13885522198.0,9990092,509,D,1398.0,1388.0,26.551274181703167,26.91657049557163,26.551274181703167,26.72430927774613,26.87811825200654,26.685857034181026,266964740.7930655
2017-04-10,S*Mobarakeh Steel,1389.0,1390.0,1365.0,1373.0,22394260971.0,16309268,935,D,1390.0,1365.0,26.705083155963575,26.72430927774613,26.243656233182346,26.397465207442753,26.72430927774613,26.243656233182346,430554788.6586785
2017-04-12,S*Mobarakeh Steel,1390.0,1390.0,1330.0,1349.0,48789942915.0,36179735,1749,D,1373.0,1340.0,26.72430927774613,26.72430927774613,25.57074197079305,25.936038284661535,26.397465207442753,25.763003188618562,938041384.2475098
2017-04-15,S*Mobarakeh Steel,1360.0,1371.0,1319.0,1331.0,136292679815.0,102363933,3836,D,1349.0,1338.0,26.14752562426959,26.359012963877653,25.359254631184992,25.589968092575603,25.936038284661535,25.724550945053466,2620379660.193444
2017-04-16,S*Mobarakeh Steel,1320.0,1353.0,1320.0,1331.0,81118159278.0,60936003,2863,D,1331.0,1320.0,25.378480752967544,26.012942771791728,25.378480752967544,25.589968092575603,25.589968092575603,25.378480752967544,1559587609.055211
2017-04-17,S*Mobarakeh Steel,1319.0,1365.0,1311.0,1333.0,21772666855.0,16338905,888,D,1331.0,1330.0,25.359254631184992,26.243656233182346,25.20544565692458,25.628420336140707,25.589968092575603,25.57074197079305,418603944.4851454
2017-04-18,S*Mobarakeh Steel,1350.0,1352.0,1313.0,1330.0,43370377446.0,32620987,1487,D,1333.0,1313.0,25.955264406444076,25.993716650009176,25.243897900489685,25.57074197079305,25.628420336140707,25.243897900489685,833844158.5320065
2017-04-19,S*Mobarakeh Steel,1317.0,1386.0,1317.0,1354.0,31828793624.0,23501677,1191,D,1330.0,1333.0,25.32080238761988,26.64740479061592,25.32080238761988,26.032168893574283,25.57074197079305,25.628420336140707,611944262.4067123
2017-04-22,S*Mobarakeh Steel,1336.0,1348.0,1329.0,1335.0,13152772375.0,9855281,649,D,1354.0,1332.0,25.686098701488365,25.916812162878983,25.551515849010507,25.66687257970581,26.032168893574283,25.609194214358155,252876803.45992485
2017-04-23,S*Mobarakeh Steel,1329.0,1335.0,1318.0,1323.0,12893012683.0,9746180,592,D,1335.0,1335.0,25.551515849010507,25.66687257970581,25.34002850940244,25.436159118315196,25.66687257970581,25.66687257970581,247882631.98733473
2017-04-24,S*Mobarakeh Steel,1339.0,1360.0,1318.0,1344.0,16023773383.0,11922528,629,D,1323.0,1325.0,25.74377706683601,26.14752562426959,25.34002850940244,25.839907675748766,25.436159118315196,25.474611361880307,308075018.4775599
2017-04-26,S*Mobarakeh Steel,1348.0,1358.0,1329.0,1343.0,11596314275.0,8636685,508,D,1344.0,1355.0,25.916812162878983,26.109073380704494,25.551515849010507,25.820681553966224,25.839907675748766,26.051395015356828,222952150.47988653
2017-04-29,S*Mobarakeh Steel,1360.0,1372.0,1341.0,1360.0,25111012716.0,18461688,888,D,1343.0,1350.0,26.14752562426959,26.378239085660198,25.782229310401117,26.14752562426959,25.820681553966224,25.955264406444076,482787388.56100726
2017-04-30,S*Mobarakeh Steel,1342.0,1380.0,1333.0,1355.0,14139648476.0,10434448,489,D,1360.0,1350.0,25.80145543218367,26.53204805992061,25.628420336140707,26.051395015356828,26.14752562426959,25.955264406444076,271850603.56204003
2017-05-01,S*Mobarakeh Steel,1350.0,1378.0,1343.0,1367.0,16431868972.0,12023346,581,D,1355.0,1360.0,25.955264406444076,26.493595816355516,25.820681553966224,26.28210847674745,26.051395015356828,26.14752562426959,315921113.9705958
2017-05-02,S*Mobarakeh Steel,1361.0,1363.0,1344.0,1360.0,4924576375.0,3642451,257,D,1367.0,1344.0,26.166751746052135,26.205203989617242,25.839907675748766,26.14752562426959,26.28210847674745,25.839907675748766,94680505.11322442
2017-05-03,S*Mobarakeh Steel,1350.0,1380.0,1340.0,1365.0,11294751620.0,8274997,448,D,1360.0,1380.0,25.955264406444076,26.53204805992061,25.763003188618562,26.243656233182346,26.14752562426959,26.53204805992061,217154270.1497871
2017-05-06,S*Mobarakeh Steel,1350.0,1375.0,1336.0,1356.0,5050391098.0,3750833,285,D,1365.0,1340.0,25.955264406444076,26.43591745100786,25.686098701488365,26.070621137139376,26.243656233182346,25.763003188618562,97099434.29966031
2017-05-07,S*Mobarakeh Steel,1338.0,1370.0,1329.0,1356.0,23338710605.0,17205115,808,D,1356.0,1350.0,25.724550945053466,26.33978684209509,25.551515849010507,26.070621137139376,26.070621137139376,25.955264406444076,448712892.33944845
2017-05-08,S*Mobarakeh Steel,1360.0,1380.0,1343.0,1369.0,14090229658.0,10288410,592,D,1356.0,1349.0,26.14752562426959,26.53204805992061,25.820681553966224,26.320560720312546,26.070621137139376,25.936038284661535,270900471.34882224
2017-05-09,S*Mobarakeh Steel,1342.0,1380.0,1341.0,1373.0,19207051631.0,13990751,729,D,1369.0,1369.0,25.80145543218367,26.53204805992061,25.782229310401117,26.397465207442753,26.320560720312546,26.320560720312546,369277113.741354
2017-05-10,S*Mobarakeh Steel,1360.0,1389.0,1350.0,1371.0,30803324268.0,22472853,1067,D,1373.0,1371.0,26.14752562426959,26.705083155963575,25.955264406444076,26.359012963877653,26.397465207442753,26.359012963877653,592228463.6839818
2017-05-13,S*Mobarakeh Steel,1352.0,1379.0,1350.0,1366.0,8373827767.0,6131796,352,D,1371.0,1353.0,25.993716650009176,26.512821938138053,25.955264406444076,26.262882354964905,26.359012963877653,26.012942771791728,160996232.4344505
2017-05-14,S*Mobarakeh Steel,1352.0,1373.0,1346.0,1364.0,13359282666.0,9796974,462,D,1366.0,1351.0,25.993716650009176,26.397465207442753,25.878359919313873,26.224430111399794,26.262882354964905,25.97449052822662,256847195.4640409
2017-05-15,S*Mobarakeh Steel,1350.0,1378.0,1340.0,1361.0,13664786595.0,10043116,525,D,1364.0,1345.0,25.955264406444076,26.493595816355516,25.763003188618562,26.166751746052135,26.224430111399794,25.85913379753132,262720851.20804268
2017-05-16,S*Mobarakeh Steel,1358.0,1371.0,1341.0,1361.0,8635284111.0,6343443,329,D,1361.0,1348.0,26.109073380704494,26.359012963877653,25.782229310401117,26.166751746052135,26.166751746052135,25.916812162878983,166023023.94501516
2017-05-17,S*Mobarakeh Steel,1377.0,1377.0,1330.0,1349.0,20114793999.0,14906745,656,D,1361.0,1335.0,26.474369694572964,26.474369694572964,25.57074197079305,25.936038284661535,26.166751746052135,25.66687257970581,386729479.05570334
2017-05-20,S*Mobarakeh Steel,1351.0,1372.0,1344.0,1350.0,5871055275.0,4345263,289,D,1349.0,1344.0,25.97449052822662,26.378239085660198,25.839907675748766,25.955264406444076,25.936038284661535,25.839907675748766,112877623.70923947
2017-05-21,S*Mobarakeh Steel,1361.0,1377.0,1345.0,1363.0,10443033201.0,7663949,417,D,1350.0,1363.0,26.166751746052135,26.474369694572964,25.85913379753132,26.205203989617242,25.955264406444076,26.205203989617242,200779028.10165116
2017-05-22,S*Mobarakeh Steel,1365.0,1371.0,1351.0,1366.0,12464288572.0,9123709,487,D,1363.0,1360.0,26.243656233182346,26.359012963877653,25.97449052822662,26.262882354964905,26.205203989617242,26.14752562426959,239639930.01813275
2017-05-23,S*Mobarakeh Steel,1351.0,1381.0,1348.0,1370.0,13942406221.0,10180590,535,D,1366.0,1355.0,25.97449052822662,26.551274181703167,25.916812162878983,26.33978684209509,26.262882354964905,26.051395015356828,268058399.946745
2017-05-24,S*Mobarakeh Steel,1374.0,1398.0,1355.0,1381.0,20194191969.0,14617656,809,D,1370.0,1390.0,26.416691329225305,26.87811825200654,26.051395015356828,26.551274181703167,26.33978684209509,26.72430927774613,388255994.0962107
2017-05-27,S*Mobarakeh Steel,1385.0,1416.0,1380.0,1395.0,12818598985.0,9190499,580,D,1381.0,1385.0,26.62817866883336,27.224188444092455,26.53204805992061,26.82043988665888,26.551274181703167,26.62817866883336,246451945.16729683
2017-05-28,S*Mobarakeh Steel,1380.0,1415.0,1380.0,1405.0,10926132238.0,7776437,492,D,1395.0,1390.0,26.53204805992061,27.2049623223099,26.53204805992061,27.01270110448439,26.82043988665888,26.72430927774613,210067149.02004632
2017-05-29,S*Mobarakeh Steel,1390.0,1419.0,1390.0,1409.0,13983998883.0,9921926,617,D,1405.0,1392.0,26.72430927774613,27.281866809440118,26.72430927774613,27.089605591614593,27.01270110448439,26.76276152131123,268858065.53161746
2017-05-30,S*Mobarakeh Steel,1385.0,1430.0,1385.0,1414.0,27353466466.0,19349853,989,D,1409.0,1400.0,26.62817866883336,27.493354149048166,26.62817866883336,27.18573620052735,27.089605591614593,26.91657049557163,525901077.4502456
2017-05-31,S*Mobarakeh Steel,1400.0,1428.0,1388.0,1416.0,36464261031.0,25747128,1007,D,1414.0,1389.0,26.91657049557163,27.45490190548307,26.685857034181026,27.224188444092455,27.18573620052735,26.705083155963575,701066323.2927407
2017-06-03,S*Mobarakeh Steel,1390.0,1396.0,1384.0,1400.0,5542262514.0,3994494,280,D,1416.0,1388.0,26.72430927774613,26.83966600844144,26.608952547050816,26.91657049557163,27.224188444092455,26.685857034181026,106556214.04503222
2017-06-06,S*Mobarakeh Steel,1400.0,1418.0,1380.0,1400.0,13672989029.0,9767260,543,D,1400.0,1415.0,26.91657049557163,27.262640687657555,26.53204805992061,26.91657049557163,26.91657049557163,27.2049623223099,262878552.2030401
2017-06-07,S*Mobarakeh Steel,1410.0,1410.0,1361.0,1388.0,6248529022.0,4522419,318,D,1400.0,1390.0,27.108831713397162,27.108831713397162,26.166751746052135,26.685857034181026,26.91657049557163,26.72430927774613,120134979.93877736
2017-06-10,S*Mobarakeh Steel,1395.0,1409.0,1388.0,1395.0,9409265409.0,6741977,381,D,1388.0,1407.0,26.82043988665888,27.089605591614593,26.685857034181026,26.82043988665888,26.685857034181026,27.05115334804949,180903682.63778007
2017-06-11,S*Mobarakeh Steel,1407.0,1409.0,1387.0,1404.0,13925758766.0,9921404,569,D,1395.0,1395.0,27.05115334804949,27.089605591614593,26.66663091239846,26.99347498270184,26.82043988665888,26.82043988665888,267738333.94954556
2017-06-12,S*Mobarakeh Steel,1389.0,1400.0,1385.0,1401.0,2248556484.0,1616187,126,D,1404.0,1386.0,26.705083155963575,26.91657049557163,26.62817866883336,26.93579661735419,26.99347498270184,26.64740479061592,43231020.79632906
2017-06-13,S*Mobarakeh Steel,1384.0,1399.0,1376.0,1397.0,3591215207.0,2586039,172,D,1401.0,1381.0,26.608952547050816,26.897344373789085,26.455143572790405,26.858892130223985,26.93579661735419,26.551274181703167,69045140.91713172
2017-06-14,S*Mobarakeh Steel,1377.0,1400.0,1377.0,1396.0,2578354962.0,1853264,134,D,1397.0,1383.0,26.474369694572964,26.91657049557163,26.474369694572964,26.83966600844144,26.858892130223985,26.589726425268264,49571766.49805708
2017-06-17,S*Mobarakeh Steel,1398.0,1400.0,1360.0,1376.0,9699627141.0,7050920,345,D,1396.0,1361.0,26.87811825200654,26.91657049557163,26.14752562426959,26.455143572790405,26.83966600844144,26.166751746052135,186486212.65820467
2017-06-18,S*Mobarakeh Steel,1377.0,1396.0,1360.0,1377.0,23323376765.0,16935760,574,D,1376.0,1363.0,26.474369694572964,26.83966600844144,26.14752562426959,26.474369694572964,26.455143572790405,26.205203989617242,448418082.06421435
2017-06-25,S*Mobarakeh Steel,1400.0,1417.0,1399.0,1404.0,22574008521.0,16083557,755,D,1377.0,1417.0,26.91657049557163,27.243414565875,26.897344373789085,26.99347498270184,26.474369694572964,27.243414565875,434010636.9450937
2017-06-28,S*Mobarakeh Steel,1411.0,1454.0,1411.0,1437.0,14731731501.0,10254788,673,D,1404.0,1432.0,27.128057835179696,27.954781071829405,27.128057835179696,27.62793700152603,26.99347498270184,27.531806392613266,283234063.90607136
2017-07-01,S*Mobarakeh Steel,1441.0,1457.0,1439.0,1448.0,28947802124.0,19991212,991,D,1437.0,1440.0,27.704841488656243,28.012459437177057,27.66638924509112,27.839424341134098,27.62793700152603,27.68561536687368,556553968.9732172
2017-07-02,S*Mobarakeh Steel,1435.0,1459.0,1418.0,1439.0,24787150844.0,17224346,745,D,1448.0,1418.0,27.589484757960932,28.050911680742157,27.262640687657555,27.66638924509112,27.839424341134098,27.262640687657555,476560780.7692099
2017-07-03,S*Mobarakeh Steel,1422.0,1446.0,1421.0,1432.0,12544517576.0,8757442,442,D,1439.0,1432.0,27.339545174787766,27.80097209756899,27.320319053005207,27.531806392613266,27.66638924509112,27.531806392613266,241182422.61952958
2017-07-04,S*Mobarakeh Steel,1421.0,1446.0,1421.0,1436.0,13996747880.0,9747544,458,D,1432.0,1433.0,27.320319053005207,27.80097209756899,27.320319053005207,27.608710879743473,27.531806392613266,27.551032514395825,269103179.3005449
2017-07-05,S*Mobarakeh Steel,1430.0,1455.0,1430.0,1443.0,18376592978.0,12735686,563,D,1436.0,1443.0,27.493354149048166,27.97400719361195,27.493354149048166,27.74329373222134,27.608710879743473,27.74329373222134,353310614.54340273
2017-07-08,S*Mobarakeh Steel,1449.0,1450.0,1439.0,1445.0,21503661520.0,14878854,640,D,1443.0,1446.0,27.858650462916646,27.877876584699205,27.66638924509112,27.781745975786436,27.74329373222134,27.80097209756899,413432015.1542795
2017-07-09,S*Mobarakeh Steel,1447.0,1453.0,1445.0,1450.0,31441029157.0,21690765,919,D,1445.0,1450.0,27.820198219351532,27.935554950046853,27.781745975786436,27.877876584699205,27.781745975786436,27.877876584699205,604489055.5412241
2017-07-10,S*Mobarakeh Steel,1449.0,1522.0,1445.0,1508.0,92963545569.0,61655018,2426,D,1450.0,1520.0,27.858650462916646,29.262157353042866,27.781745975786436,28.992991648087155,27.877876584699205,29.22370510947777,1787328448.447339
2017-07-11,S*Mobarakeh Steel,1502.0,1521.0,1496.0,1504.0,33877417208.0,22519882,1050,D,1508.0,1497.0,28.87763491739186,29.242931231260336,28.76227818669655,28.916087160956963,28.992991648087155,28.781504308479096,651331348.9193025
2017-07-12,S*Mobarakeh Steel,1485.0,1521.0,1485.0,1509.0,22267662769.0,14755660,694,D,1504.0,1518.0,28.550790847088475,29.242931231260336,28.550790847088475,29.012217769869714,28.916087160956963,29.185252865912688,428120796.2095745
2017-07-15,S*Mobarakeh Steel,1507.0,1544.0,1507.0,1531.0,60195988262.0,39327013,1443,D,1509.0,1529.0,28.97376552630461,29.685132032259006,28.97376552630461,29.435192449085832,29.012217769869714,29.396740205520736,1157335401.1462333
2017-07-16,S*Mobarakeh Steel,1532.0,1551.0,1531.0,1544.0,39118560177.0,25342052,1136,D,1531.0,1543.0,29.454418570868388,29.81971488473687,29.435192449085832,29.685132032259006,29.435192449085832,29.665905910476447,752098201.9210582
2017-07-17,S*Mobarakeh Steel,1541.0,1621.0,1529.0,1583.0,181759418344.0,114850435,4405,D,1544.0,1619.0,29.627453666911336,31.16554340951544,29.396740205520736,30.43495078177849,29.685132032259006,31.12709116595034,3494528712.207411
2017-07-23,S*Mobarakeh Steel,1635.0,1635.0,1580.0,1602.0,215981772100.0,134810511,3982,D,1483.0,1602.0,33.554379317739624,33.554379317739624,32.42563872906947,32.877134964537525,30.4349507817785,32.877134964537525,4432498046.948619
2017-07-24,S*Mobarakeh Steel,1600.0,1643.0,1584.0,1617.0,161131092739.0,99618612,5346,D,1602.0,1625.0,32.83608985222225,33.71855976700071,32.50772895370004,33.18497330690211,32.877134964537525,33.34915375616322,3306821899.4778504
2017-07-25,S*Mobarakeh Steel,1619.0,1638.0,1614.0,1629.0,81340381281.0,49937327,2700,D,1617.0,1630.0,33.22601841921739,33.61594698621253,33.123405638429205,33.431243980793774,33.18497330690211,33.45176653695142,1669312542.7230833
2017-07-26,S*Mobarakeh Steel,1634.0,1710.0,1634.0,1681.0,147648512872.0,87808056,3547,D,1629.0,1650.0,33.53385676158197,35.09357102956253,33.53385676158197,34.498416900991,33.431243980793774,33.86221766010419,3030124897.007491
2017-07-29,S*Mobarakeh Steel,1670.0,1670.0,1617.0,1644.0,27956646165.0,17008431,1165,D,1681.0,1651.0,34.272668783256975,34.272668783256975,33.18497330690211,33.73908232315836,34.498416900991,33.88274021626183,573741840.900453
2017-07-30,S*Mobarakeh Steel,1642.0,1680.0,1642.0,1662.0,30796053471.0,18527808,1588,D,1644.0,1656.0,33.69803721084308,34.477894344833366,33.69803721084308,34.10848833399586,33.73908232315836,33.985352997050036,632013736.7922481
2017-07-31,S*Mobarakeh Steel,1652.0,1714.0,1652.0,1693.0,74207659484.0,43822176,2669,D,1662.0,1690.0,33.90326277241948,35.17566125419309,33.90326277241948,34.74468757488266,34.10848833399586,34.68311990640975,1522930859.0873353
2017-08-01,S*Mobarakeh Steel,1716.0,1716.0,1690.0,1700.0,60067237873.0,35333955,2841,D,1693.0,1700.0,35.21670636650837,35.21670636650837,34.68311990640975,34.88834546798615,34.74468757488266,34.88834546798615,1232733262.482897
2017-08-02,S*Mobarakeh Steel,1700.0,1701.0,1683.0,1692.0,37730083651.0,22294532,1643,D,1700.0,1689.0,34.88834546798615,34.908868024143786,34.53946201330628,34.724165018725024,34.88834546798615,34.66259735025211,774317760.560061
2017-08-06,S*Mobarakeh Steel,1695.0,1695.0,1655.0,1672.0,39842264518.0,23831412,3192,D,1692.0,1660.0,34.78573268719795,34.78573268719795,33.964830440892385,34.313713895572256,34.724165018725024,34.06744322168058,817665111.0181589
2017-08-07,S*Mobarakeh Steel,1677.0,1692.0,1671.0,1680.0,45465017656.0,27063210,2240,D,1672.0,1681.0,34.41632667636045,34.724165018725024,34.29319133941462,34.477894344833366,34.313713895572256,34.498416900991,933058378.0533043
2017-08-08,S*Mobarakeh Steel,1690.0,1700.0,1673.0,1685.0,47071134059.0,27933850,2365,D,1680.0,1700.0,34.68311990640975,34.88834546798615,34.3342364517299,34.58050712562155,34.477894344833366,34.88834546798615,966019992.1295772
2017-08-09,S*Mobarakeh Steel,1700.0,1769.0,1700.0,1750.0,155940532054.0,89115078,4305,D,1685.0,1763.0,34.88834546798615,36.30440184286323,34.88834546798615,35.91447327586809,34.58050712562155,36.18126650591739,3200298326.330305
2017-08-12,S*Mobarakeh Steel,1777.0,1802.0,1751.0,1778.0,53784975090.0,30246469,2182,D,1750.0,1800.0,36.46858229212435,36.981646196065306,35.93499583202573,36.48910484828198,35.91447327586809,36.940601083750046,1103805171.7217345
2017-08-13,S*Mobarakeh Steel,1762.0,1815.0,1762.0,1796.0,47717727886.0,26572950,1977,D,1778.0,1779.0,36.16074394975975,37.24843942611462,36.16074394975975,36.85851085911948,36.48910484828198,36.50962740443962,979289750.2553674
2017-08-14,S*Mobarakeh Steel,1780.0,1810.0,1766.0,1800.0,93557141243.0,51978081,2180,D,1796.0,1805.0,36.53014996059726,37.14582664532642,36.24283417439031,36.940601083750046,36.85851085911948,37.04321386453821,1920031685.107623
2017-08-15,S*Mobarakeh Steel,1800.0,1801.0,1760.0,1778.0,46384269752.0,26089712,2495,D,1800.0,1770.0,36.940601083750046,36.961123639907676,36.11969883744448,36.48910484828198,36.940601083750046,36.324924399020865,951923780.8164915
2017-08-16,S*Mobarakeh Steel,1780.0,1790.0,1767.0,1775.0,25032454913.0,14102512,1626,D,1778.0,1775.0,36.53014996059726,36.735375522173634,36.26335673054794,36.42753717980905,36.48910484828198,36.42753717980905,513729961.7156065
2017-08-19,S*Mobarakeh Steel,1786.0,1810.0,1780.0,1796.0,46222179001.0,25739060,1711,D,1775.0,1791.0,36.65328529754308,37.14582664532642,36.53014996059726,36.85851085911948,36.42753717980905,36.755898078331285,948597264.2764603
2017-08-20,S*Mobarakeh Steel,1780.0,1800.0,1773.0,1790.0,25026964787.0,13978955,1716,D,1796.0,1794.0,36.53014996059726,36.940601083750046,36.38649206749379,36.735375522173634,36.85851085911948,36.81746574680419,513617290.2964589
2017-08-21,S*Mobarakeh Steel,1798.0,1809.0,1787.0,1796.0,46867420072.0,26090115,2047,D,1790.0,1791.0,36.89955597143475,37.12530408916877,36.67380785370073,36.85851085911948,36.735375522173634,36.755898078331285,961839260.3912727
2017-08-22,S*Mobarakeh Steel,1805.0,1860.0,1800.0,1821.0,68603780221.0,37676155,2670,D,1796.0,1819.0,37.04321386453821,38.17195445320835,36.940601083750046,37.371574763060444,36.85851085911948,37.33052965074518,1407924932.2117898
2017-08-23,S*Mobarakeh Steel,1840.0,1840.0,1816.0,1825.0,59043497000.0,32351336,2195,D,1821.0,1827.0,37.76150333005559,37.76150333005559,37.268961982272266,37.45366498769101,37.371574763060444,37.49471010000629,1211723482.925884
2017-08-26,S*Mobarakeh Steel,1835.0,1910.0,1823.0,1874.0,94087950622.0,50203913,3270,D,1825.0,1870.0,37.65889054926739,39.19808226109031,37.41261987537573,38.45927023941531,37.45366498769101,38.377180014784756,1930925250.3971517
2017-08-27,S*Mobarakeh Steel,1879.0,1879.0,1857.0,1867.0,32998117324.0,17674886,2079,D,1874.0,1873.0,38.56188302020351,38.56188302020351,38.11038678473547,38.31561234631184,38.45927023941531,38.438747683257674,677205715.8781475
2017-08-28,S*Mobarakeh Steel,1875.0,1912.0,1856.0,1890.0,65078656170.0,34431612,2160,D,1867.0,1910.0,38.479792795572955,39.239127373405594,38.08986422857782,38.78763113793753,38.31561234631184,39.19808226109031,1335580375.9124985
2017-08-29,S*Mobarakeh Steel,1916.0,1982.0,1916.0,1960.0,193101325099.0,98542716,5151,D,1890.0,1940.0,39.32121759803613,40.675706304440304,39.32121759803613,40.22421006897225,38.78763113793753,39.81375894581948,3962932788.458715
2017-08-30,S*Mobarakeh Steel,1957.0,1965.0,1881.0,1914.0,54862007729.0,28666469,1965,D,1960.0,1900.0,40.162642400499344,40.32682284976046,38.602928132518784,39.280172485720875,40.22421006897225,38.99285669951392,1125908634.5392222
2017-09-02,S*Mobarakeh Steel,1919.0,1919.0,1869.0,1892.0,23613058696.0,12482740,2213,D,1914.0,1880.0,39.38278526650907,39.38278526650907,38.35665745862713,38.82867625025281,39.280172485720875,38.58240557636115,484600323.14228374
2017-09-03,S*Mobarakeh Steel,1898.0,1908.0,1864.0,1876.0,17358142699.0,9253296,1286,D,1892.0,1877.0,38.95181158719864,39.15703714877504,38.254044677838934,38.500315351730606,38.82867625025281,38.52083790788822,356233458.3325373
2017-09-04,S*Mobarakeh Steel,1860.0,1930.0,1860.0,1900.0,29018861774.0,15274811,1808,D,1876.0,1898.0,38.17195445320835,39.60853338424308,38.17195445320835,38.99285669951392,38.500315351730606,38.95181158719864,595541220.3876761
2017-09-05,S*Mobarakeh Steel,1900.0,1952.0,1900.0,1928.0,27478651526.0,14255174,991,D,1900.0,1923.0,38.99285669951392,40.06002961971115,38.99285669951392,39.56748827192781,38.99285669951392,39.46487549113962,563932169.0785251
2017-09-06,S*Mobarakeh Steel,1909.0,1943.0,1897.0,1916.0,21071463615.0,10995856,643,D,1928.0,1924.0,39.17755970493268,39.87532661429239,38.931289031041004,39.32121759803613,39.56748827192781,39.48539804729725,432440295.36248255
2017-09-10,S*Mobarakeh Steel,1876.0,1900.0,1861.0,1881.0,21572692301.0,11471433,866,D,1916.0,1883.0,38.500315351730606,38.99285669951392,38.192477009365994,38.602928132518784,39.32121759803613,38.643973244834065,442726789.21873695
2017-09-11,S*Mobarakeh Steel,1888.0,1923.0,1870.0,1903.0,51735723491.0,27180535,1291,D,1881.0,1910.0,38.74658602562226,39.46487549113962,38.377180014784756,39.05442436798683,38.602928132518784,39.19808226109031,1061749290.7001259
2017-09-12,S*Mobarakeh Steel,1900.0,1933.0,1900.0,1918.0,27983427061.0,14588444,900,D,1903.0,1922.0,38.99285669951392,39.67010105271601,38.99285669951392,39.36226271035142,39.05442436798683,39.444352934981985,574291453.342565
2017-09-13,S*Mobarakeh Steel,1910.0,1946.0,1900.0,1916.0,77857932200.0,40641068,1479,D,1918.0,1940.0,39.19808226109031,39.936894282765316,38.99285669951392,39.32121759803613,39.36226271035142,39.81375894581948,1597843785.8921425
2017-09-16,S*Mobarakeh Steel,1918.0,1943.0,1900.0,1906.0,48435724365.0,25413420,1042,D,1916.0,1900.0,39.36226271035142,39.87532661429239,38.99285669951392,39.11599203645975,39.32121759803613,38.99285669951392,994024873.3166312
2017-09-17,S*Mobarakeh Steel,1900.0,1938.0,1900.0,1921.0,24226745366.0,12609609,803,D,1906.0,1929.0,38.99285669951392,39.7727138335042,38.99285669951392,39.423830378824334,39.11599203645975,39.58801082808545,497194742.29055315
2017-09-18,S*Mobarakeh Steel,1907.0,2000.0,1907.0,1965.0,59939671515.0,30503244,1537,D,1921.0,1983.0,39.13651459261739,41.04511231527783,39.13651459261739,40.32682284976046,39.423830378824334,40.696228860597934,1230115274.7370167
2017-09-19,S*Mobarakeh Steel,1980.0,2034.0,1980.0,2019.0,75829959657.0,37552672,1845,D,1965.0,2019.0,40.634661192125044,41.74287922463755,40.634661192125044,41.43504088227296,40.32682284976046,41.43504088227296,1556224605.4922752
2017-09-20,S*Mobarakeh Steel,2020.0,2048.0,2020.0,2035.0,73808676885.0,36264921,1683,D,2019.0,2035.0,41.455563438430595,42.03019501084449,41.455563438430595,41.76340178079518,41.43504088227296,41.76340178079518,1514742716.293437
2017-09-23,S*Mobarakeh Steel,2016.0,2016.0,1985.0,1997.0,51690110502.0,25885423,1337,D,2035.0,2000.0,41.373473213800054,41.373473213800054,40.73727397291326,40.983544646804894,41.76340178079518,41.04511231527783,1060813195.5718554
2017-09-24,S*Mobarakeh Steel,2004.0,2010.0,1961.0,1979.0,32559800793.0,16453193,922,D,1997.0,1973.0,41.12720253990838,41.25033787685422,40.244732625129906,40.6141386359674,40.983544646804894,40.491003299021564,668210340.2558784
2017-09-25,S*Mobarakeh Steel,1978.0,1985.0,1956.0,1967.0,38306679905.0,19469986,1343,D,1979.0,1970.0,40.59361607980976,40.73727397291326,40.1421198443417,40.367867962075735,40.6141386359674,40.429435630548646,786150989.5630605
2017-09-26,S*Mobarakeh Steel,1959.0,1969.0,1956.0,1961.0,30502658284.0,15552918,1137,D,1967.0,1960.0,40.20368751281463,40.408913074391016,40.1421198443417,40.244732625129906,40.367867962075735,40.22421006897225,625992517.5906597
2017-09-27,S*Mobarakeh Steel,1966.0,1998.0,1956.0,1975.0,41954023374.0,21247509,1995,D,1961.0,1998.0,40.34734540591809,41.00406720296254,40.1421198443417,40.53204841133683,40.244732625129906,41.00406720296254,861003800.7318102
2017-10-02,S*Mobarakeh Steel,1994.0,1999.0,1945.0,1956.0,40999682941.0,20957984,995,D,1975.0,1950.0,40.92197697833198,41.024589759120175,39.91637172660767,40.1421198443417,40.53204841133683,40.01898450739586,841418295.6020625
2017-10-03,S*Mobarakeh Steel,1945.0,1962.0,1939.0,1949.0,38555290802.0,19784431,836,D,1956.0,1950.0,39.91637172660767,40.26525518128753,39.793236389661836,39.998461951238234,40.1421198443417,40.01898450739586,791253120.6581439
2017-10-04,S*Mobarakeh Steel,1942.0,1960.0,1939.0,1944.0,26562759653.0,13666016,865,D,1949.0,1942.0,39.854804058134754,40.22421006897225,39.793236389661836,39.895849170450035,39.998461951238234,39.854804058134754,545135726.6805575
2017-10-07,S*Mobarakeh Steel,1936.0,1959.0,1905.0,1925.0,32558320577.0,16910088,817,D,1944.0,1906.0,39.731668721188925,40.20368751281463,39.09546948030213,39.50592060345489,39.895849170450035,39.11599203645975,668179962.4398929
2017-10-08,S*Mobarakeh Steel,1929.0,1930.0,1887.0,1907.0,59279374199.0,31080227,1322,D,1925.0,1905.0,39.58801082808545,39.60853338424308,38.72606346946461,39.13651459261739,39.50592060345489,39.09546948030213,1216564285.9886684
2017-10-09,S*Mobarakeh Steel,1900.0,1929.0,1900.0,1914.0,20083019626.0,10491709,518,D,1907.0,1912.0,38.99285669951392,39.58801082808545,38.99285669951392,39.280172485720875,39.13651459261739,39.239127373405594,412154898.08954924
2017-10-10,S*Mobarakeh Steel,1933.0,1950.0,1926.0,1938.0,14421987300.0,7441629,433,D,1914.0,1940.0,39.67010105271601,40.01898450739586,39.52644315961254,39.7727138335042,39.280172485720875,39.81375894581948,295976044.26900524
2017-10-11,S*Mobarakeh Steel,1944.0,1960.0,1916.0,1939.0,31004354753.0,15988809,798,D,1938.0,1950.0,39.895849170450035,40.22421006897225,39.32121759803613,39.793236389661836,39.7727138335042,40.01898450739586,636288611.5498012
2017-10-14,S*Mobarakeh Steel,1966.0,2006.0,1962.0,1988.0,41253749206.0,20750405,904,D,1939.0,1980.0,40.34734540591809,41.16824765222364,40.26525518128753,40.79884164138616,39.793236389661836,40.634661192125044,846632384.7932864
2017-10-15,S*Mobarakeh Steel,1988.0,2012.0,1985.0,2002.0,90700635383.0,45305402,1908,D,1988.0,2010.0,40.79884164138616,41.291382989169485,40.73727397291326,41.08615742759307,40.79884164138616,41.25033787685422,1861408883.181148
2017-10-16,S*Mobarakeh Steel,2011.0,2055.0,2011.0,2040.0,80464995522.0,39440098,1776,D,2002.0,2048.0,41.27086043301185,42.17385290394795,41.27086043301185,41.86601456158337,41.08615742759307,42.03019501084449,1651347389.3244076
2017-10-17,S*Mobarakeh Steel,2037.0,2103.0,2037.0,2075.0,183875742935.0,88615056,2852,D,2040.0,2100.0,41.80444689311045,43.15893559951463,41.80444689311045,42.58430402710073,41.86601456158337,43.09736793104171,3773600260.411113
2017-10-18,S*Mobarakeh Steel,2111.0,2130.0,2099.0,2115.0,97871794640.0,46270556,2318,D,2075.0,2126.0,43.323116048775724,43.713044615770876,43.07684537488406,43.405206273406286,42.58430402710073,43.63095439114031,2008579401.748302
2017-10-21,S*Mobarakeh Steel,2240.0,2280.0,2230.0,2256.0,251999404811.0,111715486,5064,D,2115.0,2270.0,45.970525793111165,46.791428039416715,45.76530023153476,46.29888669163339,43.405206273406286,46.586202477840324,5171671936.925328
2017-10-22,S*Mobarakeh Steel,2290.0,2315.0,2230.0,2274.0,90341222569.0,39722918,2654,D,2256.0,2230.0,46.99665360099309,47.50971750493405,45.76530023153476,46.668292702470886,46.29888669163339,45.76530023153476,1854032813.5220578
2017-10-23,S*Mobarakeh Steel,2250.0,2287.0,2203.0,2265.0,88001412234.0,38848602,2253,D,2274.0,2287.0,46.175751354687534,46.93508593252018,45.2111912152785,46.48358969705212,46.668292702470886,46.93508593252018,1806013924.5237968
2017-10-24,S*Mobarakeh Steel,2281.0,2355.0,2279.0,2323.0,115784446538.0,49835197,2808,D,2265.0,2342.0,46.811950595574345,48.33061975123963,46.77090548325907,47.67389795419517,46.48358969705212,48.06382652119032,2376192806.257245
2017-10-25,S*Mobarakeh Steel,2335.0,2380.0,2335.0,2360.0,63798330086.0,27032435,2803,D,2323.0,2362.0,47.92016862808684,48.843683655180605,47.92016862808684,48.43323253202781,47.67389795419517,48.474277644343104,1309304811.953519
2017-10-28,S*Mobarakeh Steel,2379.0,2420.0,2360.0,2399.0,107387945323.0,44755740,3281,D,2360.0,2408.0,48.823161099022975,49.664585901486156,48.43323253202781,49.233612222175736,48.43323253202781,49.4183152275945,2203875138.544724
2017-10-29,S*Mobarakeh Steel,2426.0,2430.0,2366.0,2395.0,92624762313.0,38666187,2824,D,2399.0,2376.0,49.787721238432,49.86981146306254,48.55636786897366,49.15152199754519,49.233612222175736,48.76159343055005,1900896886.1564987
2017-10-30,S*Mobarakeh Steel,2380.0,2381.0,2337.0,2351.0,56887509133.0,24200634,1837,D,2395.0,2340.0,48.843683655180605,48.86420621133823,47.96121374040213,48.24852952660907,49.15152199754519,48.02278140887503,1167477100.8501892
2017-10-31,S*Mobarakeh Steel,2332.0,2372.0,2299.0,2337.0,67251633510.0,28780922,1492,D,2351.0,2332.0,47.85860095961394,48.67950320591949,47.181356606411846,47.96121374040213,48.24852952660907,47.85860095961394,1380175425.4019256
2017-11-01,S*Mobarakeh Steel,2349.0,2349.0,2317.0,2333.0,51887416577.0,22244931,1208,D,2337.0,2330.0,48.20748441429379,48.20748441429379,47.55076261724935,47.879123515771575,47.96121374040213,47.817555847298664,1064862420.576287
2017-11-04,S*Mobarakeh Steel,2307.0,2340.0,2307.0,2327.0,39463506780.0,16958764,1076,D,2333.0,2329.0,47.34553705567296,48.02278140887503,47.34553705567296,47.75598817882574,47.879123515771575,47.79703329114102,809892034.0699139
2017-11-05,S*Mobarakeh Steel,2321.0,2329.0,2310.0,2319.0,33581175659.0,14480849,946,D,2327.0,2313.0,47.632852841879895,47.79703329114102,47.40710472414587,47.59180772956465,47.75598817882574,47.468672392618785,689171563.3013644
2017-11-06,S*Mobarakeh Steel,2310.0,2327.0,2290.0,2304.0,61229855392.0,26571452,1294,D,2319.0,2307.0,47.40710472414587,47.75598817882574,46.99665360099309,47.283969387200045,47.59180772956465,47.34553705567296,1256593145.8064294
2017-11-07,S*Mobarakeh Steel,2300.0,2322.0,2300.0,2310.0,29770688397.0,12887741,745,D,2304.0,2313.0,47.2018791625695,47.65337539803755,47.2018791625695,47.40710472414587,47.283969387200045,47.468672392618785,610970624.4790015
2017-11-08,S*Mobarakeh Steel,2309.0,2350.0,2300.0,2309.0,23983876340.0,10386660,757,D,2310.0,2300.0,47.38658216798824,48.22800697045142,47.2018791625695,47.38658216798824,47.40710472414587,47.2018791625695,492210449.06551707
2017-11-11,S*Mobarakeh Steel,2300.0,2330.0,2269.0,2283.0,44793110157.0,19620945,993,D,2309.0,2279.0,47.2018791625695,47.817555847298664,46.56567992168269,46.85299570788963,47.38658216798824,46.77090548325907,919269118.6723384
2017-11-12,S*Mobarakeh Steel,2268.0,2300.0,2261.0,2288.0,31909077493.0,13946740,794,D,2283.0,2290.0,46.54515736552505,47.2018791625695,46.40149947242157,46.955608488677825,46.85299570788963,46.99665360099309,654855834.7885443
2017-11-13,S*Mobarakeh Steel,2311.0,2348.0,2311.0,2330.0,46333384243.0,19888384,1128,D,2288.0,2345.0,47.42762728030352,48.18696185813618,47.42762728030352,47.817555847298664,46.955608488677825,48.125394189663226,950879480.100429
2017-11-14,S*Mobarakeh Steel,2340.0,2370.0,2333.0,2352.0,38595934294.0,16406770,972,D,2330.0,2360.0,48.02278140887503,48.63845809360421,47.879123515771575,48.26905208276671,47.817555847298664,48.43323253202781,792087229.0051563
2017-11-15,S*Mobarakeh Steel,2356.0,2420.0,2353.0,2399.0,97041440444.0,40450398,2212,D,2352.0,2408.0,48.35114230739728,49.664585901486156,48.289574638924364,49.233612222175736,48.26905208276671,49.4183152275945,1991538411.1301613
2017-11-18,S*Mobarakeh Steel,2407.0,2430.0,2407.0,2420.0,39322768735.0,16247263,1271,D,2399.0,2420.0,49.39779267143685,49.86981146306254,49.39779267143685,49.664585901486156,49.233612222175736,49.664585901486156,807003729.637885
2017-11-20,S*Mobarakeh Steel,2430.0,2462.0,2423.0,2450.0,76107221569.0,31069687,1705,D,2420.0,2460.0,49.86981146306254,50.526533260106994,49.72615356995908,50.28026258621532,49.664585901486156,50.48548814779173,1561914728.6516695
2017-11-21,S*Mobarakeh Steel,2452.0,2560.0,2452.0,2525.0,141196004763.0,55922640,2972,D,2450.0,2559.0,50.32130769853061,52.53774376355561,50.32130769853061,51.81945429803823,50.28026258621532,52.51722120739796,2897702936.9829183
2017-11-22,S*Mobarakeh Steel,2550.0,2614.0,2550.0,2592.0,103320941154.0,39858499,2416,D,2525.0,2609.0,52.33251820197922,53.6459617960681,52.33251820197922,53.19446556060005,51.81945429803823,53.54334901527991,2120409817.0930703
2017-11-25,S*Mobarakeh Steel,2650.0,2674.0,2598.0,2628.0,71333202839.0,27140064,2058,D,2592.0,2600.0,54.384773817743124,54.87731516552644,53.317600897545894,53.93327758227506,53.19446556060005,53.35864600986115,1463939661.1676247
2017-11-26,S*Mobarakeh Steel,2630.0,2712.0,2572.0,2650.0,143131973209.0,54014316,2802,D,2628.0,2690.0,53.97432269459032,55.657172299516695,52.784014437447276,54.384773817743124,53.93327758227506,55.20567606404866,2937433958.135371
2017-11-28,S*Mobarakeh Steel,2700.0,2772.0,2681.0,2740.0,199338361960.0,72760572,3720,D,2650.0,2745.0,55.410901625625044,56.88852566897505,55.02097305862991,56.23180387193058,54.384773817743124,56.3344166527188,4090932727.6958504
2017-11-29,S*Mobarakeh Steel,2774.0,2774.0,2691.0,2717.0,117674792257.0,43316491,2464,D,2740.0,2720.0,56.92957078129031,56.92957078129031,55.226198620206304,55.75978508030492,56.23180387193058,55.82135274877783,2414987532.4327745
2017-12-02,S*Mobarakeh Steel,2725.0,2765.0,2725.0,2738.0,50982362138.0,18620043,1270,D,2717.0,2730.0,55.92396552956603,56.74486777587158,55.92396552956603,56.19075875961532,55.75978508030492,56.02657831035422,1046288390.0261886
2017-12-03,S*Mobarakeh Steel,2712.0,2735.0,2670.0,2692.0,88524284137.0,32881516,1901,D,2738.0,2699.0,55.657172299516695,56.129191091142424,54.795224940895885,55.246721176363934,56.19075875961532,55.39037906946742,1816744592.5163653
2017-12-04,S*Mobarakeh Steel,2692.0,2720.0,2671.0,2701.0,59671662832.0,22092725,1293,D,2692.0,2710.0,55.246721176363934,55.82135274877783,54.815747497053536,55.43142418178269,55.246721176363934,55.61612718720143,1224615051.4894145
2017-12-05,S*Mobarakeh Steel,2700.0,2720.0,2690.0,2699.0,30125114044.0,11162686,838,D,2701.0,2702.0,55.410901625625044,55.82135274877783,55.20567606404866,55.39037906946742,55.43142418178269,55.45194673794031,618244344.7232665
2017-12-09,S*Mobarakeh Steel,2701.0,2752.0,2701.0,2738.0,34701128937.0,12672857,888,D,2699.0,2738.0,55.43142418178269,56.47807454582227,55.43142418178269,56.19075875961532,55.39037906946742,56.19075875961532,712155867.3430511
2017-12-10,S*Mobarakeh Steel,2730.0,2742.0,2729.0,2732.0,32678843181.0,11960200,841,D,2738.0,2733.0,56.02657831035422,56.27284898424588,56.0060557541966,56.06762342266951,56.19075875961532,56.088145978827136,670653394.3487477
2017-12-11,S*Mobarakeh Steel,2720.0,2796.0,2720.0,2771.0,133070501382.0,48019020,2329,D,2732.0,2771.0,55.82135274877783,57.3810670167584,55.82135274877783,56.86800311281741,56.06762342266951,56.86800311281741,2730946837.5372615
2017-12-12,S*Mobarakeh Steel,2781.0,2909.0,2781.0,2886.0,162014858200.0,56136860,2901,D,2771.0,2900.0,57.07322867439381,59.70011586257157,57.07322867439381,59.22809707094589,56.86800311281741,59.51541285715285,3324959025.781405
2017-12-13,S*Mobarakeh Steel,2900.0,2945.0,2800.0,2850.0,252076123732.0,88434887,4226,D,2886.0,2800.0,59.51541285715285,60.438927884246574,57.46315724138893,58.48928504927089,59.22809707094589,57.46315724138893,5173246405.289903
2017-12-16,S*Mobarakeh Steel,2840.0,2900.0,2800.0,2826.0,351965536067.0,124551445,5033,D,2850.0,2898.0,58.284059487694506,59.51541285715285,57.46315724138893,57.996743701487546,58.48928504927089,59.47436774483756,7223232479.488487
2017-12-17,S*Mobarakeh Steel,2900.0,2949.0,2830.0,2850.0,522764159313.0,183433032,6246,D,2826.0,2869.0,59.51541285715285,60.521018108877136,58.0788339261181,58.48928504927089,57.996743701487546,58.879213616266036,10728456816.701935
2017-12-18,S*Mobarakeh Steel,2860.0,2900.0,2854.0,2871.0,92672185547.0,32281473,1612,D,2850.0,2860.0,58.69451061084726,59.51541285715285,58.57137527390146,58.92025872858128,58.48928504927089,58.69451061084726,1901870132.13944
2017-12-19,S*Mobarakeh Steel,2851.0,2874.0,2848.0,2854.0,68572125585.0,24026270,1478,D,2871.0,2849.0,58.509807605428534,58.98182639705421,58.4482399369556,58.57137527390146,58.92025872858128,58.46876249311325,1407275298.1668305
2017-12-20,S*Mobarakeh Steel,2853.0,2936.0,2852.0,2890.0,105023145405.0,36335911,2022,D,2854.0,2920.0,58.55085271774381,60.25422487882783,58.53033016158618,59.31018729557643,58.57137527390146,59.925863980305614,2155343399.4259896
2017-12-23,S*Mobarakeh Steel,2929.0,3025.0,2929.0,2997.0,276616664793.0,92302517,4285,D,2890.0,3010.0,60.11056698572436,62.08073237685768,60.11056698572436,61.5061008044438,59.31018729557643,61.77289403449313,5676881037.35312
2017-12-24,S*Mobarakeh Steel,3002.0,3034.0,2999.0,3014.0,80939191953.0,26851650,1724,D,2997.0,3020.0,61.608713585232,62.26543538227645,61.547145916759085,61.85498425912367,61.5061008044438,61.97811959606952,1661079112.2093575
2017-12-25,S*Mobarakeh Steel,3021.0,3124.0,3020.0,3093.0,242875364486.0,78531773,3863,D,3014.0,3119.0,61.99864215222715,64.11246543646396,61.97811959606952,63.47626619557712,61.85498425912367,64.00985265567574,4984423306.970954
2017-12-26,S*Mobarakeh Steel,3127.0,3129.0,3024.0,3077.0,117889054979.0,38307067,2625,D,3093.0,3090.0,64.17403310493685,64.21507821725217,62.060209820700074,63.147905297054905,63.47626619557712,63.414698527104235,2419384751.1775084
2017-12-27,S*Mobarakeh Steel,3080.0,3087.0,3001.0,3038.0,146140431622.0,48098134,2712,D,3077.0,3005.0,63.20947296552782,63.353130858631324,61.588191029074345,62.34752560690701,63.147905297054905,61.670281253704935,2999175214.8640833
2017-12-30,S*Mobarakeh Steel,3000.0,3041.0,2911.0,3000.0,217755199535.0,72586869,3269,D,3038.0,2983.0,61.567668472916736,62.409093275379924,59.741160974886874,61.567668472916736,62.34752560690701,61.21878501823685,4468893311.074903
2017-12-31,S*Mobarakeh Steel,2950.0,3005.0,2850.0,2943.0,501339798823.0,170346099,7363,D,3000.0,3001.0,60.54154066503476,61.670281253704935,58.48928504927089,60.39788277193127,61.567668472916736,61.588191029074345,10288774175.404411
2018-01-01,S*Mobarakeh Steel,2963.0,3014.0,2943.0,2964.0,123374794651.0,41629722,2296,D,2943.0,2965.0,60.80833389508409,61.85498425912367,60.39788277193127,60.828856451241734,60.39788277193127,60.84937900739936,2531966151.6623154
2018-01-02,S*Mobarakeh Steel,2980.0,2990.0,2924.0,2956.0,139152823246.0,47074830,2137,D,2964.0,2940.0,61.157217349763954,61.36244291134035,60.007954204936155,60.66467600198062,60.828856451241734,60.336315103458396,2855771629.560035
2018-01-03,S*Mobarakeh Steel,2970.0,2970.0,2913.0,2934.0,59818464932.0,20388813,1261,D,2956.0,2950.0,60.951991788187534,60.951991788187534,59.782206087202134,60.213179766512546,60.66467600198062,60.54154066503476,1227627805.8307235
2018-01-06,S*Mobarakeh Steel,2905.0,2976.0,2905.0,2945.0,88353324666.0,30003330,1498,D,2934.0,2931.0,59.618025637941024,61.07512712513339,59.618025637941024,60.438927884246574,60.213179766512546,60.15161209803962,1813236067.1720877
2018-01-07,S*Mobarakeh Steel,2950.0,2957.0,2857.0,2895.0,97331074569.0,33622303,2111,D,2945.0,2870.0,60.54154066503476,60.68519855813825,58.63294294237436,59.41280007636463,60.438927884246574,58.89973617242367,1997482443.7256424
2018-01-08,S*Mobarakeh Steel,2890.0,2922.0,2865.0,2890.0,84108777703.0,29104036,1397,D,2895.0,2871.0,59.31018729557643,59.9669090926209,58.797123391635466,59.31018729557643,59.41280007636463,58.92025872858128,1726127113.7601848
2018-01-09,S*Mobarakeh Steel,2891.0,2895.0,2851.0,2860.0,52048786054.0,18197832,1131,D,2890.0,2861.0,59.330709851734085,59.41280007636463,58.509807605428534,58.69451061084726,59.31018729557643,58.7150331670049,1068174134.7301474
2018-01-10,S*Mobarakeh Steel,2850.0,2870.0,2834.0,2848.0,106416704375.0,37371765,1823,D,2860.0,2840.0,58.48928504927089,58.89973617242367,58.16092415074865,58.4482399369556,58.69451061084726,58.284059487694506,2183942791.6467953
2018-01-13,S*Mobarakeh Steel,2895.0,2917.0,2846.0,2880.0,63077148101.0,21902045,1265,D,2848.0,2874.0,59.41280007636463,59.8642963118327,58.40719482464032,59.10496173400005,58.4482399369556,58.98182639705421,1294504314.166479
2018-01-14,S*Mobarakeh Steel,2899.0,2999.0,2891.0,2958.0,215366213048.0,72815892,3713,D,2880.0,2970.0,59.494890300995216,61.547145916759085,59.330709851734085,60.70572111429588,59.10496173400005,60.951991788187534,4419865201.735605
2018-01-15,S*Mobarakeh Steel,3000.0,3035.0,3000.0,3017.0,136687324921.0,45304390,2424,D,2958.0,3017.0,61.567668472916736,62.28595793843409,61.567668472916736,61.91655192759659,60.70572111429588,61.91655192759659,2805173301.728659
2018-01-16,S*Mobarakeh Steel,3040.0,3080.0,3035.0,3059.0,143297343364.0,46843572,2623,D,3017.0,3067.0,62.388570719222265,63.20947296552782,62.28595793843409,62.77849928621741,61.91655192759659,62.942679735478514,2940827776.4281554
2018-01-17,S*Mobarakeh Steel,3050.0,3137.0,3050.0,3100.0,149642271518.0,48264548,2564,D,3059.0,3099.0,62.593796280798664,64.37925866651325,62.593796280798664,63.619924088680605,62.77849928621741,63.59940153252298,3071041920.7848043
2018-01-20,S*Mobarakeh Steel,3090.0,3130.0,2985.0,3050.0,89522887741.0,29352618,2256,D,3100.0,3000.0,63.414698527104235,64.23560077340977,61.25983013055215,62.593796280798664,63.619924088680605,61.567668472916736,1837238491.0586767
2018-01-21,S*Mobarakeh Steel,3000.0,3000.0,2957.0,2977.0,53070906904.0,17826533,1370,D,3050.0,2975.0,61.567668472916736,61.567668472916736,60.68519855813825,61.095649681291015,62.593796280798664,61.05460456897573,1089150667.2741663
2018-01-22,S*Mobarakeh Steel,2973.0,3025.0,2968.0,2985.0,46175440433.0,15470465,1125,D,2977.0,2982.0,61.013559456660474,62.08073237685768,60.91094667587227,61.25983013055215,61.095649681291015,61.198262462079214,947638069.389953
2018-01-23,S*Mobarakeh Steel,2985.0,3010.0,2970.0,2985.0,51127531954.0,17127052,1085,D,2985.0,3010.0,61.25983013055215,61.77289403449313,60.951991788187534,61.25983013055215,61.25983013055215,61.77289403449313,1049267645.7274427
2018-01-24,S*Mobarakeh Steel,3012.0,3047.0,2950.0,2998.0,115262414192.0,38447670,1999,D,2985.0,2950.0,61.813939146808394,62.532228612325746,60.54154066503476,61.52662336060146,61.25983013055215,60.54154066503476,2365479368.1203566
2018-01-27,S*Mobarakeh Steel,2964.0,2964.0,2890.0,2906.0,120923354007.0,41606913,2553,D,2998.0,2918.0,60.828856451241734,60.828856451241734,59.31018729557643,59.638548194098675,61.52662336060146,59.88481886799033,2481656323.378707
2018-01-28,S*Mobarakeh Steel,2910.0,2934.0,2891.0,2905.0,78977970243.0,27187774,1529,D,2906.0,2894.0,59.720638418729216,60.213179766512546,59.330709851734085,59.618025637941024,59.638548194098675,59.39227752020698,1620829829.5283015
2018-01-29,S*Mobarakeh Steel,2890.0,2900.0,2860.0,2879.0,68901273911.0,23928711,1718,D,2905.0,2867.0,59.31018729557643,59.51541285715285,58.69451061084726,59.08443917784239,59.618025637941024,58.83816850395075,1414030263.1713583
2018-01-30,S*Mobarakeh Steel,2881.0,2904.0,2851.0,2878.0,60497516479.0,21020330,1319,D,2879.0,2851.0,59.125484290157694,59.59750308178338,58.509807605428534,59.063916621684754,59.08443917784239,58.509807605428534,1241563679.3379624
2018-01-31,S*Mobarakeh Steel,2851.0,2894.0,2842.0,2855.0,49138434871.0,17209294,1215,D,2878.0,2849.0,58.509807605428534,59.39227752020698,58.325104600009766,58.59189783005908,59.063916621684754,58.46876249311325,1008446289.1385792
2018-02-03,S*Mobarakeh Steel,2840.0,2848.0,2777.0,2795.0,94968596505.0,33971980,2434,D,2855.0,2789.0,58.284059487694506,58.4482399369556,56.991138449763234,57.36054446060076,58.59189783005908,57.23740912365491,1948998354.9860125
2018-02-04,S*Mobarakeh Steel,2785.0,2830.0,2780.0,2801.0,70533256931.0,25181768,1513,D,2795.0,2795.0,57.15531889902435,58.0788339261181,57.05270611823617,57.48367979754658,57.36054446060076,57.36054446060076,1447522726.347621
2018-02-05,S*Mobarakeh Steel,2805.0,2844.0,2782.0,2818.0,57811727103.0,20516541,1279,D,2801.0,2834.0,57.56577002217714,58.36614971232506,57.093751230551426,57.83256325222643,57.48367979754658,58.16092415074865,1186444416.0414128
2018-02-06,S*Mobarakeh Steel,2845.0,2897.0,2830.0,2868.0,94218736928.0,32850443,2105,D,2818.0,2896.0,58.38667226848269,59.45384518867991,58.0788339261181,58.858691060108384,57.83256325222643,59.433322632522284,1933609319.7066872
2018-02-07,S*Mobarakeh Steel,2899.0,2989.0,2883.0,2962.0,124153070603.0,41917158,2576,D,2868.0,2985.0,59.494890300995216,61.341920355182694,59.166529402473,60.78781133892643,58.858691060108384,61.25983013055215,2547938363.5933757
2018-02-13,S*Mobarakeh Steel,3011.0,3015.0,2968.0,2994.0,84039527773.0,28072068,1826,D,2962.0,2974.0,61.79341659065075,61.87550681528128,60.91094667587227,61.44453313597088,60.78781133892643,61.0340820128181,1724705928.1828473
2018-02-14,S*Mobarakeh Steel,2982.0,3005.0,2969.0,2988.0,72738414293.0,24340332,1444,D,2994.0,2993.0,61.198262462079214,61.670281253704935,60.93146923202992,61.321397799025064,61.44453313597088,61.42401057981327,1492778192.145697
2018-02-17,S*Mobarakeh Steel,2968.0,2990.0,2915.0,2963.0,47598350982.0,16064570,1224,D,2988.0,2920.0,105.37593774925902,106.1570262366188,103.49422457516515,105.19841763849547,106.08601819231336,103.67174468592872,1689932907.6976461
2018-02-18,S*Mobarakeh Steel,2920.0,2960.0,2885.0,2915.0,47620700665.0,16337263,1090,D,2963.0,2900.0,103.67174468592872,105.09190557203732,102.42910391058368,103.49422457516515,105.19841763849547,102.96166424287443,1690726411.3379848
2018-02-19,S*Mobarakeh Steel,2873.0,2940.0,2873.0,2908.0,31762867702.0,10921340,752,D,2915.0,2900.0,102.0030556447511,104.38182512898302,102.0030556447511,103.24569642009614,103.49422457516515,102.96166424287443,1127709558.5255735
2018-02-21,S*Mobarakeh Steel,2899.0,2899.0,2849.0,2867.0,55055187285.0,19205208,1319,D,2908.0,2890.0,102.92616022072173,102.92616022072173,101.15095911308593,101.7900315118348,103.24569642009614,102.60662402134723,1954680588.9885302
2018-02-24,S*Mobarakeh Steel,2875.0,2875.0,2840.0,2852.0,35760784047.0,12536904,978,D,2867.0,2845.0,102.07406368905652,102.07406368905652,100.83142291371149,101.25747117954408,101.7900315118348,101.00894302447506,1269651669.0031564
2018-02-25,S*Mobarakeh Steel,2846.0,2890.0,2841.0,2855.0,31938518003.0,11187659,785,D,2852.0,2853.0,101.04444704662775,102.60662402134723,100.86692693586421,101.3639832460022,101.25747117954408,101.29297520169679,1133945850.7034087
2018-02-26,S*Mobarakeh Steel,2876.0,2918.0,2868.0,2889.0,57107971684.0,19768483,1309,D,2855.0,2900.0,102.10956771120924,103.60073664162327,101.8255355339875,102.57111999919452,101.3639832460022,102.96166424287443,2027562691.7653744
2018-02-27,S*Mobarakeh Steel,2912.0,2975.0,2912.0,2945.0,64861578516.0,22021266,1375,D,2889.0,2931.0,103.38771250870698,105.62446590432802,103.38771250870698,104.55934523974658,102.57111999919452,104.06228892960854,2302846920.492147
2018-02-28,S*Mobarakeh Steel,2945.0,2969.0,2925.0,2946.0,28846320318.0,9792666,715,D,2945.0,2944.0,104.55934523974658,105.41144177141176,103.8492647966923,104.59484926189931,104.55934523974658,104.5238412175939,1024160395.5945935
2018-03-03,S*Mobarakeh Steel,2930.0,2930.0,2856.0,2880.0,58268950066.0,20232509,1089,D,2946.0,2857.0,104.02678490745589,104.02678490745589,101.39948726815493,102.25158379982008,104.59484926189931,101.43499129030765,2068782093.958726
2018-03-04,S*Mobarakeh Steel,2850.0,2900.0,2850.0,2877.0,45529253034.0,15824500,960,D,2880.0,2861.0,101.18646313523864,102.96166424287443,101.18646313523864,102.14507173336193,102.25158379982008,101.57700737891847,1616471608.315716
2018-03-05,S*Mobarakeh Steel,2877.0,2886.0,2856.0,2870.0,42521491647.0,14815132,717,D,2877.0,2856.0,102.14507173336193,102.4646079327364,101.39948726815493,101.89654357829295,102.14507173336193,101.39948726815493,1509683981.4015868
2018-03-06,S*Mobarakeh Steel,2857.0,2900.0,2850.0,2871.0,43133240604.0,15025026,936,D,2870.0,2851.0,101.43499129030765,102.96166424287443,101.18646313523864,101.93204760044561,101.89654357829295,101.22196715739136,1531403529.922815
2018-03-07,S*Mobarakeh Steel,2870.0,2880.0,2849.0,2871.0,72737967646.0,25338045,1163,D,2871.0,2850.0,101.89654357829295,102.25158379982008,101.15095911308593,101.93204760044561,101.93204760044561,101.18646313523864,2582490414.6470737
2018-03-10,S*Mobarakeh Steel,2875.0,2878.0,2820.0,2850.0,70399229221.0,24699626,1195,D,2871.0,2822.0,102.07406368905652,102.18057575551462,100.12134247065723,101.18646313523864,101.93204760044561,100.1923505149626,2499455793.796467
2018-03-11,S*Mobarakeh Steel,2820.0,2832.0,2803.0,2820.0,52339519726.0,18563047,1014,D,2850.0,2830.0,100.12134247065723,100.54739073648976,99.517774094061,100.12134247065723,101.18646313523864,100.47638269218432,1858263467.8143837
2018-03-12,S*Mobarakeh Steel,2833.0,2850.0,2818.0,2841.0,28013877995.0,9861803,737,D,2820.0,2840.0,100.58289475864245,101.18646313523864,100.05033442635172,100.86692693586421,100.12134247065723,100.83142291371149,994605344.9179441
2018-03-13,S*Mobarakeh Steel,2849.0,2880.0,2843.0,2871.0,63130085501.0,21989200,904,D,2841.0,2870.0,101.15095911308593,102.25158379982008,100.93793498016962,101.93204760044561,100.86692693586421,101.89654357829295,2241371954.130316
2018-03-14,S*Mobarakeh Steel,2879.0,2880.0,2834.0,2852.0,45500572277.0,15954051,828,D,2871.0,2855.0,102.21607977766733,102.25158379982008,100.61839878079516,101.25747117954408,101.93204760044561,101.3639832460022,1615453326.0838323
2018-03-17,S*Mobarakeh Steel,2864.0,2870.0,2834.0,2846.0,46210925745.0,16235924,827,D,2852.0,2853.0,101.68351944537662,101.89654357829295,100.61839878079516,101.04444704662775,101.25747117954408,101.29297520169679,1640673731.3479624
2018-03-18,S*Mobarakeh Steel,2849.0,2850.0,2819.0,2829.0,50475305226.0,17839730,952,D,2846.0,2826.0,101.15095911308593,101.18646313523864,100.08583844850445,100.44087867003161,101.04444704662775,100.33436660357346,1792076354.9089706
2018-03-19,S*Mobarakeh Steel,2844.0,2905.0,2828.0,2877.0,42533165101.0,14782742,916,D,2829.0,2875.0,100.97343900232235,103.13918435363797,100.40537464787889,102.14507173336193,100.44087867003161,102.07406368905652,1510098435.9710019
2018-03-25,S*Mobarakeh Steel,2900.0,2900.0,2850.0,2872.0,14352200501.0,4996777,338,D,2877.0,2870.0,102.96166424287443,102.96166424287443,101.18646313523864,101.96755162259835,102.14507173336193,101.89654357829295,509560844.5277158
2018-03-26,S*Mobarakeh Steel,2898.0,2900.0,2867.0,2880.0,14028150601.0,4871709,333,D,2872.0,2894.0,102.89065619856898,102.96166424287443,101.7900315118348,102.25158379982008,101.96755162259835,102.74864010995807,498055769.69953054
2018-03-27,S*Mobarakeh Steel,2871.0,2898.0,2869.0,2885.0,18063694991.0,6262255,398,D,2880.0,2880.0,101.93204760044561,102.89065619856898,101.86103955614024,102.42910391058368,102.25158379982008,102.25158379982008,641333827.1203564
2018-03-28,S*Mobarakeh Steel,2895.0,2962.0,2893.0,2946.0,80376702920.0,27284175,1661,D,2885.0,2960.0,102.78414413211081,105.16291361634272,102.71313608780538,104.59484926189931,102.42910391058368,105.09190557203732,2853696241.0338974
2018-04-03,S*Mobarakeh Steel,2972.0,3009.0,2971.0,2994.0,52254090973.0,17451836,1361,D,2946.0,2985.0,105.51795383786994,106.83160265752034,105.48244981571717,106.29904232522962,104.59484926189931,105.97950612585522,1855230403.4753933
2018-04-04,S*Mobarakeh Steel,2980.0,2995.0,2941.0,2963.0,18975771145.0,6403809,651,D,2994.0,2950.0,105.80198601509164,106.33454634738236,104.4173291511357,105.19841763849547,106.29904232522962,104.73686535051013,673716199.0969361
2018-04-07,S*Mobarakeh Steel,2961.0,2961.0,2860.0,2905.0,35276781177.0,12142140,1046,D,2963.0,2875.0,105.12740959419006,105.12740959419006,101.54150335676576,103.13918435363797,105.19841763849547,102.07406368905652,1252467620.3846984
2018-04-08,S*Mobarakeh Steel,2880.0,2898.0,2820.0,2864.0,70121467957.0,24483397,1285,D,2905.0,2860.0,102.25158379982008,102.89065619856898,100.12134247065723,101.68351944537662,103.13918435363797,101.54150335676576,2489594151.726245
2018-04-09,S*Mobarakeh Steel,2899.0,3007.0,2855.0,2978.0,214040022651.0,71882390,3749,D,2864.0,3007.0,102.92616022072173,106.76059461321492,101.3639832460022,105.73097797078623,101.68351944537662,106.76059461321492,7599281705.768788
2018-04-10,S*Mobarakeh Steel,2949.0,2949.0,2845.0,2895.0,92552478471.0,31965771,1502,D,2978.0,2910.0,104.70136132835745,104.70136132835745,101.00894302447506,102.78414413211081,105.73097797078623,103.31670446440154,3285985245.923091
2018-04-11,S*Mobarakeh Steel,2920.0,2920.0,2845.0,2870.0,59185441646.0,20625075,971,D,2895.0,2860.0,103.67174468592872,103.67174468592872,101.00894302447506,101.89654357829295,102.78414413211081,101.54150335676576,2101321231.3178236
2018-04-15,S*Mobarakeh Steel,2899.0,2900.0,2835.0,2865.0,22010453300.0,7683619,652,D,2870.0,2839.0,102.92616022072173,102.96166424287443,100.65390280294788,101.71902346752935,101.89654357829295,100.79591889155881,781459621.5545058
2018-04-16,S*Mobarakeh Steel,2854.0,2857.0,2780.0,2805.0,62147042009.0,22152127,1442,D,2865.0,2790.0,101.32847922384953,101.43499129030765,98.70118158454858,99.58878213836645,101.71902346752935,99.05622180607571,2206469956.213265
2018-04-17,S*Mobarakeh Steel,2800.0,2850.0,2800.0,2820.0,28189256025.0,9995389,665,D,2805.0,2811.0,99.41126202760285,101.18646313523864,99.41126202760285,100.12134247065723,99.58878213836645,99.80180627128274,1000831970.3801636
2018-04-18,S*Mobarakeh Steel,2815.0,2868.0,2795.0,2815.0,54670202223.0,19423324,942,D,2820.0,2800.0,99.9438223598936,101.8255355339875,99.2337419168393,99.9438223598936,100.12134247065723,99.41126202760285,1941012070.8188176
2018-04-21,S*Mobarakeh Steel,2810.0,2810.0,2748.0,2765.0,42755440177.0,15460879,1212,D,2815.0,2755.0,99.76630224913,99.76630224913,97.56505287566166,98.16862125225784,99.9438223598936,97.81358103073067,1517990095.1933022
2018-04-22,S*Mobarakeh Steel,2777.0,2777.0,2709.0,2720.0,57553804620.0,21161331,1541,D,2765.0,2720.0,98.5946695180904,98.5946695180904,96.18039601170578,96.57094025538564,98.16862125225784,96.57094025538564,2043391554.201528
2018-04-23,S*Mobarakeh Steel,2710.0,2780.0,2705.0,2746.0,33237868904.0,12102022,919,D,2720.0,2767.0,96.21590003385847,98.70118158454858,96.03837992309491,97.49404483135623,96.57094025538564,98.23962929656325,1180078033.8766634
2018-04-24,S*Mobarakeh Steel,2751.0,2847.0,2751.0,2811.0,28582566700.0,10168338,790,D,2746.0,2824.0,97.6715649421198,101.07995106878049,97.6715649421198,99.80180627128274,97.49404483135623,100.26335855926806,1014796081.2982628
2018-04-25,S*Mobarakeh Steel,2810.0,2870.0,2810.0,2857.0,36900353998.0,12916078,862,D,2811.0,2842.0,99.76630224913,101.89654357829295,99.76630224913,101.43499129030765,99.80180627128274,100.9024309580169,1310110985.7880287
2018-04-28,S*Mobarakeh Steel,2839.0,2839.0,2760.0,2794.0,26478458403.0,9476921,617,D,2857.0,2770.0,100.79591889155881,100.79591889155881,97.99110114149424,99.19823789468659,101.43499129030765,98.34614136302137,940091773.7098627
2018-04-29,S*Mobarakeh Steel,2755.0,2808.0,2745.0,2767.0,18621039243.0,6729069,475,D,2794.0,2756.0,97.81358103073067,99.69529420482459,97.45854080920353,98.23962929656325,99.19823789468659,97.84908505288341,661121789.7900534
2018-04-30,S*Mobarakeh Steel,2750.0,2777.0,2725.0,2744.0,33791503490.0,12316400,723,D,2767.0,2732.0,97.63606091996711,98.5946695180904,96.74846036614923,97.42303678705079,98.23962929656325,96.99698852121826,1199734288.4825168
2018-05-01,S*Mobarakeh Steel,2724.0,2791.0,2716.0,2753.0,25574426464.0,9289806,543,D,2744.0,2779.0,96.71295634399652,99.09172582822843,96.4289241667748,97.74257298642524,97.42303678705079,98.66567756239587,907995003.7208446
2018-05-05,S*Mobarakeh Steel,2779.0,2783.0,2716.0,2749.0,31200274719.0,11348083,591,D,2753.0,2716.0,98.66567756239587,98.80769365100669,96.4289241667748,97.6005568978144,97.74257298642524,96.4289241667748,1107735244.7941792
2018-05-06,S*Mobarakeh Steel,2721.0,2818.0,2721.0,2774.0,58697741597.0,21158893,862,D,2749.0,2780.0,96.60644427753834,100.05033442635172,96.60644427753834,98.48815745163223,97.6005568978144,98.70118158454858,2084005917.9742465
2018-05-07,S*Mobarakeh Steel,2770.0,2869.0,2770.0,2850.0,43346921906.0,15209253,963,D,2774.0,2850.0,98.34614136302137,101.86103955614024,98.34614136302137,101.18646313523864,98.48815745163223,101.18646313523864,1538990075.6026444
2018-05-08,S*Mobarakeh Steel,2851.0,2885.0,2812.0,2852.0,35994840446.0,12619088,803,D,2850.0,2823.0,101.22196715739136,102.42910391058368,99.83731029343548,101.25747117954408,101.18646313523864,100.22785453711532,1277961612.5782373
2018-05-09,S*Mobarakeh Steel,2845.0,2845.0,2741.0,2813.0,231983977452.0,82480996,2477,D,2852.0,2770.0,101.00894302447506,101.00894302447506,97.31652472059262,99.87281431558816,101.25747117954408,98.34614136302137,8236364274.530817
2018-05-12,S*Mobarakeh Steel,2799.0,2848.0,2778.0,2805.0,154264712259.0,54993816,2278,D,2813.0,2780.0,99.37575800545014,101.1154550909332,98.63017354024313,99.58878213836645,99.87281431558816,98.70118158454858,5477017761.42579
2018-05-13,S*Mobarakeh Steel,2810.0,2823.0,2793.0,2809.0,95543381999.0,34008762,1412,D,2805.0,2818.0,99.76630224913,100.22785453711532,99.16273387253388,99.73079822697731,99.58878213836645,100.05033442635172,3392174351.0378375
2018-05-14,S*Mobarakeh Steel,2824.0,2860.0,2823.0,2849.0,92885367850.0,32605876,1973,D,2809.0,2850.0,100.26335855926806,101.54150335676576,100.22785453711532,101.15095911308593,99.73079822697731,101.18646313523864,3297804157.80951
2018-05-15,S*Mobarakeh Steel,2866.0,2885.0,2840.0,2856.0,42067677554.0,14729419,896,D,2849.0,2849.0,101.75452748968208,102.42910391058368,100.83142291371149,101.39948726815493,101.15095911308593,101.15095911308593,1493571755.7905004
2018-05-16,S*Mobarakeh Steel,2860.0,2864.0,2841.0,2854.0,51076322582.0,17896328,766,D,2856.0,2858.0,101.54150335676576,101.68351944537662,100.86692693586421,101.32847922384953,101.39948726815493,101.47049531246034,1813414888.4305606
2018-05-19,S*Mobarakeh Steel,2850.0,2870.0,2840.0,2855.0,38682705665.0,13550682,762,D,2854.0,2855.0,101.18646313523864,101.89654357829295,100.83142291371149,101.3639832460022,101.32847922384953,101.3639832460022,1373391638.857126
2018-05-20,S*Mobarakeh Steel,2851.0,2910.0,2851.0,2888.0,55265983574.0,19134426,1176,D,2855.0,2910.0,101.22196715739136,103.31670446440154,101.22196715739136,102.53561597704183,101.3639832460022,103.31670446440154,1962164705.1028967
2018-05-21,S*Mobarakeh Steel,2911.0,2936.0,2896.0,2912.0,84131610450.0,28889926,1511,D,2888.0,2918.0,103.35220848655429,104.23980904037214,102.81964815426355,103.38771250870698,102.53561597704183,103.60073664162327,2987010561.1604147
2018-05-22,S*Mobarakeh Steel,2920.0,2958.0,2919.0,2931.0,65917225323.0,22488717,1269,D,2912.0,2923.0,103.67174468592872,105.02089752773188,103.63624066377598,104.06228892960854,103.38771250870698,103.77825675238685,2340326628.113319
2018-05-23,S*Mobarakeh Steel,2911.0,2969.0,2911.0,2948.0,118021327356.0,40031614,2006,D,2931.0,2960.0,103.35220848655429,105.41144177141176,103.35220848655429,104.66585730620476,104.06228892960854,105.09190557203732,4190231820.9402905
2018-05-26,S*Mobarakeh Steel,2990.0,3095.0,2982.0,3059.0,277516278053.0,90732912,4534,D,2948.0,3070.0,106.1570262366188,109.8849485626539,105.87299405939704,108.60680376515612,104.66585730620476,108.99734800883603,9852944083.732813
2018-05-27,S*Mobarakeh Steel,3077.0,3077.0,3026.0,3047.0,106533635213.0,34966579,2069,D,3059.0,3049.0,109.24587616390498,109.24587616390498,107.43517103411655,108.18075549932354,108.60680376515612,108.25176354362901,3782372544.611644
2018-05-28,S*Mobarakeh Steel,3047.0,3083.0,3035.0,3051.0,97963798370.0,32109161,1800,D,3047.0,3045.0,108.18075549932354,109.45890029682133,107.75470723349098,108.32277158793445,108.18075549932354,108.1097474550181,3478108867.4926147
2018-05-29,S*Mobarakeh Steel,3062.0,3071.0,3051.0,3062.0,57373026749.0,18736708,1248,D,3051.0,3060.0,108.71331583161425,109.03285203098872,108.32277158793445,108.71331583161425,108.32277158793445,108.64230778730887,2036973212.6648233
2018-05-30,S*Mobarakeh Steel,3069.0,3155.0,3060.0,3114.0,220926548077.0,70955603,3487,D,3062.0,3155.0,108.96184398668325,112.01518989181682,108.64230778730887,110.55952498355546,108.71331583161425,112.01518989181682,7843781057.048734
2018-06-02,S*Mobarakeh Steel,3152.0,3220.0,3152.0,3191.0,148939821389.0,46675306,2532,D,3114.0,3189.0,111.90867782535864,114.3229513317433,111.90867782535864,113.29333468931452,110.55952498355546,113.22232664500912,5287962718.016517
2018-06-03,S*Mobarakeh Steel,3198.0,3253.0,3180.0,3221.0,86017025740.0,26701381,2009,D,3191.0,3250.0,113.54186284438354,115.49458406278295,112.90279044563471,114.358455353896,113.29333468931452,115.38807199632474,3053950387.3836427
2018-06-09,S*Mobarakeh Steel,3255.0,3268.0,3222.0,3241.0,49029426855.0,15127234,1171,D,3221.0,3235.0,115.56559210708835,116.02714439507363,114.39395937604871,115.06853579695034,114.358455353896,114.85551166403405,1740741857.1948552
2018-06-10,S*Mobarakeh Steel,3229.0,3239.0,3165.0,3195.0,118420605122.0,37066828,1982,D,3241.0,3165.0,114.6424875311177,114.9975277526449,112.37023011334395,113.43535077792542,115.06853579695034,112.37023011334395,4204407787.5894403
2018-06-11,S*Mobarakeh Steel,3190.0,3196.0,3152.0,3182.0,93231062411.0,29303794,1427,D,3195.0,3193.0,113.25783066716187,113.47085480007813,111.90867782535864,112.97379848994011,113.43535077792542,113.36434273361999,3310077705.161329
2018-06-12,S*Mobarakeh Steel,3196.0,3320.0,3185.0,3266.0,117200166333.0,35889978,1973,D,3182.0,3320.0,113.47085480007813,117.87335354701479,113.08031055639827,115.9561363507682,112.97379848994011,117.87335354701479,4161077301.78875
2018-06-13,S*Mobarakeh Steel,3351.0,3429.0,3351.0,3427.0,451157404476.0,131646682,3830,D,3266.0,3429.0,118.973978233749,121.74329196166079,118.973978233749,121.67228391735537,115.9561363507682,121.74329196166079,16017902482.877443
2018-06-17,S*Mobarakeh Steel,3598.0,3598.0,3521.0,3598.0,724824181995.0,201455433,5592,D,3427.0,3598.0,127.74347170546964,127.74347170546964,125.00966199971063,127.74347170546964,121.67228391735537,127.74347170546964,25734173814.374233
2018-06-18,S*Mobarakeh Steel,3750.0,3777.0,3660.0,3726.0,617122592881.0,165621502,7669,D,3598.0,3670.0,133.14008307268242,134.09869167080575,129.94472107893804,132.28798654101723,127.74347170546964,130.29976130046518,21910334208.588135
2018-06-19,S*Mobarakeh Steel,3700.0,3912.0,3650.0,3835.0,281597930729.0,73433191,3736,D,3726.0,3912.0,131.36488196504666,138.89173466142228,129.5896808574109,136.1579249556632,132.28798654101723,138.89173466142228,9997859170.761206
2018-06-20,S*Mobarakeh Steel,4003.0,4003.0,3855.0,3916.0,335674337741.0,85715572,4135,D,3835.0,3880.0,142.12260067731935,142.12260067731935,136.86800539871754,139.03375075003316,136.1579249556632,137.7556059525354,11917789123.254501
2018-06-23,S*Mobarakeh Steel,3900.0,3983.0,3831.0,3901.0,237560947781.0,60903357,3370,D,3916.0,3962.0,138.46568639558967,141.41252023426512,136.01590886705236,138.50119041774238,139.03375075003316,140.66693576905806,8434369152.63667
2018-06-24,S*Mobarakeh Steel,3960.0,4096.0,3960.0,4084.0,873648556218.0,213915020,9509,D,3901.0,4094.0,140.59592772475264,145.42447473752193,140.59592772475264,144.99842647168933,138.50119041774238,145.3534666932165,31018037693.65162
2018-06-25,S*Mobarakeh Steel,4200.0,4288.0,4195.0,4286.0,1347754650136.0,314465711,11974,D,4084.0,4288.0,149.11689304140432,152.24124699084325,148.93937293064073,152.17023894653778,144.99842647168933,152.24124699084325,47850710954.85361
2018-06-26,S*Mobarakeh Steel,4270.0,4299.0,4073.0,4193.0,461115747987.0,109984278,6138,D,4286.0,4170.0,151.60217459209434,152.63179123452312,144.60788222800946,148.86836488633529,152.17023894653778,148.0517723768228,16371463731.49634
2018-06-27,S*Mobarakeh Steel,4200.0,4249.0,3984.0,4028.0,696611505656.0,172942555,6826,D,4193.0,3985.0,149.11689304140432,150.8565901268874,141.44802425641782,143.01020123113727,148.86836488633529,141.48352827857053,24732510328.64699
2018-06-30,S*Mobarakeh Steel,4035.0,4145.0,3911.0,4029.0,395620698545.0,98181934,5121,D,4028.0,3976.0,143.25872938620626,147.16417182300498,138.85623063926954,143.04570525328995,143.01020123113727,141.1639920791961,14046126045.214382
2018-07-01,S*Mobarakeh Steel,3940.0,3980.0,3828.0,3855.0,480047108372.0,124521862,5353,D,4029.0,3850.0,139.88584728169832,141.30600816780694,135.90939680059424,136.86800539871754,143.04570525328995,136.69048528795392,17043603169.986418
2018-07-02,S*Mobarakeh Steel,3851.0,4019.0,3851.0,3963.0,243324059820.0,61392817,3213,D,3855.0,3998.0,136.72598931010666,142.69066503176285,136.72598931010666,140.70243979121074,136.86800539871754,141.94508056655582,8638982810.137905
2018-07-03,S*Mobarakeh Steel,4040.0,4161.0,4003.0,4131.0,373526496893.0,90416960,4665,D,3963.0,4143.0,143.43624949696985,147.73223617744839,142.12260067731935,146.66711551286693,140.70243979121074,147.09316377869953,13261693020.315218
2018-07-04,S*Mobarakeh Steel,4200.0,4210.0,4011.0,4129.0,236859135124.0,57360799,3336,D,4131.0,4090.0,149.11689304140432,149.47193326293146,142.40663285454104,146.59610746856157,146.66711551286693,145.21145060460563,8409451980.515485
2018-07-07,S*Mobarakeh Steel,4097.0,4097.0,3943.0,3994.0,220247110013.0,55146314,2598,D,4129.0,3950.0,145.45997875967464,145.45997875967464,139.9923593481564,141.80306447794493,146.59610746856157,140.24088750322542,7819658272.973079
2018-07-08,S*Mobarakeh Steel,3980.0,3991.0,3948.0,3964.0,100202032205.0,25279568,1602,D,3994.0,3962.0,141.30600816780694,141.69655241148678,140.16987945892,140.73794381336344,141.80306447794493,140.66693576905806,3557575171.1534133
2018-07-10,S*Mobarakeh Steel,4000.0,4100.0,3972.0,4001.0,211594450216.0,52885260,2598,D,3964.0,3980.0,142.0160886108613,145.56649082613274,141.02197599058516,142.05159263301394,140.73794381336344,141.30600816780694,7512454047.860481
2018-07-11,S*Mobarakeh Steel,3965.0,3968.0,3871.0,3919.0,170958823396.0,43621201,3346,D,4001.0,3900.0,140.7734478355162,140.87995990197433,137.43606975316095,139.1402628164913,142.05159263301394,138.46568639558967,6069725853.053727
2018-07-14,S*Mobarakeh Steel,3930.0,3938.0,3797.0,3836.0,157135711686.0,40962049,2723,D,3919.0,3800.0,139.53080706017118,139.8148392373929,134.80877211386002,136.19342897781593,139.1402628164913,134.91528418031817,5578949788.682429
2018-07-15,S*Mobarakeh Steel,3810.0,3845.0,3770.0,3807.0,110108697868.0,28922585,1773,D,3836.0,3844.0,135.27032440184536,136.5129651771903,133.85016351573674,135.16381233538715,136.19342897781593,136.47746115503767,3909301648.3121095
2018-07-16,S*Mobarakeh Steel,3814.0,3880.0,3801.0,3820.0,91306678600.0,23900477,1830,D,3807.0,3801.0,135.41234049045616,137.7556059525354,134.9507882024709,135.6253646233725,135.16381233538715,134.9507882024709,3241754339.705257
2018-07-17,S*Mobarakeh Steel,3820.0,3820.0,3770.0,3790.0,224879515853.0,59328181,3354,D,3820.0,3792.0,135.6253646233725,135.6253646233725,133.85016351573674,134.56024395879106,135.6253646233725,134.63125200309648,7984127312.536803
2018-07-23,S*Mobarakeh Steel,3641.0,3649.0,3601.0,3629.0,168606904784.0,46456843,1906,D,3540.0,3620.0,138.3993921621351,138.70348310893462,136.87893742813745,137.94325574193576,134.56024395879103,137.6011534267863,6408979164.088047
2018-07-24,S*Mobarakeh Steel,3638.0,3660.0,3560.0,3603.0,131305156698.0,36442057,1983,D,3629.0,3598.0,138.28535805708526,139.12160816078395,135.32047132578987,136.9549601648373,137.94325574193576,136.76490332308757,4991088677.494396
2018-07-25,S*Mobarakeh Steel,3600.0,3745.0,3591.0,3659.0,211950288754.0,57927106,3022,D,3603.0,3720.0,136.84092605978753,142.35257447052894,136.498823744638,139.083596792434,136.9549601648373,141.40229026178037,8056520497.704644
2018-07-28,S*Mobarakeh Steel,3841.0,3841.0,3830.0,3841.0,208102780190.0,54179527,1585,D,3659.0,3841.0,146.00166583212328,146.00166583212328,145.58354078027392,146.00166583212328,139.083596792434,146.00166583212328,7910271432.448889
2018-07-29,S*Mobarakeh Steel,4033.0,4033.0,3910.0,4009.0,552793189752.0,137902254,7293,D,3841.0,4033.0,153.29984855531194,153.29984855531194,148.62445024826923,152.38757571491337,146.00166583212328,153.29984855531194,21012425557.002087
2018-07-30,S*Mobarakeh Steel,4088.0,4209.0,4051.0,4202.0,570391352132.0,135735293,4624,D,4009.0,4209.0,155.39047381455867,159.98984938490156,153.9840531856109,159.723769806452,152.38757571491337,159.98984938490156,21681355789.510338
2018-07-31,S*Mobarakeh Steel,4412.0,4412.0,4412.0,4412.0,136481866880.0,30934240,700,D,4202.0,4412.0,167.70615715993952,167.70615715993952,167.70615715993952,167.70615715993952,159.723769806452,167.70615715993952,5187862515.063288
2018-08-01,S*Mobarakeh Steel,4538.0,4538.0,4325.0,4438.0,853187788922.0,192234557,10106,D,4412.0,4390.0,172.49558957203215,172.49558957203215,164.3991681134947,168.69445273703795,167.70615715993952,166.8699070562409,32430835316.385822
2018-08-04,S*Mobarakeh Steel,4389.0,4500.0,4333.0,4411.0,514057746875.0,116527538,6622,D,4438.0,4500.0,166.83189568789086,171.05115757473433,164.70325906029422,167.6681457915896,168.69445273703795,171.05115757473433,19540038369.606342
2018-08-05,S*Mobarakeh Steel,4525.0,4631.0,4525.0,4627.0,1205925512822.0,260608113,9152,D,4411.0,4631.0,172.0014417834829,176.03064682857664,172.0014417834829,175.87860135517684,167.6681457915896,176.03064682857664,45838878870.46849
2018-08-06,S*Mobarakeh Steel,4858.0,4858.0,4701.0,4851.0,1953665451188.0,402745783,15072,D,4627.0,4740.0,184.65922744401323,184.65922744401323,178.69144261307247,184.3931478655636,175.87860135517684,180.17388597872016,74261497097.66069
2018-08-07,S*Mobarakeh Steel,4770.0,4970.0,4671.0,4836.0,760408599921.0,157241306,11346,D,4851.0,4750.0,181.31422702921844,188.9165006992066,177.55110156257427,183.82297734031448,184.3931478655636,180.55399966221964,28904171388.060028
2018-08-08,S*Mobarakeh Steel,4830.0,4850.0,4690.0,4720.0,424967282363.0,90041745,5275,D,4836.0,4717.0,183.59490913021492,184.35513649721375,178.2733175612231,179.41365861172133,183.82297734031448,179.29962450667156,16153587906.573364
2018-08-11,S*Mobarakeh Steel,4675.0,4698.0,4561.0,4623.0,331422462670.0,71695309,4622,D,4720.0,4640.0,177.703147035974,178.57740850802267,173.36985104408078,175.72655588177707,179.41365861172133,176.37274914372608,12597821307.99393
2018-08-12,S*Mobarakeh Steel,4640.0,4815.0,4600.0,4672.0,315174775199.0,67466162,4080,D,4623.0,4630.0,176.37274914372608,183.02473860496576,174.8522944097285,177.58911293092422,175.72655588177707,175.99263546022664,11980224474.699028
2018-08-13,S*Mobarakeh Steel,4601.0,4610.0,4499.0,4536.0,316203804121.0,69704298,4062,D,4672.0,4570.0,174.89030577807839,175.23240809322783,171.01314620638445,172.41956683533226,177.58911293092422,173.71195335923022,12019339272.095915
2018-08-14,S*Mobarakeh Steel,4541.0,4740.0,4541.0,4645.0,475016899750.0,102268210,5102,D,4536.0,4665.0,172.60962367708194,180.17388597872016,172.60962367708194,176.5628059854758,172.41956683533226,177.3230333524746,18056042348.844227
2018-08-15,S*Mobarakeh Steel,4531.0,4588.0,4490.0,4524.0,418667341637.0,92549493,4623,D,4645.0,4560.0,172.22950999358252,174.3961579895292,170.67104389123494,171.96343041513296,176.5628059854758,173.33183967573083,15914118539.054585
2018-08-18,S*Mobarakeh Steel,4513.0,4600.0,4463.0,4522.0,193497088899.0,42787696,3148,D,4524.0,4590.0,171.54530536328357,174.8522944097285,169.6447369457866,171.88740767843305,171.96343041513296,174.4721807262291,7355089120.781162
2018-08-19,S*Mobarakeh Steel,4620.0,4738.0,4616.0,4667.0,157762039199.0,33805601,2768,D,4522.0,4621.0,175.61252177672725,180.0978632420203,175.46047630332748,177.39905608917445,171.88740767843305,175.6505331450772,5996750983.631018
2018-08-20,S*Mobarakeh Steel,4711.0,4900.0,4711.0,4885.0,1195117230634.0,244672211,9472,D,4667.0,4900.0,179.07155629657188,186.25570491471075,179.07155629657188,185.68553438946162,177.39905608917445,186.25570491471075,45428041274.99033
2018-08-21,S*Mobarakeh Steel,4755.0,4879.0,4700.0,4785.0,320462713960.0,66970452,4175,D,4885.0,4805.0,180.7440565039693,185.45746617936197,178.6534312447225,181.88439755446748,185.68553438946162,182.64462492146635,12181226262.75533
2018-08-25,S*Mobarakeh Steel,4820.0,4820.0,4591.0,4678.0,259403329285.0,55448842,4490,D,4785.0,4602.0,183.21479544671553,183.21479544671553,174.51019209457897,177.81718114102384,181.88439755446748,174.92831714642836,9860275500.653164
2018-08-26,S*Mobarakeh Steel,4600.0,4900.0,4582.0,4782.0,228300101531.0,47736849,3866,D,4678.0,4820.0,174.8522944097285,186.25570491471075,174.16808977942952,181.77036344941774,177.81718114102384,183.21479544671553,8677999253.623762
2018-08-27,S*Mobarakeh Steel,4880.0,4920.0,4752.0,4845.0,283712726890.0,58561180,3918,D,4782.0,4830.0,185.49547754771194,187.0159322817096,180.63002239891952,184.16507965546398,181.77036344941774,183.59490913021492,10784308967.381994
2018-08-28,S*Mobarakeh Steel,4770.0,4777.0,4603.0,4666.0,286873798006.0,61480035,3975,D,4845.0,4670.0,181.31422702921844,181.58030660766804,174.9663285147782,177.36104472082457,184.16507965546398,177.5130901942243,10904465605.952627
2018-08-29,S*Mobarakeh Steel,4681.0,4730.0,4589.0,4624.0,187258037816.0,40495751,2753,D,4666.0,4600.0,177.9312152460737,179.79377229522078,174.4341693578791,175.76456725012704,177.36104472082457,174.8522944097285,7117934251.91115
2018-09-01,S*Mobarakeh Steel,4610.0,4650.0,4499.0,4532.0,256619868506.0,56622339,4044,D,4624.0,4510.0,175.23240809322783,176.75286282722547,171.01314620638445,172.2675213619324,175.76456725012704,171.43127125823378,9754472347.694983
2018-09-02,S*Mobarakeh Steel,4530.0,4530.0,4388.0,4410.0,457765777491.0,103793052,5395,D,4532.0,4464.0,172.19149862523255,172.19149862523255,166.79388431954098,167.6301344232396,172.2675213619324,169.68274831413652,17400303586.207516
2018-09-03,S*Mobarakeh Steel,4490.0,4630.0,4401.0,4538.0,248745104783.0,54814083,3428,D,4410.0,4630.0,170.67104389123494,175.99263546022664,167.28803210809025,172.49558957203215,167.6301344232396,175.99263546022664,9455141803.151272
2018-09-04,S*Mobarakeh Steel,4690.0,4720.0,4590.0,4647.0,203763856242.0,43853092,3246,D,4538.0,4600.0,178.2733175612231,179.41365861172133,174.4721807262291,176.63882872217567,172.49558957203215,174.8522944097285,7745342996.019078
2018-09-05,S*Mobarakeh Steel,4610.0,4669.0,4521.0,4606.0,157147626780.0,34121226,2363,D,4647.0,4660.0,175.23240809322783,177.47507882587436,171.8493963100831,175.0803626198281,176.63882872217567,177.13297651072494,5973396326.853627
2018-09-08,S*Mobarakeh Steel,4641.0,4748.0,4579.0,4656.0,268475656069.0,57656889,4239,D,4606.0,4616.0,176.41076051207605,180.47797692551967,174.05405567437967,176.98093103732512,175.0803626198281,175.46047630332748,10205127055.830824
2018-09-09,S*Mobarakeh Steel,4600.0,4750.0,4575.0,4673.0,294298928648.0,62982378,4499,D,4656.0,4749.0,174.8522944097285,180.55399966221964,173.90201020097993,177.62712429927416,176.98093103732512,180.51598829386964,11186704981.83212
2018-09-10,S*Mobarakeh Steel,4780.0,4906.0,4780.0,4903.0,920716824926.0,187787517,7285,D,4673.0,4906.0,181.69434071271783,186.48377312481043,181.69434071271783,186.36973901976057,177.62712429927416,186.48377312481043,34997706378.250305
2018-09-11,S*Mobarakeh Steel,5050.0,5148.0,4955.0,5118.0,799976610803.0,156318564,7516,D,4903.0,5148.0,191.95741016720186,195.6825242654961,188.3463301739575,194.54218321499786,186.36973901976057,195.6825242654961,30408205624.570198
2018-09-12,S*Mobarakeh Steel,5373.0,5641.0,5373.0,5477.0,943633127730.0,172289926,8199,D,5118.0,5451.0,204.23508214423288,214.42212886201702,204.23508214423288,208.1882644526267,194.54218321499786,207.19996887552827,35868786405.35192
2018-09-15,S*Mobarakeh Steel,5589.0,5589.0,5250.0,5399.0,753842917464.0,139633614,10958,D,5477.0,5290.0,212.44553770782002,212.44553770782002,199.55968383719008,205.22337772133125,208.1882644526267,201.0801385711877,28654600813.71825
2018-09-16,S*Mobarakeh Steel,5250.0,5399.0,5130.0,5206.0,678112737342.0,130244731,7185,D,5399.0,5299.0,199.55968383719008,205.22337772133125,194.99831963519722,197.8871836297927,205.22337772133125,201.4222408863372,25775993041.893528
2018-09-17,S*Mobarakeh Steel,5310.0,5380.0,5150.0,5240.0,442470598627.0,84434172,5944,D,5206.0,5179.0,201.84036593818655,204.5011617226824,195.75854700219602,199.17957015369066,197.8871836297927,196.86087668434433,16818912908.429781
2018-09-18,S*Mobarakeh Steel,5140.0,5269.0,5061.0,5184.0,472377280862.0,91126951,5112,D,5240.0,5210.0,195.37843331869652,200.281899835839,192.3755352190512,197.050933526094,199.17957015369066,198.0392291031924,17955706822.989
2018-09-22,S*Mobarakeh Steel,5240.0,5310.0,5212.0,5262.0,369930657998.0,70299892,4932,D,5184.0,5240.0,199.17957015369066,201.84036593818655,198.11525183989232,200.01582025738935,197.050933526094,199.17957015369066,14061570505.098015
2018-09-23,S*Mobarakeh Steel,5221.0,5380.0,5221.0,5308.0,451170513578.0,85003736,5711,D,5262.0,5360.0,198.45735415504177,204.5011617226824,198.45735415504177,201.76434320148664,200.01582025738935,203.74093435568358,17149608580.245405
2018-09-24,S*Mobarakeh Steel,5407.0,5573.0,5395.0,5518.0,443206247861.0,80321619,6015,D,5308.0,5572.0,205.52746866813084,211.83735581422098,205.0713322479315,209.74673055497428,201.76434320148664,211.79934444587104,16846875942.439714
2018-09-25,S*Mobarakeh Steel,5700.0,5793.0,5655.0,5758.0,494410891159.0,85867112,6853,D,5518.0,5760.0,216.66479959466355,220.199856851208,214.95428801891617,218.86945895896,209.74673055497428,218.94548169565996,18793234500.067314
2018-09-26,S*Mobarakeh Steel,5890.0,6021.0,5794.0,5925.0,666710427602.0,112523240,8612,D,5758.0,5950.0,223.8869595811523,228.86644883499454,220.23786821955795,225.21735747340026,218.86945895896,226.1676416821487,25342575646.326275
2018-09-29,S*Mobarakeh Steel,6190.0,6190.0,5921.0,6034.0,620500070597.0,102834373,9686,D,5925.0,6149.0,235.29037008613463,235.29037008613463,225.0653120000005,229.36059662354384,225.21735747340026,233.73190398378702,23586056744.626938
2018-09-30,S*Mobarakeh Steel,6195.0,6335.0,6149.0,6315.0,1150789250870.0,182219733,9279,D,6034.0,6335.0,235.48042692788428,240.80201849687606,233.73190398378702,240.04179112987723,229.36059662354384,240.80201849687606,43743074107.97218
2018-10-01,S*Mobarakeh Steel,6630.0,6630.0,6202.0,6532.0,1049165307621.0,160615000,12276,D,6315.0,6400.0,252.01537216010865,252.01537216010865,235.7465065063339,248.29025806181443,240.04179112987723,243.27275743962218,39880208967.96096
2018-10-02,S*Mobarakeh Steel,6440.0,6440.0,6206.0,6214.0,961653405953.0,154749494,7480,D,6532.0,6206.0,244.79321217361985,244.79321217361985,235.89855197973358,236.20264292653312,248.29025806181443,235.89855197973358,36553761838.6548
2018-10-03,S*Mobarakeh Steel,5975.0,6299.0,5975.0,6140.0,536798724193.0,87423553,7632,D,6214.0,6240.0,227.11792589089723,239.43360923627816,227.11792589089723,233.3898016686376,236.20264292653312,237.19093850363157,20404454035.078487
2018-10-06,S*Mobarakeh Steel,6140.0,6412.0,5833.0,5996.0,765166152772.0,127612924,8400,D,6140.0,5834.0,233.3898016686376,243.72889385982145,221.72031158520565,227.9161646262461,233.3898016686376,221.75832295355565,29085012481.923702
2018-10-07,S*Mobarakeh Steel,5820.0,5996.0,5697.0,5731.0,1779793206007.0,310558307,12564,D,5996.0,5697.0,221.2261637966564,227.9161646262461,216.5507654896137,217.84315201351168,227.9161646262461,216.5507654896137,67652375140.25444
2018-10-08,S*Mobarakeh Steel,5690.0,6017.0,5690.0,5865.0,663576256232.0,113145358,7966,D,5731.0,6015.0,216.2846859111641,228.7144033615948,216.2846859111641,222.93667537240373,217.84315201351168,228.6383806248949,25223441503.909367
2018-10-09,S*Mobarakeh Steel,6100.0,6158.0,6051.0,6141.0,541308321328.0,88145190,5848,D,5865.0,6099.0,231.8693469346399,234.07400629893647,230.00678988549276,233.42781303698746,222.93667537240373,231.83133556628994,20575869992.886814
2018-10-10,S*Mobarakeh Steel,6190.0,6223.0,6079.0,6146.0,344336660408.0,56024305,4860,D,6141.0,6148.0,235.29037008613463,236.54474524168265,231.07110819929122,233.6178698787372,233.42781303698746,233.69389261543714,13088707635.157022
2018-10-13,S*Mobarakeh Steel,6185.0,6228.0,5839.0,5893.0,417106516151.0,70783678,4917,D,6146.0,5900.0,235.1003132443849,236.73480208343233,221.9483797953053,224.0009936862021,233.6178698787372,224.26707326465163,15854789426.576265
2018-10-14,S*Mobarakeh Steel,5941.0,6100.0,5920.0,5977.0,75448708127.0,12622487,960,D,5893.0,6040.0,225.82553936699924,231.8693469346399,225.02730063165055,227.19394862759717,224.0009936862021,229.58866483364352,2867908636.1425815
2018-10-15,S*Mobarakeh Steel,6055.0,6265.0,6055.0,6206.0,458707688074.0,73910186,5839,D,5977.0,6265.0,230.15883535889256,238.14122271238023,230.15883535889256,235.89855197973358,227.19394862759717,238.14122271238023,17436106896.33064
2018-10-16,S*Mobarakeh Steel,6300.0,6355.0,6196.0,6265.0,355934420885.0,56808663,4647,D,6206.0,6230.0,239.47162060462807,241.5622458638748,235.51843829623425,238.14122271238023,235.89855197973358,236.81082482013224,13529554380.68266
2018-10-17,S*Mobarakeh Steel,6022.0,6350.0,6000.0,6154.0,1608646654594.0,261402007,11350,D,6265.0,6327.0,228.9044602033445,241.3721890221252,228.06821009964585,233.92196082553667,238.14122271238023,240.4979275500765,61146860532.6728
2018-10-20,S*Mobarakeh Steel,6262.0,6444.0,6261.0,6342.0,277751808875.0,43794197,4440,D,6154.0,6339.0,238.02718860733037,244.94525764701956,237.9891772389803,241.06809807532565,233.92196082553667,240.95406397027577,10557726317.010029
2018-10-21,S*Mobarakeh Steel,6350.0,6400.0,6227.0,6309.0,342998175508.0,54366087,3790,D,6342.0,6270.0,241.3721890221252,243.27275743962218,236.69679071508233,239.81372291977763,241.06809807532565,238.33127955412982,13037829992.592293
2018-10-22,S*Mobarakeh Steel,6310.0,6310.0,6100.0,6219.0,296390367421.0,47657657,3339,D,6309.0,6294.0,239.85173428812755,239.85173428812755,231.8693469346399,236.39269976828285,239.81372291977763,239.24355239452848,11266203431.413973
2018-10-23,S*Mobarakeh Steel,6219.0,6219.0,5990.0,6082.0,316259719815.0,52001112,3573,D,6219.0,6093.0,236.39269976828285,236.39269976828285,227.6880964161464,231.18514230434099,236.39269976828285,231.60326735619037,12021464704.137093
2018-10-24,S*Mobarakeh Steel,6100.0,6100.0,5902.0,5989.0,204151329516.0,34089940,2819,D,6082.0,5970.0,231.8693469346399,231.8693469346399,224.34309600135163,227.65008504779644,231.18514230434099,226.92786904914763,7760071385.362851
2018-10-27,S*Mobarakeh Steel,5989.0,6100.0,5880.0,5959.0,209449706534.0,35149678,2615,D,5989.0,5891.0,227.65008504779644,231.8693469346399,223.50684589765294,226.50974399729827,227.65008504779644,223.9249709495022,7961469945.850911
2018-10-28,S*Mobarakeh Steel,5950.0,5990.0,5936.0,5956.0,225339762419.0,37834030,2940,D,5959.0,5980.0,226.1676416821487,227.6880964161464,225.63548252524956,226.39570989224848,226.50974399729827,227.30798273264705,8565472713.1967945
2018-10-29,S*Mobarakeh Steel,6000.0,6070.0,5957.0,5999.0,185796981017.0,30971786,2300,D,5956.0,5957.0,228.06821009964585,230.7290058841417,226.43372126059836,228.03019873129597,226.39570989224848,226.43372126059836,7062397483.744176
2018-10-31,S*Mobarakeh Steel,6000.0,6050.0,5920.0,5991.0,220187973645.0,36752008,2475,D,5999.0,5948.0,228.06821009964585,229.9687785171428,225.02730063165055,227.72610778449635,228.03019873129597,226.09161894544883,8369646172.447188
2018-11-03,S*Mobarakeh Steel,5950.0,5997.0,5816.0,5895.0,333977718956.0,56658338,3527,D,5991.0,5821.0,226.1676416821487,227.954175994596,221.0741183232567,224.07701642290203,227.72610778449635,221.2641751650064,12694950095.90958
2018-11-04,S*Mobarakeh Steel,5900.0,5950.0,5805.0,5878.0,128533943299.0,21867703,2003,D,5895.0,5825.0,224.26707326465163,226.1676416821487,220.65599327140737,223.430823160953,224.07701642290203,221.41622063840617,4885751064.208716
2018-11-05,S*Mobarakeh Steel,5885.0,5930.0,5855.0,5886.0,157892284633.0,26827123,2186,D,5878.0,5900.0,223.6969027394026,225.40741431514994,222.55656168890437,223.73491410775245,223.430823160953,224.26707326465163,6001701790.798688
2018-11-06,S*Mobarakeh Steel,5914.0,5950.0,5850.0,5882.0,176719063161.0,30046385,2437,D,5886.0,5858.0,224.7992324215509,226.1676416821487,222.36650484715472,223.58286863435274,223.73491410775245,222.6705957939542,6717333404.269255
2018-11-10,S*Mobarakeh Steel,5880.0,5910.0,5752.0,5825.0,176235232970.0,30256007,2464,D,5882.0,5770.0,223.50684589765294,224.6471869481511,218.64139074886046,221.41622063840617,223.58286863435274,219.3255953791594,6698942356.660333
2018-11-11,S*Mobarakeh Steel,5845.0,5845.0,5602.0,5707.0,145197209200.0,25440054,2291,D,5825.0,5702.0,222.17644800540495,222.17644800540495,212.9396854963693,216.93087917311306,221.41622063840617,216.74082233136343,5519144602.284636
2018-11-12,S*Mobarakeh Steel,5749.0,5794.0,5733.0,5756.0,124340403234.0,21602310,1780,D,5707.0,5760.0,218.52735664381063,220.23786821955795,217.91917475021157,218.79343622226014,216.93087917311306,218.94548169565996,4726348868.107764
2018-11-13,S*Mobarakeh Steel,5840.0,5880.0,5769.0,5818.0,120956020195.0,20790448,1874,D,5756.0,5769.0,221.98639116365527,223.50684589765294,219.28758401080947,221.15014105995652,218.79343622226014,219.28758401080947,4597703837.775045
2018-11-14,S*Mobarakeh Steel,5822.0,5849.0,5754.0,5803.0,173646846574.0,29923111,2087,D,5818.0,5780.0,221.30218653335638,222.32849347880472,218.71741348556031,220.57997053470746,221.15014105995652,219.70570906265877,6600554247.929997
2018-11-17,S*Mobarakeh Steel,5780.0,5798.0,5515.0,5651.0,178198975765.0,31532894,3347,D,5803.0,5522.0,219.70570906265877,220.38991369295783,209.63269644992442,214.8022425455164,220.57997053470746,209.89877602837407,6773586907.385619
2018-11-18,S*Mobarakeh Steel,5551.0,5555.0,5369.0,5434.0,251224890990.0,46235249,3369,D,5651.0,5498.0,211.0011057105223,211.15315118392206,204.08303667083305,206.55377561357926,214.8022425455164,208.98650318797547,9549401870.094656
2018-11-19,S*Mobarakeh Steel,5490.0,5568.0,5447.0,5511.0,101210052553.0,18366446,1750,D,5434.0,5501.0,208.6824122411759,211.6472989724713,207.04792340212848,209.4806509765247,206.55377561357926,209.10053729302535,3847132588.3089657
2018-11-20,S*Mobarakeh Steel,5500.0,5599.0,5500.0,5531.0,69360738646.0,12540723,1375,D,5511.0,5541.0,209.06252592467533,212.82565139131944,209.06252592467533,210.2408783435235,209.4806509765247,210.62099202702288,2636496585.6970916
2018-11-21,S*Mobarakeh Steel,5471.0,5588.0,5437.0,5487.0,90631292359.0,16518250,1630,D,5531.0,5443.0,207.96019624252705,212.40752633947017,206.667809718629,208.56837813612609,210.2408783435235,206.89587792872877,3445019437.889139
2018-11-24,S*Mobarakeh Steel,5409.0,5440.0,5213.0,5254.0,69257588437.0,13181961,974,D,5487.0,5213.0,205.60349140483072,206.78184382367886,198.15326320824227,199.71172931058987,208.56837813612609,198.15326320824227,2632575705.1074195
2018-11-26,S*Mobarakeh Steel,5135.0,5290.0,5120.0,5195.0,331633781460.0,63842374,3768,D,5254.0,5200.0,195.18837647694687,201.0801385711877,194.61820595169777,197.46905857794334,199.71172931058987,197.659115419693,12605853824.35988
2018-11-27,S*Mobarakeh Steel,5243.0,5350.0,5195.0,5241.0,75031932070.0,14317226,1885,D,5195.0,5220.0,199.29360425874046,203.3608206721842,197.46905857794334,199.21758152204063,197.46905857794334,198.41934278669186,2852066407.920519
2018-11-28,S*Mobarakeh Steel,5235.0,5241.0,4989.0,5045.0,196836069000.0,39017983,3313,D,5241.0,5030.0,198.98951331194104,199.21758152204063,189.63871669785556,191.7673533254522,199.21758152204063,191.19718280020314,7482008323.313395
2018-12-01,S*Mobarakeh Steel,4990.0,4999.0,4793.0,4875.0,476402625300.0,97731978,4793,D,5045.0,4910.0,189.67672806620536,190.01883038135492,182.18848850126707,185.30542070596218,191.7673533254522,186.63581859821016,18108715673.157207
2018-12-02,S*Mobarakeh Steel,4950.0,5118.0,4950.0,5084.0,223825931326.0,44025493,3148,D,4875.0,5118.0,188.15627333220783,194.54218321499786,188.15627333220783,193.2497966910999,185.30542070596218,194.54218321499786,8507929921.90118
2018-12-03,S*Mobarakeh Steel,5250.0,5337.0,5151.0,5285.0,112360019988.0,21261740,2604,D,5084.0,5289.0,199.55968383719008,202.86667288363486,195.7965583705459,200.89008172943798,193.2497966910999,201.04212720283786,4270958107.5705986
2018-12-04,S*Mobarakeh Steel,5369.0,5369.0,5121.0,5255.0,173140092166.0,32946474,2140,D,5285.0,5259.0,204.08303667083305,204.08303667083305,194.6562173200477,199.74974067893982,200.89008172943798,199.90178615233953,6581291819.464554
2018-12-05,S*Mobarakeh Steel,5200.0,5330.0,5171.0,5270.0,106891833525.0,20283154,1838,D,5255.0,5267.0,197.659115419693,202.60059330518538,196.5567857375448,200.31991120418888,199.74974067893982,200.2058770991391,4063104857.7193437
2018-12-08,S*Mobarakeh Steel,5270.0,5275.0,5145.0,5213.0,96803295185.0,18571155,1849,D,5270.0,5175.0,200.31991120418888,200.50996804593862,195.56849016044623,198.15326320824227,200.31991120418888,196.70883121094454,3679625710.765102
2018-12-09,S*Mobarakeh Steel,5170.0,5240.0,5090.0,5152.0,88528373551.0,17183553,1438,D,5213.0,5139.0,196.5187743691948,199.17957015369066,193.47786490119952,195.83456973889588,198.15326320824227,195.34042195034664,3365084616.468232
2018-12-10,S*Mobarakeh Steel,5152.0,5190.0,5120.0,5150.0,74834572132.0,14530523,1255,D,5152.0,5140.0,195.83456973889588,197.27900173619366,194.61820595169777,195.75854700219602,195.83456973889588,195.37843331869652,2844564486.6196795
2018-12-11,S*Mobarakeh Steel,5170.0,5180.0,5061.0,5143.0,80857144041.0,15722071,1206,D,5150.0,5072.0,196.5187743691948,196.89888805269428,192.3755352190512,195.49246742374643,195.75854700219602,192.79366027090063,3073490685.866687
2018-12-12,S*Mobarakeh Steel,5000.0,5130.0,4950.0,5054.0,117300110573.0,23209204,2064,D,5143.0,5010.0,190.05684174970483,194.99831963519722,188.15627333220783,192.1094556406016,195.49246742374643,190.43695543320422,4458737710.479109
2018-12-15,S*Mobarakeh Steel,5048.0,5060.0,4960.0,5026.0,63802733634.0,12695652,1241,D,5054.0,4982.0,191.881387430502,192.33752385070133,188.5363870157072,191.0451373268033,192.1094556406016,189.3726371194059,2425229209.895141
2018-12-16,S*Mobarakeh Steel,4973.0,4980.0,4840.0,4914.0,103262570405.0,21015445,1833,D,5026.0,4880.0,189.03053480425643,189.29661438270603,183.9750228137143,186.7878640716099,191.0451373268033,185.49547754771194,3925151600.426168
2018-12-17,S*Mobarakeh Steel,4820.0,4987.0,4669.0,4763.0,211275402122.0,44353159,2875,D,4914.0,4700.0,183.21479544671553,189.56269396115565,177.47507882587436,181.04814745076882,186.7878640716099,178.6534312447225,8030867133.341243
2018-12-18,S*Mobarakeh Steel,4778.0,4790.0,4644.0,4746.0,112598999912.0,23724471,2114,D,4763.0,4669.0,181.61831797601792,182.07445439621728,176.52479461712585,180.4019541888198,181.04814745076882,177.47507882587436,4280042061.490003
2018-12-19,S*Mobarakeh Steel,4601.0,4697.0,4509.0,4545.0,129514074353.0,28495309,2520,D,4746.0,4564.0,174.89030577807839,178.5393971396727,171.39325988988378,172.76166915048168,180.4019541888198,173.48388514913054,4923007186.733526
2018-12-22,S*Mobarakeh Steel,4580.0,4580.0,4540.0,4554.0,68563895269.0,15057314,1357,D,4545.0,4560.0,174.0920670427296,174.0920670427296,172.571612308732,173.10377146563113,172.76166915048168,173.33183967573083,2606207478.576733
2018-12-23,S*Mobarakeh Steel,4603.0,4781.0,4602.0,4747.0,106112701040.0,22353014,2315,D,4554.0,4760.0,174.9663285147782,181.7323520810678,174.92831714642836,180.43996555716978,173.10377146563113,180.93411334571903,4033488965.838605
2018-12-24,S*Mobarakeh Steel,4860.0,4861.0,4755.0,4806.0,108782308438.0,22634085,2151,D,4747.0,4780.0,184.73525018071308,184.77326154906305,180.7440565039693,182.68263628981626,180.43996555716978,181.69434071271783,4134964395.99371
2018-12-25,S*Mobarakeh Steel,4806.0,4848.0,4700.0,4742.0,66842437045.0,14096584,1417,D,4806.0,4730.0,182.68263628981626,184.27911376051384,178.6534312447225,180.24990871542008,182.68263628981626,179.79377229522078,2540772495.9252353
2018-12-26,S*Mobarakeh Steel,4780.0,4880.0,4740.0,4805.0,122702226421.0,25537182,1888,D,4742.0,4816.0,181.69434071271783,185.49547754771194,180.17388597872016,182.64462492146635,180.24990871542008,183.06274997331573,4664079525.846491
2018-12-29,S*Mobarakeh Steel,4804.0,5000.0,4796.0,4877.0,78865411891.0,16171412,1618,D,4805.0,4941.0,182.60661355311638,190.05684174970483,182.3025226063169,185.3814434426621,182.64462492146635,187.8141710170583,2997782221.458616
2018-12-30,S*Mobarakeh Steel,4921.0,4957.0,4891.0,4929.0,67007936939.0,13595634,1442,D,4877.0,4900.0,187.05394365005944,188.42235291065737,185.9136025995613,187.35803459685906,185.3814434426621,186.25570491471075,2547063373.3579445
2018-12-31,S*Mobarakeh Steel,4915.0,4940.0,4830.0,4889.0,65376101772.0,13372959,1261,D,4929.0,4830.0,186.82587543995984,187.77615964870844,183.59490913021492,185.83757986286136,187.35803459685906,183.59490913021492,2485035085.7387204
2019-01-01,S*Mobarakeh Steel,4889.0,4897.0,4761.0,4812.0,52981742581.0,11009272,1367,D,4889.0,4770.0,185.83757986286136,186.14167080966092,180.97212471406897,182.9107044999159,185.83757986286136,181.31422702921844,2013908533.0681436
2019-01-02,S*Mobarakeh Steel,4715.0,4887.0,4645.0,4751.0,94576216571.0,19906632,1620,D,4812.0,4690.0,179.22360176997165,185.76155712616148,176.5628059854758,180.59201103056958,182.9107044999159,178.2733175612231,3594971405.2240725
2019-01-05,S*Mobarakeh Steel,4786.0,4786.0,4670.0,4704.0,43258222471.0,9196638,1187,D,4751.0,4670.0,181.92240892281745,181.92240892281745,177.5130901942243,178.80547671812232,180.59201103056958,177.5130901942243,1644304228.5088747
2019-01-06,S*Mobarakeh Steel,4645.0,4789.0,4645.0,4705.0,55588308815.0,11815119,1288,D,4704.0,4718.0,176.5628059854758,182.03644302786722,176.5628059854758,178.84348808647223,178.80547671812232,179.33763587502148,2112987682.3172355
2019-01-07,S*Mobarakeh Steel,4759.0,4899.0,4710.0,4802.0,77337890405.0,16106344,1767,D,4705.0,4799.0,291.2427241835642,299.8104866096408,288.24400733443736,293.8742512144305,287.93801581922025,293.6906563053003,4732947653.742829
2019-01-08,S*Mobarakeh Steel,4810.0,4930.0,4807.0,4896.0,95663752576.0,19539442,1670,D,4802.0,4900.0,294.36383763877785,301.70763400398636,294.18024272964766,299.62689170051055,293.8742512144305,299.87168491268426,5854459320.4153595
2019-01-09,S*Mobarakeh Steel,4921.0,4995.0,4920.0,4945.0,50755837458.0,10264412,1215,D,4896.0,4940.0,301.15684927659566,305.68552370180777,301.09565097355244,302.62560854963743,299.62689170051055,302.31961703442056,3106171121.9764886
2019-01-12,S*Mobarakeh Steel,4951.0,4970.0,4889.0,4938.0,39037088716.0,7904697,1030,D,4945.0,4910.0,302.9927983678979,304.1555661257226,299.1985035792068,302.1972204283337,302.62560854963743,300.48366794311835,2389003585.174052
2019-01-13,S*Mobarakeh Steel,4853.0,5053.0,4853.0,4977.0,121929549980.0,24499175,2542,D,4938.0,4973.0,296.99536466964423,309.23502527832534,296.99536466964423,304.58395424702644,302.1972204283337,304.33916103485285,7461881549.622031
2019-01-14,S*Mobarakeh Steel,5029.0,5083.0,4999.0,5031.0,68207412888.0,13556723,1630,D,4977.0,5018.0,307.7662660052835,311.0709743696274,305.9303169139814,307.88866261137036,304.58395424702644,307.093084671806,4174177923.726467
2019-01-15,S*Mobarakeh Steel,5033.0,5140.0,5033.0,5108.0,93699359580.0,18344147,1927,D,5031.0,5120.0,308.0110592174571,314.5592776431014,308.0110592174571,312.60093194571255,307.88866261137036,313.3353115822334,5734241802.5498085
2019-01-16,S*Mobarakeh Steel,5125.0,5137.0,5084.0,5104.0,99276962527.0,19451360,1604,D,5108.0,5110.0,313.6413030974504,314.37568273397125,311.13217267267083,312.35613873353884,312.60093194571255,312.7233285517992,6075581637.956104
2019-01-19,S*Mobarakeh Steel,5109.0,5117.0,5087.0,5105.0,51481611130.0,10085060,1471,D,5104.0,5107.0,312.662130248756,313.1517166731032,311.315767581801,312.41733703658224,312.35613873353884,312.53973364266903,3150587239.0964704
2019-01-20,S*Mobarakeh Steel,5070.0,5103.0,4977.0,5033.0,75343927770.0,14968653,1288,D,5105.0,5030.0,310.2753964300632,312.29494043049544,304.58395424702644,308.0110592174571,312.41733703658224,307.827464308327,4610920524.148874
2019-01-21,S*Mobarakeh Steel,5004.0,5100.0,4906.0,4969.0,111949383374.0,22530670,1495,D,5033.0,4973.0,306.2363084291984,312.11134552136525,300.23887473094476,304.09436782267915,308.0110592174571,304.33916103485285,6851112289.244374
2019-01-22,S*Mobarakeh Steel,4995.0,5032.0,4968.0,4986.0,46788790005.0,9383440,1003,D,4969.0,4979.0,305.68552370180777,307.94986091441376,304.03316951963586,305.13473897441713,304.09436782267915,304.7063508531132,2863394549.7602267
2019-01-23,S*Mobarakeh Steel,5005.0,5079.0,4921.0,4982.0,68057542506.0,13660741,1465,D,4986.0,4930.0,306.2975067322418,310.8261811574538,301.15684927659566,304.8899457622435,305.13473897441713,301.70763400398636,4165006110.6716022
2019-01-26,S*Mobarakeh Steel,4999.0,4999.0,4880.0,4930.0,45664937591.0,9263104,1145,D,4982.0,4900.0,305.9303169139814,305.9303169139814,298.6477188518162,301.70763400398636,304.8899457622435,299.87168491268426,2794616689.1521926
2019-01-27,S*Mobarakeh Steel,4899.0,4899.0,4733.0,4800.0,106131241604.0,22111859,1822,D,4930.0,4749.0,299.8104866096408,299.8104866096408,289.65156830443567,293.7518546083438,301.70763400398636,290.6307411531301,6495051886.0544195
2019-01-28,S*Mobarakeh Steel,4850.0,4874.0,4725.0,4765.0,49703896319.0,10430587,1166,D,4800.0,4745.0,296.8117697605141,298.2805290335557,289.16198188008843,291.6099140018247,293.7518546083438,290.38594794095656,3041794109.3681417
2019-01-29,S*Mobarakeh Steel,4720.0,4849.0,4720.0,4794.0,57053039873.0,11899865,1005,D,4765.0,4799.0,288.85599036487133,296.7505714574706,288.85599036487133,293.38466479008343,291.6099140018247,293.6906563053003,3491549223.6953197
2019-01-30,S*Mobarakeh Steel,4900.0,4919.0,4840.0,4891.0,55266083751.0,11298814,1771,D,4794.0,4865.0,299.87168491268426,301.0344526705089,296.19978673008,299.3209001852937,293.38466479008343,297.7297443061651,3382190541.4158955
2019-02-02,S*Mobarakeh Steel,4908.0,4920.0,4790.0,4863.0,34616117643.0,7118939,928,D,4891.0,4800.0,300.36127133703155,301.09565097355244,293.1398715779098,297.60734770007826,299.3209001852937,293.7518546083438,2118447657.702471
2019-02-03,S*Mobarakeh Steel,4850.0,4898.0,4726.0,4786.0,95339665849.0,19919186,1494,D,4863.0,4820.0,296.8117697605141,299.7492883065974,289.2231801831319,292.8950783657361,297.60734770007826,294.975820669212,5834625762.684068
2019-02-04,S*Mobarakeh Steel,4801.0,4900.0,4792.0,4838.0,56303143208.0,11636611,1204,D,4786.0,4849.0,293.81305291138716,299.87168491268426,293.2622681839966,296.0773901239931,292.8950783657361,296.7505714574706,3445656820.3394117
2019-02-05,S*Mobarakeh Steel,4800.0,4980.0,4800.0,4921.0,125490737645.0,25499269,2042,D,4838.0,4950.0,293.7518546083438,304.7675491561567,293.7518546083438,301.15684927659566,296.0773901239931,302.9316000648546,7679820191.539136
2019-02-06,S*Mobarakeh Steel,4950.0,4950.0,4889.0,4924.0,82181749713.0,16688733,1392,D,4921.0,4930.0,302.9316000648546,302.9316000648546,299.1985035792068,301.340444185726,301.15684927659566,301.70763400398636,5029383623.573433
2019-02-10,S*Mobarakeh Steel,4929.0,4985.0,4872.0,4906.0,47374937774.0,9657438,1179,D,4924.0,4875.0,301.6464357009431,305.07354067137373,298.1581324274689,300.23887473094476,301.340444185726,298.3417273365991,2899265798.555704
2019-02-12,S*Mobarakeh Steel,4920.0,4950.0,4866.0,4888.0,70621395284.0,14448155,1570,D,4906.0,4880.0,301.09565097355244,302.9316000648546,297.7909426092085,299.13730527616343,300.23887473094476,298.6477188518162,4321909549.938322
2019-02-20,S*Mobarakeh Steel,3010.0,3120.0,3010.0,3046.0,419457161632.0,137718369,5530,D,2820.0,3110.0,184.20689216064895,190.9387054954234,184.20689216064895,186.4100310702115,172.57921458240205,190.32672246498944,25670066491.281628
2019-02-23,S*Mobarakeh Steel,3168.0,3198.0,3148.0,3196.0,644157163454.0,201549362,9623,D,3046.0,3198.0,193.87622404150693,195.71217313280903,192.65225798063884,195.58977652672223,186.4100310702115,195.71217313280903,39421325296.63802
2019-02-24,S*Mobarakeh Steel,3251.0,3275.0,3180.0,3245.0,289517810591.0,89210761,6024,D,3196.0,3229.0,198.95568319410955,200.4244424671512,194.6106036780278,198.5884933758491,195.58977652672223,197.60932052715452,17717998709.01114
2019-02-25,S*Mobarakeh Steel,3251.0,3379.0,3251.0,3322.0,217810875759.0,65568770,4916,D,3245.0,3337.0,198.95568319410955,206.78906598366538,198.95568319410955,203.30076271019124,198.5884933758491,204.21873725584234,13329655980.84871
2019-02-26,S*Mobarakeh Steel,3270.0,3330.0,3230.0,3275.0,138035632422.0,42152442,3221,D,3322.0,3257.0,200.11845095193425,203.79034913453853,197.67051883019798,200.4244424671512,203.30076271019124,199.32287301236994,8447546463.749611
2019-02-27,S*Mobarakeh Steel,3250.0,3294.0,3235.0,3255.0,97041129194.0,29809873,2492,D,3275.0,3235.0,198.89448489106607,201.58721022497596,197.97651034541508,199.20047640628314,200.4244424671512,197.97651034541508,5938752432.088625
2019-03-02,S*Mobarakeh Steel,3268.0,3270.0,3159.0,3188.0,98685745084.0,30955210,2611,D,3255.0,3160.0,199.9960543458474,200.11845095193425,193.32543931411624,195.10019010237502,199.20047640628314,193.38663761715964,6039400133.714841
2019-03-03,S*Mobarakeh Steel,3158.0,3188.0,3131.0,3165.0,102395885826.0,32356501,2392,D,3188.0,3167.0,193.2642410110728,195.10019010237502,191.61188682890094,193.69262913237668,195.10019010237502,193.81502573846345,6266454451.177441
2019-03-04,S*Mobarakeh Steel,3166.0,3204.0,3150.0,3167.0,92421960251.0,29182731,2183,D,3165.0,3152.0,193.75382743542002,196.07936295106947,192.77465458672557,193.81502573846345,193.69262913237668,192.8970511928124,5656067131.306226
2019-03-05,S*Mobarakeh Steel,3160.0,3170.0,3110.0,3144.0,83309401623.0,26497564,1916,D,3167.0,3150.0,193.38663761715964,193.99862064759373,190.32672246498944,192.40746476846516,193.81502573846345,192.77465458672557,5098394006.889086
2019-03-06,S*Mobarakeh Steel,3141.0,3198.0,3136.0,3150.0,105115079590.0,33367510,2178,D,3144.0,3169.0,192.22386985933497,195.71217313280903,191.91787834411792,192.77465458672557,192.40746476846516,193.9374223445503,6432864495.1804495
2019-03-09,S*Mobarakeh Steel,3149.0,3160.0,3121.0,3145.0,83759266586.0,26631513,1645,D,3150.0,3136.0,192.7134562836822,193.38663761715964,190.99990379846687,192.46866307150853,192.77465458672557,191.91787834411792,5125924979.223371
2019-03-10,S*Mobarakeh Steel,3130.0,3282.0,3121.0,3206.0,204201575294.0,63700618,3445,D,3145.0,3238.0,191.55068852585748,200.852830588455,190.99990379846687,196.20175955715627,192.46866307150853,198.16010525454524,12496789886.782885
2019-03-11,S*Mobarakeh Steel,3245.0,3366.0,3245.0,3352.0,430662253580.0,128488094,6105,D,3206.0,3300.0,198.5884933758491,205.99348804410107,198.5884933758491,205.13671180149348,196.20175955715627,201.95440004323635,26355799103.944553
2019-03-12,S*Mobarakeh Steel,3364.0,3444.0,3310.0,3405.0,180627294115.0,53047535,3902,D,3352.0,3418.0,205.87109143801428,210.76695568148665,202.56638307367038,208.3802218627939,205.13671180149348,209.17579980235809,11054083883.160007
2019-03-13,S*Mobarakeh Steel,3428.0,3525.0,3370.0,3471.0,280821539494.0,80902768,5556,D,3405.0,3405.0,209.7877828327922,215.72401822800254,206.23828125627466,212.41930986365858,208.3802218627939,208.3802218627939,17185801675.069324
2019-03-16,S*Mobarakeh Steel,3435.0,3496.0,3400.0,3466.0,131311344727.0,37889433,3605,D,3471.0,3460.0,210.2161709540961,213.94926743974372,208.07423034757687,212.11331834844162,212.41930986365858,211.74612853018112,8036031467.63996
2019-03-17,S*Mobarakeh Steel,3475.0,3475.0,3402.0,3429.0,141927112263.0,41393814,2787,D,3466.0,3412.0,212.66410307583223,212.66410307583223,208.1966269536637,209.84898113583557,212.11331834844162,208.8086099840977,8685698426.346428
2019-03-18,S*Mobarakeh Steel,3439.0,3530.0,3415.0,3478.0,156495980489.0,44997647,3041,D,3429.0,3470.0,210.46096416626966,216.03000974321947,208.99220489322795,212.84769798496245,209.84898113583557,212.3581115606152,9577288439.040611
2019-03-19,S*Mobarakeh Steel,3497.0,3541.0,3480.0,3515.0,166704686145.0,47425139,3677,D,3478.0,3519.0,214.01046574278715,216.70319107669695,212.97009459104927,215.11203519756845,212.84769798496245,215.356828409742,10202043901.457422
2019-03-25,S*Mobarakeh Steel,3530.0,3531.0,3497.0,3506.0,98603616988.0,28121230,1678,D,3515.0,3500.0,216.03000974321947,216.09120804626292,214.01046574278715,214.56125047017784,215.11203519756845,214.19406065191737,6034374033.607458
2019-03-26,S*Mobarakeh Steel,3516.0,3519.0,3480.0,3497.0,66072878386.0,18896498,1693,D,3506.0,3519.0,215.17323350061181,215.356828409742,212.97009459104927,214.01046574278715,214.56125047017784,215.356828409742,4043548034.4164696
2019-03-27,S*Mobarakeh Steel,3528.0,3586.0,3500.0,3557.0,84495436538.0,23757584,2001,D,3497.0,3583.0,215.90761313713267,219.45711471365018,214.19406065191737,217.68236392539137,214.01046574278715,219.27351980451996,5170977331.037316
2019-03-30,S*Mobarakeh Steel,3605.0,3730.0,3605.0,3686.0,174935498214.0,47453747,3507,D,3557.0,3700.0,220.61988247147488,228.26967035190052,220.61988247147488,225.57694501799065,217.68236392539137,226.43372126059833,10705755632.7494
2019-03-31,S*Mobarakeh Steel,3700.0,3732.0,3611.0,3675.0,103486603397.0,28159704,3424,D,3686.0,3670.0,226.43372126059833,228.39206695798725,220.98707228973535,224.90376368451322,225.57694501799065,224.59777216929618,6333204515.622266
2019-04-06,S*Mobarakeh Steel,3671.0,3683.0,3621.0,3654.0,85622310484.0,23433538,2286,D,3675.0,3675.0,224.65897047233955,225.39335010886046,221.59905532016933,223.6185993206017,224.90376368451322,224.90376368451322,5239940104.276341
2019-04-07,S*Mobarakeh Steel,3673.0,3770.0,3670.0,3729.0,139539954401.0,37421159,2969,D,3654.0,3700.0,224.78136707842637,230.71760247363673,224.59777216929618,228.20847204885712,223.6185993206017,226.43372126059833,8539608416.0953045
2019-04-08,S*Mobarakeh Steel,3653.0,3761.0,3593.0,3705.0,296731237793.0,80089704,5663,D,3729.0,3724.0,223.55740101755828,230.16681774624607,219.88550283495402,226.7397127758154,228.20847204885712,227.90248053364002,18159448212.90067
2019-04-09,S*Mobarakeh Steel,3720.0,3798.0,3699.0,3756.0,357432911665.0,95166991,5642,D,3705.0,3782.0,227.65768732146637,232.43115495885198,226.37252295755493,229.8608262310289,226.7397127758154,231.45198211015756,21874287645.76126
2019-04-10,S*Mobarakeh Steel,3820.0,3943.0,3800.0,3930.0,766635164873.0,195084157,9899,D,3756.0,3943.0,233.77751762580695,241.30490890014568,232.55355156493883,240.5093309605815,229.8608262310289,241.30490890014568,46916771143.62858
2019-04-13,S*Mobarakeh Steel,4000.0,4000.0,3880.0,3936.0,230002901181.0,58430145,5789,D,3930.0,3891.0,244.79321217361988,244.79321217361988,237.4494158084112,240.87652077884186,240.5093309605815,238.12259714188872,14075787247.337158
2019-04-14,S*Mobarakeh Steel,3885.0,3959.0,3870.0,3921.0,192064018237.0,48980107,3742,D,3936.0,3940.0,237.75540732362825,242.28408174884024,236.83743277797714,239.95854623319084,240.87652077884186,241.1213139910155,11753991991.801981
2019-04-15,S*Mobarakeh Steel,3957.0,4095.0,3951.0,4052.0,340808699121.0,84106222,5134,D,3921.0,4050.0,242.16168514275344,250.6070509627433,241.79449532449294,247.97552393187686,239.95854623319084,247.85312732579013,20856914048.63558
2019-04-16,S*Mobarakeh Steel,4050.0,4062.0,3950.0,4021.0,305073318494.0,75869278,6222,D,4052.0,3965.0,247.85312732579013,248.58750696231098,241.7332970214495,246.07837653753123,247.97552393187686,242.65127156710065,18669969395.653008
2019-04-17,S*Mobarakeh Steel,3951.0,4010.0,3921.0,3978.0,174917826750.0,43966566,3343,D,4021.0,3969.0,241.79449532449294,245.40519520405388,239.95854623319084,243.44684950666493,246.07837653753123,242.89606477927424,10704674169.140306
2019-04-20,S*Mobarakeh Steel,3999.0,4020.0,3980.0,4003.0,208894287445.0,52190645,4343,D,3978.0,4006.0,244.73201387057645,246.01717823448797,243.56924611275173,244.97680708274999,243.44684950666493,245.1604019918802,12783975907.095253
2019-04-22,S*Mobarakeh Steel,4024.0,4050.0,3943.0,3983.0,219641120513.0,55150517,3820,D,4003.0,3950.0,246.26197144666153,247.85312732579013,241.30490890014568,243.752841021882,244.97680708274999,241.7332970214495,13441663853.947607
2019-04-23,S*Mobarakeh Steel,3922.0,4000.0,3922.0,3974.0,151204009595.0,38052018,2380,D,3983.0,3954.0,240.01974453623427,244.79321217361988,240.01974453623427,243.20205629449126,243.752841021882,241.97809023362322,9253428800.572718
2019-04-24,S*Mobarakeh Steel,3994.0,4020.0,3962.0,3992.0,174163258847.0,43630592,2937,D,3974.0,4012.0,244.42602235535938,246.01717823448797,242.46767665797043,244.30362574927258,243.20205629449126,245.52759181014068,10658495893.945684
2019-04-27,S*Mobarakeh Steel,3986.0,4027.0,3970.0,3991.0,148017869520.0,37091902,3074,D,3992.0,4026.0,243.9364359310121,246.44556635579175,242.95726308231778,244.24242744622913,244.30362574927258,246.38436805274833,9058442434.72413
2019-04-28,S*Mobarakeh Steel,4040.0,4149.0,4040.0,4107.0,274413128170.0,66816031,4222,D,3991.0,4120.0,247.24114429535598,253.9117593270871,247.24114429535598,251.34143059926404,244.24242744622913,252.13700853882844,16793617776.836384
2019-04-29,S*Mobarakeh Steel,4108.0,4312.0,4108.0,4279.0,879681607792.0,205588050,8558,D,4107.0,4312.0,251.40262890230747,263.8870827231621,251.40262890230747,261.8675387227298,251.34143059926404,263.8870827231621,53835021615.36452
2019-04-30,S*Mobarakeh Steel,4420.0,4430.0,4240.0,4350.0,267971095621.0,61597932,4800,D,4279.0,4329.0,270.4964994518499,271.10848248228405,259.4808049040371,266.21261823881156,261.8675387227298,264.92745387490004,16399376316.687204
2019-05-01,S*Mobarakeh Steel,4295.0,4444.0,4290.0,4391.0,194567308925.0,44306231,3979,D,4350.0,4408.0,262.84671157142424,271.96525872489167,262.5407200562072,268.7217486635912,266.21261823881156,269.76211981532913,11907189133.931938
2019-05-04,S*Mobarakeh Steel,4410.0,4550.0,4401.0,4487.0,261190743202.0,58207882,4655,D,4391.0,4503.0,269.88451642141575,278.45227884749255,269.3337316940253,274.59678575575805,268.7217486635912,275.57595860445247,15984430254.608158
2019-05-05,S*Mobarakeh Steel,4600.0,4600.0,4350.0,4499.0,290350559708.0,64536009,4850,D,4487.0,4436.0,281.5121939996629,281.5121939996629,266.21261823881156,275.33116539227893,274.59678575575805,271.4756723005443,17768961541.832428
2019-05-06,S*Mobarakeh Steel,4443.0,4444.0,4275.0,4295.0,615775504354.0,143365604,7301,D,4499.0,4275.0,271.90406042184827,271.96525872489167,261.6227455105561,262.84671157142424,275.33116539227893,261.6227455105561,37684415922.16162
2019-05-07,S*Mobarakeh Steel,4250.0,4330.0,4100.0,4216.0,366427852440.0,86917031,5722,D,4295.0,4285.0,260.09278793447106,264.9886521779435,250.91304247796026,258.01204563099526,262.84671157142424,262.23472854099026,22424762757.167187
2019-05-08,S*Mobarakeh Steel,4250.0,4389.0,4233.0,4336.0,289424108742.0,66752568,4836,D,4216.0,4368.0,260.09278793447106,268.5993520575043,259.0524167827332,265.35584199620394,258.01204563099526,267.3141876935928,17712264314.860306
2019-05-11,S*Mobarakeh Steel,4209.0,4340.0,4127.0,4212.0,305354862293.0,72487944,5471,D,4336.0,4180.0,257.5836575096915,265.6006352083775,252.5653966601322,257.76725241882167,265.35584199620394,255.8089067214327,18687199398.384205
2019-05-12,S*Mobarakeh Steel,4110.0,4250.0,4019.0,4126.0,223725876018.0,54223782,3643,D,4212.0,4174.0,251.52502550839438,260.09278793447106,245.95597993144455,252.50419835708888,257.76725241882167,255.44171690317233,13691643959.200811
2019-05-13,S*Mobarakeh Steel,4170.0,4276.0,4170.0,4233.0,133684520171.0,31581771,2278,D,4126.0,4249.0,255.19692369099863,261.68394381359957,255.19692369099863,259.0524167827332,252.50419835708888,260.0315896314277,8181265777.63704
2019-05-14,S*Mobarakeh Steel,4250.0,4340.0,4221.0,4292.0,155023333056.0,36115999,2658,D,4233.0,4230.0,260.09278793447106,265.6006352083775,258.3180371462123,262.66311666229404,259.0524167827332,258.86882187360294,9487164915.159788
2019-05-15,S*Mobarakeh Steel,4250.0,4300.0,4211.0,4245.0,94177964800.0,22185485,1791,D,4292.0,4231.0,260.09278793447106,263.1527030866413,257.7060541157783,259.786796419254,262.66311666229404,258.93002017664634,5763531629.841524
2019-05-18,S*Mobarakeh Steel,4250.0,4261.0,4120.0,4187.0,116318410173.0,27782110,2481,D,4245.0,4151.0,260.09278793447106,260.7659692679485,252.13700853882844,256.23729484273656,259.786796419254,254.0341559331739,7118489315.2943325
2019-05-19,S*Mobarakeh Steel,4130.0,4200.0,4122.0,4162.0,145048761698.0,34848004,2394,D,4187.0,4171.0,252.74899156926247,257.03287278230084,252.25940514491523,254.70733726665145,256.23729484273656,255.25812199404206,8876738074.46483
2019-05-20,S*Mobarakeh Steel,4150.0,4249.0,4150.0,4187.0,142171722636.0,33957022,2166,D,4162.0,4188.0,253.97295763013054,260.0315896314277,253.97295763013054,256.23729484273656,254.70733726665145,256.29849314577996,8700668166.080843
2019-05-21,S*Mobarakeh Steel,4200.0,4352.0,4200.0,4295.0,194879032897.0,45369223,2857,D,4187.0,4295.0,257.03287278230084,266.33501484489835,257.03287278230084,262.84671157142424,256.23729484273656,262.84671157142424,11926266112.036291
2019-05-22,S*Mobarakeh Steel,4296.0,4333.0,4250.0,4273.0,75572250568.0,17685100,1653,D,4295.0,4274.0,262.90790987446775,265.1722470870737,260.09278793447106,261.5003489044694,262.84671157142424,261.5615472075128,4624893491.932596
2019-05-25,S*Mobarakeh Steel,4219.0,4299.0,4219.0,4251.0,72899540572.0,17147374,1374,D,4273.0,4259.0,258.19564054012545,263.0915047835979,258.19564054012545,260.1539862375144,261.5003489044694,260.6435726618617,4461328175.65025
2019-05-26,S*Mobarakeh Steel,4250.0,4329.0,4250.0,4288.0,132197590062.0,30832557,2312,D,4251.0,4255.0,260.09278793447106,264.92745387490004,260.09278793447106,262.41832345012045,260.1539862375144,260.39877944968816,8090268178.222095
2019-05-28,S*Mobarakeh Steel,4400.0,4502.0,4400.0,4499.0,856201370477.0,190310337,7721,D,4288.0,4502.0,269.2725333909818,275.5147603014092,269.2725333909818,275.33116539227893,262.41832345012045,275.5147603014092,52398070936.63009
2019-05-29,S*Mobarakeh Steel,4565.0,4565.0,4451.0,4500.0,138005637948.0,30665657,2877,D,4499.0,4470.0,279.3702533931437,279.3702533931437,272.3936468461954,275.3923636953223,275.33116539227893,273.5564146040202,8445710852.84013
2019-06-01,S*Mobarakeh Steel,4475.0,4478.0,4340.0,4390.0,197710551925.0,45032953,2582,D,4500.0,4382.0,273.86240611923716,274.0460010283674,265.6006352083775,268.6605503605478,275.3923636953223,268.1709639362005,12099550271.585003
2019-06-02,S*Mobarakeh Steel,4350.0,4429.0,4343.0,4385.0,205871174957.0,46946800,3091,D,4390.0,4370.0,266.21261823881156,271.0472841792406,265.7842301175077,268.3545588453307,268.6605503605478,267.4365842996796,12598966552.920326
2019-06-03,S*Mobarakeh Steel,4398.0,4399.0,4375.0,4385.0,159725860575.0,36423696,2646,D,4385.0,4381.0,269.150136784895,269.21133508793844,267.74257581489667,268.3545588453307,268.3545588453307,268.1097656331571,9774951619.337498
2019-06-08,S*Mobarakeh Steel,4400.0,4444.0,4350.0,4378.0,109068573176.0,24913408,1870,D,4385.0,4389.0,269.2725333909818,271.96525872489167,266.21261823881156,267.9261707240269,268.3545588453307,268.5993520575043,6674811593.736636
2019-06-09,S*Mobarakeh Steel,4352.0,4478.0,4351.0,4444.0,190390854763.0,42838835,2952,D,4378.0,4400.0,266.33501484489835,274.0460010283674,266.27381654185496,271.96525872489167,267.9261707240269,269.2725333909818,11651597226.478975
2019-06-10,S*Mobarakeh Steel,4463.0,4470.0,4391.0,4417.0,153429602595.0,34735005,2550,D,4444.0,4391.0,273.1280264827164,273.5564146040202,268.7217486635912,270.3129045427197,271.96525872489167,268.7217486635912,9389631315.438002
2019-06-11,S*Mobarakeh Steel,4431.0,4432.0,4360.0,4382.0,97928613400.0,22348465,1793,D,4417.0,4370.0,271.16968078532733,271.23087908837084,266.82460126924553,268.1709639362005,270.3129045427197,267.4365842996796,5993064959.473649
2019-06-12,S*Mobarakeh Steel,4400.0,4406.0,4345.0,4382.0,181909922460.0,41510171,2946,D,4382.0,4360.0,269.2725333909818,269.63972320924216,265.90662672359457,268.1709639362005,268.1709639362005,266.82460126924553,11132578561.309376
2019-06-15,S*Mobarakeh Steel,4304.0,4365.0,4301.0,4336.0,146076862171.0,33688105,2072,D,4382.0,4350.0,263.39749629881493,267.13059278446264,263.21390138968474,265.35584199620394,268.1709639362005,266.21261823881156,8939656078.770555
2019-06-16,S*Mobarakeh Steel,4301.0,4510.0,4300.0,4375.0,241664563220.0,55241225,3626,D,4336.0,4340.0,263.21390138968474,276.00434672575636,263.1527030866413,267.74257581489667,265.35584199620394,265.6006352083775,14789461174.789658
2019-06-17,S*Mobarakeh Steel,4338.0,4450.0,4310.0,4349.0,166989493875.0,38400053,2782,D,4375.0,4325.0,265.4782386022907,272.33244854315205,263.76468611707537,266.15141993576816,267.74257581489667,264.68266066272645,10219473651.227066
2019-06-18,S*Mobarakeh Steel,4411.0,4467.0,4348.0,4399.0,226767755673.0,51555380,3174,D,4349.0,4375.0,269.94571472445926,273.37281969489,266.0902216327247,269.21133508793844,266.15141993576816,267.74257581489667,13877801832.149063
2019-06-19,S*Mobarakeh Steel,4399.0,4399.0,4332.0,4351.0,185455369412.0,42625991,2726,D,4399.0,4340.0,269.21133508793844,269.21133508793844,265.11104878403023,266.27381654185496,269.21133508793844,265.6006352083775,11349553898.302187
2019-06-22,S*Mobarakeh Steel,4300.0,4400.0,4300.0,4365.0,121159344482.0,27758329,1809,D,4351.0,4370.0,263.1527030866413,269.2725333909818,263.1527030866413,267.13059278446264,266.27381654185496,267.4365842996796,7414746280.14973
2019-06-23,S*Mobarakeh Steel,4351.0,4422.0,4351.0,4388.0,140800003061.0,32089275,2143,D,4365.0,4417.0,266.27381654185496,270.61889605793675,266.27381654185496,268.53815375446095,267.13059278446264,270.3129045427197,8616721255.839424
2019-06-24,S*Mobarakeh Steel,4420.0,4550.0,4404.0,4499.0,264193574887.0,58724043,3423,D,4388.0,4530.0,270.4964994518499,278.45227884749255,269.5173266031554,275.33116539227893,268.53815375446095,277.2283127866244,16168198458.055126
2019-06-25,S*Mobarakeh Steel,4554.0,4723.0,4490.0,4698.0,692483897957.0,147395625,7870,D,4499.0,4723.0,278.6970720596661,289.0395852740015,274.78038066488824,287.50962769791647,275.33116539227893,289.0395852740015,42378839439.85081
2019-06-26,S*Mobarakeh Steel,4799.0,4874.0,4770.0,4835.0,288473149841.0,59660458,4923,D,4698.0,4845.0,293.6906563053003,298.2805290335557,291.91590551704167,295.893795214863,287.50962769791647,296.505778245297,17654067243.855083
2019-06-30,S*Mobarakeh Steel,4870.0,4871.0,4720.0,4772.0,113219000297.0,23727806,2759,D,4835.0,4729.0,298.0357358213821,298.0969341244256,288.85599036487133,292.03830212312846,295.893795214863,289.40677509226197,6928810690.447159
2019-07-01,S*Mobarakeh Steel,4661.0,4710.0,4609.0,4640.0,167392003842.0,36076884,2890,D,4772.0,4660.0,285.2452904853106,288.24400733443736,282.0629787270534,283.96012612139896,292.03830212312846,285.18409218226714,10244106578.165524
2019-07-02,S*Mobarakeh Steel,4689.0,4689.0,4550.0,4583.0,135604579931.0,29587731,2563,D,4640.0,4568.0,286.95884297052584,286.95884297052584,278.45227884749255,280.47182284792495,283.96012612139896,279.5538483022739,8298770176.6909685
2019-07-03,S*Mobarakeh Steel,4594.0,4620.0,4449.0,4499.0,168592472526.0,37477038,3455,D,4583.0,4480.0,281.14500418140227,282.73616006053084,272.2712502401086,275.33116539227893,280.47182284792495,274.16839763445427,10317573224.483072
2019-07-06,S*Mobarakeh Steel,4497.0,4497.0,4371.0,4408.0,150022633569.0,34036128,2861,D,4499.0,4401.0,275.2087687861921,275.2087687861921,267.497782602723,269.76211981532913,275.33116539227893,269.3337316940253,9181130592.525358
2019-07-07,S*Mobarakeh Steel,4405.0,4455.0,4398.0,4424.0,98621008933.0,22293420,2144,D,4408.0,4428.0,269.5785249061989,272.63844005836904,269.150136784895,270.7412926640236,269.76211981532913,270.98608587619714,6035438391.12808
2019-07-08,S*Mobarakeh Steel,4435.0,4549.0,4435.0,4504.0,219935228562.0,48828347,4048,D,4424.0,4505.0,271.414473997501,278.39108054444915,271.414473997501,275.6371569074959,270.7412926640236,275.6983552105393,13459662767.45781
2019-07-09,S*Mobarakeh Steel,4530.0,4547.0,4430.0,4472.0,218699136131.0,48902641,3479,D,4504.0,4430.0,277.2283127866244,278.2686839383623,271.10848248228405,273.678811210107,275.6371569074959,271.10848248228405,13384016008.27581
2019-07-10,S*Mobarakeh Steel,4450.0,4480.0,4445.0,4461.0,168142824920.0,37695735,2995,D,4472.0,4460.0,272.33244854315205,274.16839763445427,272.02645702793495,273.00562987662954,273.678811210107,272.9444315735861,10290055554.028343
2019-07-13,S*Mobarakeh Steel,4463.0,4480.0,4400.0,4428.0,145435844413.0,32847132,3028,D,4461.0,4425.0,273.1280264827164,274.16839763445427,269.2725333909818,270.98608587619714,273.00562987662954,270.80249096706683,8900426879.760265
2019-07-14,S*Mobarakeh Steel,4432.0,4446.0,4401.0,4419.0,240921052575.0,54514198,4314,D,4428.0,4421.0,271.23087908837084,272.08765533097846,269.3337316940253,270.4353011488065,270.98608587619714,270.55769775489335,14743959585.020952
2019-07-15,S*Mobarakeh Steel,4420.0,4505.0,4390.0,4425.0,246192963252.0,55637123,4400,D,4419.0,4400.0,270.4964994518499,275.6983552105393,268.6605503605478,270.80249096706683,270.4353011488065,269.2725333909818,15066591572.249756
2019-07-16,S*Mobarakeh Steel,4430.0,4430.0,4249.0,4311.0,223696368610.0,51891347,4327,D,4425.0,4289.0,271.10848248228405,271.10848248228405,260.0315896314277,263.8258844201188,270.80249096706683,262.47952175316385,13689838155.904
2019-07-17,S*Mobarakeh Steel,4290.0,4350.0,4250.0,4297.0,292584565098.0,68088206,5870,D,4311.0,4288.0,262.5407200562072,266.21261823881156,260.09278793447106,262.9691081775111,263.8258844201188,262.41832345012045,17905678880.69025
2019-07-22,S*Mobarakeh Steel,4196.0,4200.0,4100.0,4147.0,189677418057.0,45741206,3640,D,3997.0,4120.0,276.0616407087406,276.3248071917805,269.74564511578563,272.83785129150317,262.9691081775111,271.0614775309847,12479184755.532206
2019-07-23,S*Mobarakeh Steel,4150.0,4150.0,4060.0,4090.0,96825962895.0,23676615,2989,D,4147.0,4079.0,273.03522615378307,273.03522615378307,267.11398028538775,269.08772890818625,272.83785129150317,268.3640210798268,6370337030.504612
2019-07-24,S*Mobarakeh Steel,4095.0,4139.0,4061.0,4101.0,144203994319.0,35163887,2963,D,4090.0,4095.0,269.41668701198597,272.31151832542366,267.17977190614783,269.81143673654566,269.08772890818625,269.41668701198597,9487414506.305305
2019-07-27,S*Mobarakeh Steel,4060.0,4110.0,3996.0,4017.0,151980296245.0,37830454,3934,D,4101.0,4000.0,267.11398028538775,270.4035613233852,262.9033165567511,264.28494059271,269.81143673654566,263.166483039791,9999030013.535547
2019-07-28,S*Mobarakeh Steel,4050.0,4120.0,4011.0,4054.0,89531578930.0,22085899,2393,D,4017.0,4077.0,266.45606407778837,271.0614775309847,263.8901908681503,266.7192305608282,264.28494059271,268.2324378383069,5890427687.001886
2019-07-29,S*Mobarakeh Steel,4100.0,4102.0,4025.0,4054.0,63699873135.0,15712337,1882,D,4054.0,4048.0,269.74564511578563,269.87722835730557,264.81127355878965,266.7192305608282,266.7192305608282,266.32448083626844,4190917895.754702
2019-07-30,S*Mobarakeh Steel,4060.0,4079.0,4016.0,4034.0,80942927966.0,20065684,1957,D,4054.0,4030.0,267.11398028538775,268.3640210798268,264.2191489719501,265.4033981456291,266.7192305608282,265.1402316625894,5325366419.93884
2019-07-31,S*Mobarakeh Steel,4020.0,4033.0,3999.0,4009.0,118327079377.0,29517675,3102,D,4034.0,4008.0,264.48231545498993,265.3376065248692,263.100691419031,263.7586076266305,265.4033981456291,263.6928160058706,7784930332.0038185
2019-08-03,S*Mobarakeh Steel,4000.0,4000.0,3950.0,3966.0,126588551418.0,31918382,3507,D,4009.0,3960.0,263.166483039791,263.166483039791,259.87690200179344,260.9295679339526,263.7586076266305,260.53481820939305,8328465967.444197
2019-08-04,S*Mobarakeh Steel,3980.0,3980.0,3923.0,3952.0,79218751524.0,20044701,2537,D,3966.0,3960.0,261.850650624592,261.850650624592,258.1005282412749,260.00848524331343,260.9295679339526,260.53481820939305,5211930057.343541
2019-08-05,S*Mobarakeh Steel,3960.0,3970.0,3905.0,3938.0,141090446611.0,35825542,3681,D,3952.0,3943.0,260.53481820939305,261.1927344169926,256.9162790675959,259.0874025526742,260.00848524331343,259.41636065647384,9282569156.282564
2019-08-06,S*Mobarakeh Steel,3949.0,3949.0,3855.0,3879.0,185425353784.0,47808062,4436,D,3938.0,3890.0,259.8111103810336,259.8111103810336,253.62669802959857,255.2056969278373,259.0874025526742,255.92940475619667,12199434555.436064
2019-08-07,S*Mobarakeh Steel,3856.0,3884.0,3856.0,3876.0,119876492445.0,30927302,3517,D,3879.0,3880.0,253.69248965035845,255.53465503163693,253.69248965035845,255.0083220655574,255.2056969278373,255.27148854859718,7886868728.974176
2019-08-10,S*Mobarakeh Steel,3855.0,3870.0,3805.0,3826.0,117581719652.0,30731968,3704,D,3876.0,3808.0,253.62669802959857,254.61357234099768,250.33711699160116,251.7187410275601,255.0083220655574,250.534491853881,7735891907.646875
2019-08-11,S*Mobarakeh Steel,3800.0,3890.0,3795.0,3829.0,112596032057.0,29406196,3494,D,3826.0,3829.0,250.0081588878014,255.92940475619667,249.6792007840016,251.9161158898399,251.7187410275601,251.9161158898399,7407875440.16906
2019-08-13,S*Mobarakeh Steel,3880.0,3914.0,3805.0,3865.0,115769774056.0,29955942,4676,D,3829.0,3900.0,255.27148854859718,257.5084036544354,250.33711699160116,254.28461423719799,251.9161158898399,256.5873209637961,7616681070.157187
2019-08-14,S*Mobarakeh Steel,3976.0,3989.0,3935.0,3975.0,164191515886.0,41310406,5071,D,3865.0,3971.0,261.58748414155224,262.44277521143147,258.8900276903943,261.5216925207922,254.28461423719799,261.25852603775246,10802425945.172644
2019-08-17,S*Mobarakeh Steel,3996.0,4027.0,3880.0,3931.0,109916800237.0,27961634,4198,D,3975.0,3890.0,262.9033165567511,264.9428568003095,255.27148854859718,258.6268612073546,261.5216925207922,255.92940475619667,7231604436.339637
2019-08-18,S*Mobarakeh Steel,3890.0,3938.0,3890.0,3902.0,84596348834.0,21677522,2448,D,3931.0,3899.0,255.92940475619667,259.0874025526742,255.92940475619667,256.7189042053161,258.6268612073546,256.5215293430362,5565730900.162775
2019-08-19,S*Mobarakeh Steel,3918.0,3918.0,3860.0,3895.0,121651681965.0,31231287,3218,D,3902.0,3892.0,257.7715701374753,257.7715701374753,253.95565613339815,256.2583628599964,256.7189042053161,256.06098799771655,8003661324.651053
2019-08-21,S*Mobarakeh Steel,3969.0,3969.0,3870.0,3901.0,135301123133.0,34680392,4050,D,3895.0,3918.0,261.1269427962325,261.1269427962325,254.61357234099768,256.653112584556,256.2583628599964,257.7715701374753,8901680181.561327
2019-08-24,S*Mobarakeh Steel,3928.0,3928.0,3847.0,3870.0,177391267430.0,45831957,6045,D,3901.0,3869.0,258.4294863450747,258.4294863450747,253.10036506351892,254.61357234099768,256.653112584556,254.5477807202378,11670858992.881027
2019-08-25,S*Mobarakeh Steel,3870.0,3900.0,3836.0,3869.0,153787741441.0,39748870,4157,D,3870.0,3877.0,254.61357234099768,256.5873209637961,252.37665723515948,254.5477807202378,254.61357234099768,255.07411368631733,10117944762.415169
2019-08-26,S*Mobarakeh Steel,3884.0,4010.0,3883.0,3976.0,320323818717.0,80567372,7344,D,3869.0,3988.0,255.53465503163693,263.82439924739043,255.46886341087702,261.58748414155224,254.5477807202378,262.37698359067156,21074623201.407116
2019-08-27,S*Mobarakeh Steel,4043.0,4075.0,4000.0,4040.0,268783994130.0,66537758,6591,D,3976.0,4007.0,265.99552273246866,268.10085459678703,263.166483039791,265.7981478701888,261.58748414155224,263.62702438511064,17683734608.144985
2019-08-28,S*Mobarakeh Steel,4028.0,4128.0,3962.0,4082.0,244284147596.0,59847896,5474,D,4040.0,4110.0,265.0086484210695,271.58781049706425,260.66640145091293,268.5613959421067,265.7981478701888,270.4035613233852,16071849996.303127
2019-08-31,S*Mobarakeh Steel,4180.0,4286.0,4180.0,4268.0,805225517388.0,188663037,11464,D,4082.0,4286.0,275.0089747765815,281.98288657713596,275.0089747765815,280.79863740345695,268.5613959421067,281.98288657713596,52977091866.22398
2019-09-01,S*Mobarakeh Steel,4380.0,4442.0,4286.0,4339.0,330168607521.0,76090189,8348,D,4268.0,4320.0,288.16729892857103,292.2463794156879,281.98288657713596,285.4698424774132,280.79863740345695,284.21980168297426,21722327812.86166
2019-09-02,S*Mobarakeh Steel,4365.0,4365.0,4123.0,4221.0,253079581326.0,59960593,6463,D,4339.0,4200.0,287.18042461717187,287.18042461717187,271.25885239326453,277.70643122773936,285.4698424774132,276.3248071917805,16650515836.686544
2019-09-03,S*Mobarakeh Steel,4173.0,4432.0,4173.0,4380.0,777440531579.0,177510532,13839,D,4221.0,4430.0,274.5484334312619,291.58846320808846,274.5484334312619,288.16729892857103,277.70643122773936,291.4568799665686,51149072617.05774
2019-09-04,S*Mobarakeh Steel,4490.0,4540.0,4433.0,4489.0,633614887082.0,141142184,12954,D,4380.0,4500.0,295.40437721216534,298.6939582501627,291.65425482884825,295.33858559140543,288.16729892857103,296.0622934197648,41686550358.75605
2019-09-07,S*Mobarakeh Steel,4518.0,4518.0,4435.0,4481.0,302080954529.0,67416432,10081,D,4489.0,4480.0,297.24654259344385,297.24654259344385,291.7858380703682,294.8122526253258,295.33858559140543,294.7464610045659,19874395599.174984
2019-09-08,S*Mobarakeh Steel,4482.0,4491.0,4400.0,4428.0,241044369552.0,54437544,8548,D,4481.0,4415.0,294.8780442460858,295.4701688329252,289.48313134376997,291.32529672504853,294.8122526253258,290.4700056551692,15858699747.88588
2019-09-11,S*Mobarakeh Steel,4467.0,4480.0,4375.0,4427.0,196478879475.0,44385226,5600,D,4428.0,4473.0,293.89116993468656,294.7464610045659,287.8383408247713,291.25950510428856,291.32529672504853,294.2859196592462,12926663925.75868
2019-09-14,S*Mobarakeh Steel,4480.0,4581.0,4450.0,4509.0,355732238765.0,78897157,7152,D,4427.0,4542.0,294.7464610045659,301.39141470132057,292.7727123817674,296.65441800660426,291.25950510428856,298.8255414916826,23404200544.914062
2019-09-15,S*Mobarakeh Steel,4516.0,4521.0,4440.0,4484.0,222063647186.0,49522402,6006,D,4509.0,4500.0,297.1149593519239,297.4439174557237,292.11479617416785,295.0096274876056,296.65441800660426,296.0622934197648,14609927260.232147
2019-09-16,S*Mobarakeh Steel,4520.0,4559.0,4466.0,4499.0,264229174161.0,58734351,6141,D,4484.0,4473.0,297.3781258349637,299.94399904460164,293.8253783139266,295.9965017990049,295.0096274876056,294.2859196592462,17384065620.114693
2019-09-17,S*Mobarakeh Steel,4475.0,4480.0,4360.0,4402.0,248927730391.0,56546079,6888,D,4499.0,4369.0,294.41750290076607,294.7464610045659,286.85146651337203,289.6147145852899,295.9965017990049,287.44359110021173,16377358834.519186
2019-09-18,S*Mobarakeh Steel,4344.0,4349.0,4200.0,4291.0,223632867324.0,52116075,5032,D,4402.0,4346.0,285.79880058121296,286.1277586850127,276.3248071917805,282.3118446809357,289.6147145852899,285.93038382273284,14713168796.440317
2019-09-21,S*Mobarakeh Steel,4245.0,4375.0,4245.0,4303.0,111608785904.0,25934730,4186,D,4291.0,4292.0,279.2854301259781,287.8383408247713,279.2854301259781,283.1013441300551,282.3118446809357,282.37763630169565,7342922915.674169
2019-09-22,S*Mobarakeh Steel,4299.0,4444.0,4270.0,4369.0,327418001188.0,74938697,6080,D,4303.0,4420.0,282.8381776470153,292.3779626572078,280.93022064497677,287.44359110021173,283.1013441300551,290.79896375896897,21541360964.141014
2019-09-23,S*Mobarakeh Steel,4487.0,4579.0,4421.0,4523.0,334480961793.0,73957861,6586,D,4369.0,4560.0,295.2070023498855,301.25983145980064,290.864755379729,297.57550069724357,287.44359110021173,300.0097906653617,22006044589.707623
2019-09-24,S*Mobarakeh Steel,4580.0,4580.0,4430.0,4510.0,180573012516.0,40034355,4587,D,4523.0,4505.0,301.32562308056055,301.32562308056055,291.4568799665686,296.7202096273643,297.57550069724357,296.39125152356456,11880191158.933966
2019-09-25,S*Mobarakeh Steel,4499.0,4563.0,4455.0,4514.0,174433353342.0,38639739,5035,D,4510.0,4526.0,295.9965017990049,300.20716552764156,293.1016704855671,296.98337611040404,296.7202096273643,297.77287555952347,11476253030.962828
2019-09-28,S*Mobarakeh Steel,4575.0,4739.0,4572.0,4723.0,644223638595.0,136413113,10288,D,4514.0,4734.0,300.9966649767609,311.7864907813923,300.799290114481,310.7338248492331,296.98337611040404,311.4575326775925,42384517315.03587
2019-09-29,S*Mobarakeh Steel,4800.0,4800.0,4613.0,4692.0,172965675206.0,36864120,5519,D,4723.0,4701.0,315.7997796477492,315.7997796477492,303.4967465656389,308.69428460567474,310.7338248492331,309.28640919251427,11379692107.641445
2019-09-30,S*Mobarakeh Steel,4735.0,4801.0,4688.0,4732.0,273709771150.0,57843822,5254,D,4692.0,4780.0,311.5233242983526,315.86557126850903,308.4311181226349,311.3259494360727,308.69428460567474,314.4839472325502,18007809461.792885
2019-10-01,S*Mobarakeh Steel,4781.0,4784.0,4530.0,4647.0,343469862193.0,73912719,6502,D,4732.0,4604.0,314.5497388533102,314.74711371559,298.03604204256317,305.7336616714771,311.3259494360727,302.90462197879936,22597438915.873363
2019-10-02,S*Mobarakeh Steel,4600.0,4639.0,4549.0,4585.0,196769823893.0,42915226,4145,D,4647.0,4600.0,302.64145549575966,305.2073287053976,299.28608283700225,301.6545811843603,305.7336616714771,302.64145549575966,12945805630.56996
2019-10-05,S*Mobarakeh Steel,4585.0,4610.0,4511.0,4558.0,220837208418.0,48451495,4673,D,4585.0,4520.0,301.6545811843603,303.299371703359,296.78600124812425,299.8782074238418,301.6545811843603,297.3781258349637,14529237865.922594
2019-10-06,S*Mobarakeh Steel,4477.0,4499.0,4360.0,4453.0,180078427726.0,40436555,3822,D,4558.0,4480.0,294.54908614228606,295.9965017990049,286.85146651337203,292.9700872440473,299.8782074238418,294.7464610045659,11847651623.996645
2019-10-07,S*Mobarakeh Steel,4500.0,4545.0,4420.0,4470.0,207787542204.0,46489109,4091,D,4453.0,4450.0,296.0622934197648,299.02291635396244,290.79896375896897,294.0885447969664,292.9700872440473,292.7727123817674,13670679175.327204
2019-10-08,S*Mobarakeh Steel,4451.0,4529.0,4302.0,4384.0,175434850605.0,40019517,4095,D,4470.0,4349.0,292.8385040025273,297.97025042180326,283.0355525092952,288.4304654116109,294.0885447969664,286.1277586850127,11542143159.082247
2019-10-09,S*Mobarakeh Steel,4323.0,4451.0,4323.0,4408.0,224224921018.0,50865537,3972,D,4384.0,4449.0,284.4171765452541,292.8385040025273,284.4171765452541,290.0094643098497,288.4304654116109,292.70692076100744,14752120968.545485
2019-10-12,S*Mobarakeh Steel,4451.0,4628.0,4442.0,4582.0,620188339911.0,135353076,7729,D,4408.0,4628.0,292.8385040025273,304.4836208770381,292.2463794156879,301.4572063220805,290.0094643098497,304.4836208770381,40803196059.16607
2019-10-13,S*Mobarakeh Steel,4740.0,4741.0,4570.0,4637.0,194894312879.0,42034074,4607,D,4582.0,4582.0,311.85228240215224,311.9180740229122,300.6677068729611,305.0757454638775,301.4572063220805,301.4572063220805,12822412721.205763
2019-10-14,S*Mobarakeh Steel,4650.0,4689.0,4500.0,4595.0,189790706989.0,41300290,4188,D,4637.0,4539.0,305.9310365337569,308.4969097433949,296.0622934197648,302.3124973919598,305.0757454638775,298.62816662940276,12486638217.982649
2019-10-15,S*Mobarakeh Steel,4580.0,4680.0,4420.0,4477.0,279759324177.0,62482126,4976,D,4595.0,4450.0,301.32562308056055,307.90478515655536,290.79896375896897,294.54908614228606,302.3124973919598,292.7727123817674,18405819360.31246
2019-10-16,S*Mobarakeh Steel,4460.0,4600.0,4460.0,4524.0,127863527821.0,28264094,3403,D,4477.0,4500.0,293.4306285893669,302.64145549575966,293.4306285893669,297.6412923180036,294.54908614228606,296.0622934197648,8412348731.428257
2019-10-20,S*Mobarakeh Steel,4561.0,4678.0,4380.0,4458.0,190179951542.0,42658937,4235,D,4524.0,4400.0,300.07558228612163,307.7732019150355,288.16729892857103,293.2990453478469,297.6412923180036,289.48313134376997,12512247247.996502
2019-10-21,S*Mobarakeh Steel,4551.0,4650.0,4460.0,4566.0,316818881156.0,69380067,5755,D,4458.0,4633.0,299.4176660785222,305.9310365337569,293.4306285893669,300.4045403899214,293.2990453478469,304.8125789808378,20844027678.606506
2019-10-22,S*Mobarakeh Steel,4680.0,4710.0,4560.0,4644.0,180562020731.0,38879978,4211,D,4566.0,4639.0,307.90478515655536,309.87853377935386,300.0097906653617,305.53628680919724,300.4045403899214,305.2073287053976,11879467991.583773
2019-10-23,S*Mobarakeh Steel,4680.0,4681.0,4544.0,4573.0,244578085742.0,53479735,4545,D,4644.0,4550.0,307.90478515655536,307.97057677731533,298.9571247332026,300.865081735241,305.53628680919724,299.35187445776216,16091188663.331644
2019-10-26,S*Mobarakeh Steel,4610.0,4614.0,4559.0,4576.0,131728829738.0,28788791,2887,D,4573.0,4572.0,303.299371703359,303.5625381863988,299.94399904460164,301.06245659752085,300.865081735241,300.799290114481,8666653209.274221
2019-10-28,S*Mobarakeh Steel,4600.0,4610.0,4529.0,4573.0,139849441824.0,30583169,3401,D,4576.0,4580.0,302.64145549575966,303.299371703359,297.97025042180326,300.865081735241,301.06245659752085,301.32562308056055,9200921439.974981
2019-10-30,S*Mobarakeh Steel,4591.0,4639.0,4584.0,4612.0,219154113052.0,47515122,5249,D,4573.0,4599.0,302.04933090892,305.2073287053976,301.5887895636004,303.430954944879,300.865081735241,302.5756638749997,14418504293.899893
2019-11-02,S*Mobarakeh Steel,4631.0,4645.0,4500.0,4568.0,156880037572.0,34343570,4679,D,4612.0,4555.0,304.680995739318,305.6020784299572,296.0622934197648,300.5361236314413,303.430954944879,299.68083256156194,10321391936.743376
2019-11-03,S*Mobarakeh Steel,4579.0,4598.0,4528.0,4554.0,110548572326.0,24274233,3308,D,4568.0,4533.0,301.25983145980064,302.50987225423967,297.90445880104335,299.6150409408019,300.5361236314413,298.2334169048431,7273169746.025844
2019-11-04,S*Mobarakeh Steel,4575.0,4590.0,4475.0,4521.0,147401528586.0,32603577,3807,D,4554.0,4499.0,300.9966649767609,301.9835392881602,294.41750290076607,297.4439174557237,299.6150409408019,295.9965017990049,9697785468.166708
2019-11-05,S*Mobarakeh Steel,4510.0,4598.0,4474.0,4512.0,145137576068.0,32163735,3646,D,4521.0,4540.0,296.7202096273643,302.50987225423967,294.3517112800061,296.8517928688842,297.4439174557237,298.6939582501627,9548836362.68392
2019-11-09,S*Mobarakeh Steel,4550.0,4610.0,4500.0,4532.0,115338321682.0,25448947,3454,D,4512.0,4510.0,299.35187445776216,303.299371703359,296.0622934197648,298.16762528408304,296.8517928688842,296.7202096273643,7588295119.191001
2019-11-10,S*Mobarakeh Steel,4499.0,4532.0,4481.0,4498.0,102136922185.0,22707837,2446,D,4532.0,4510.0,295.9965017990049,298.16762528408304,294.8122526253258,295.93071017824485,298.16762528408304,296.7202096273643,6719753649.983811
2019-11-11,S*Mobarakeh Steel,4500.0,4551.0,4480.0,4499.0,101266256279.0,22507786,2500,D,4498.0,4498.0,296.0622934197648,299.4176660785222,294.7464610045659,295.9965017990049,295.93071017824485,295.93071017824485,6662471128.887644
2019-11-12,S*Mobarakeh Steel,4500.0,4549.0,4475.0,4487.0,91940407936.0,20490208,3135,D,4499.0,4480.0,296.0622934197648,299.28608283700225,294.41750290076607,295.2070023498855,295.9965017990049,294.7464610045659,6048908451.4402
2019-11-13,S*Mobarakeh Steel,4480.0,4500.0,4452.0,4482.0,145679336533.0,32505242,3582,D,4487.0,4493.0,294.7464610045659,296.0622934197648,292.9042956232873,294.8780442460858,295.2070023498855,295.6017520744452,9584479661.739937
2019-11-16,S*Mobarakeh Steel,4549.0,4549.0,4452.0,4475.0,102925942926.0,22998443,2731,D,4482.0,4453.0,299.28608283700225,299.28608283700225,292.9042956232873,294.41750290076607,294.8780442460858,292.9700872440473,6771664603.347417
2019-11-17,S*Mobarakeh Steel,4439.0,4529.0,4397.0,4452.0,221412165013.0,49731900,3229,D,4475.0,4435.0,292.049004553408,297.97025042180326,289.2857564814901,292.9042956232873,294.41750290076607,291.7858380703682,14567065192.17426
2019-11-18,S*Mobarakeh Steel,4488.0,4499.0,4415.0,4442.0,91321105038.0,20557669,2505,D,4452.0,4419.0,295.27279397064547,295.9965017990049,290.4700056551692,292.2463794156879,292.9042956232873,290.73317213820906,6008163510.039448
2019-11-19,S*Mobarakeh Steel,4473.0,4497.0,4419.0,4440.0,69381947630.0,15624847,2441,D,4442.0,4429.0,294.2859196592462,295.86491855748494,290.73317213820906,292.11479617416785,292.2463794156879,291.39108834580856,4564750786.059513
2019-11-20,S*Mobarakeh Steel,4450.0,4478.0,4393.0,4411.0,116111314511.0,26322584,2947,D,4440.0,4404.0,292.7727123817674,294.61487776304597,289.02258999845037,290.20683917212943,292.11479617416785,289.74629782680984,7639151570.24673
2019-11-23,S*Mobarakeh Steel,4400.0,4400.0,4365.0,4383.0,112728236604.0,25721985,3266,D,4411.0,4379.0,289.48313134376997,289.48313134376997,287.18042461717187,288.364673790851,290.20683917212943,288.1015073078111,7416573391.588028
2019-11-24,S*Mobarakeh Steel,4380.0,4408.0,4350.0,4374.0,105270447015.0,24068738,3096,D,4383.0,4360.0,288.16729892857103,290.0094643098497,286.19355030577265,287.7725492040114,288.364673790851,286.85146651337203,6925913327.24105
2019-11-25,S*Mobarakeh Steel,4390.0,4397.0,4349.0,4368.0,109680227213.0,25110536,3628,D,4374.0,4376.0,288.8252151361706,289.2857564814901,286.1277586850127,287.37779947945165,287.7725492040114,287.90413244553133,7216039913.662595
2019-11-26,S*Mobarakeh Steel,4419.0,4420.0,4361.0,4379.0,91861087449.0,20976160,3155,D,4368.0,4378.0,290.73317213820906,290.79896375896897,286.91725813413206,288.1015073078111,287.37779947945165,288.0357156870512,6043689828.041001
2019-11-27,S*Mobarakeh Steel,4417.0,4425.0,4372.0,4398.0,93703139613.0,21304838,2875,D,4379.0,4380.0,290.6015888966892,291.12792186276863,287.64096596249146,289.3515481022501,288.1015073078111,288.16729892857103,6164881425.434932
2019-11-30,S*Mobarakeh Steel,4440.0,4456.0,4390.0,4409.0,214554578860.0,48659958,5052,D,4398.0,4400.0,292.11479617416785,293.16746210632715,288.8252151361706,290.0752559306096,289.3515481022501,289.48313134376997,14115893484.667416
2019-12-01,S*Mobarakeh Steel,4446.0,4577.0,4410.0,4484.0,334526164107.0,74611238,6328,D,4409.0,4500.0,292.50954589872765,301.12824821828076,290.1410475513694,295.0096274876056,290.0752559306096,296.0622934197648,22009018523.20778
2019-12-02,S*Mobarakeh Steel,4610.0,4645.0,4491.0,4562.0,300957193413.0,65976536,6267,D,4484.0,4549.0,303.299371703359,305.6020784299572,295.4701688329252,300.14137390688154,295.0096274876056,299.28608283700225,19800461534.006336
2019-12-03,S*Mobarakeh Steel,4590.0,4653.0,4550.0,4609.0,212945180448.0,46200501,5092,D,4562.0,4620.0,301.9835392881602,306.1284113960367,299.35187445776216,303.2335800825991,300.14137390688154,303.9572879109585,14010008554.69345
2019-12-04,S*Mobarakeh Steel,4650.0,4650.0,4570.0,4601.0,195285681526.0,42445863,4365,D,4609.0,4621.0,305.9310365337569,305.9310365337569,300.6677068729611,302.7072471165195,303.2335800825991,304.0230795317184,12848161498.806524
2019-12-07,S*Mobarakeh Steel,4740.0,4831.0,4725.0,4800.0,676727047883.0,140984936,11769,D,4601.0,4785.0,311.85228240215224,317.83931989130747,310.8654080907531,315.7997796477492,302.7072471165195,314.81290533634984,44522969292.31732
2019-12-08,S*Mobarakeh Steel,4830.0,4990.0,4820.0,4903.0,427644480499.0,87229341,8145,D,4800.0,4920.0,317.7735282705476,328.3001875921391,317.1156120629482,322.5763165860238,315.7997796477492,323.69477413894293,28135423481.075066
2019-12-09,S*Mobarakeh Steel,4989.0,4995.0,4865.0,4906.0,243846573039.0,49707633,6596,D,4903.0,4878.0,328.23439597137934,328.6291456959389,320.0762349971457,322.7736914483036,322.5763165860238,320.9315260670252,16043061256.994785
2019-12-10,S*Mobarakeh Steel,4950.0,4979.0,4883.0,4941.0,375149982078.0,75927443,6697,D,4906.0,4900.0,325.6685227617414,327.5764797637797,321.2604841708247,325.0763981749017,322.7736914483036,322.3789417237439,24681725348.976955
2019-12-11,S*Mobarakeh Steel,4880.0,4915.0,4839.0,4879.0,164942453475.0,33806431,4417,D,4941.0,4895.0,321.06310930854494,323.3658160351431,318.3656528573871,320.99731768778497,325.0763981749017,322.04998361994416,10851831346.242525
2019-12-14,S*Mobarakeh Steel,4915.0,4980.0,4897.0,4937.0,359125704815.0,72744710,6276,D,4879.0,4967.0,323.3658160351431,327.6422713845397,322.18156686146403,324.81323169186186,320.99731768778497,326.7869803146604,23627462176.33742
2019-12-15,S*Mobarakeh Steel,4990.0,5120.0,4961.0,5048.0,390747053171.0,77412645,7271,D,4937.0,5029.0,328.3001875921391,336.8530982909324,326.3922305901007,332.11610159621614,324.81323169186186,330.86606080177717,25707881935.293564
2019-12-16,S*Mobarakeh Steel,5060.0,5060.0,4998.0,5019.0,152044921159.0,30294915,3954,D,5048.0,5021.0,332.9056010453356,332.9056010453356,328.8265205582189,330.2081445941776,332.11610159621614,330.33972783569754,10003281791.369081
2019-12-17,S*Mobarakeh Steel,5020.0,5104.0,5020.0,5091.0,334972704439.0,65796658,6041,D,5019.0,5081.0,330.2739362149377,335.80043235877315,330.2739362149377,334.9451412888938,330.2081445941776,334.28722508129437,22038397135.384758
2019-12-18,S*Mobarakeh Steel,5110.0,5224.0,5081.0,5183.0,311707334832.0,60143651,5884,D,5091.0,5195.0,336.19518208333284,343.695426849967,334.28722508129437,340.99797039880906,334.9451412888938,341.7874698479285,20507730761.36099
2019-12-21,S*Mobarakeh Steel,5230.0,5266.0,5196.0,5238.0,209773618272.0,40049540,5315,D,5183.0,5260.0,344.09017657452654,346.4586749218848,341.8532614686885,344.6165095406063,340.99797039880906,346.06392519732503,13801346338.793467
2019-12-22,S*Mobarakeh Steel,5296.0,5460.0,5268.0,5363.0,410185692475.0,76481176,7525,D,5238.0,5430.0,348.4324235446831,359.2222493493146,346.5902581634046,352.84046213559975,344.6165095406063,357.2485007265162,26986781520.47174
2019-12-23,S*Mobarakeh Steel,5514.0,5535.0,5250.0,5446.0,373950445481.0,68670299,7614,D,5363.0,5400.0,362.77499687035174,364.1566209063107,345.4060089897256,358.30116665867536,352.84046213559975,355.27475210371773,24602805892.09946
2019-12-24,S*Mobarakeh Steel,5432.0,5462.0,5330.0,5399.0,190002718589.0,35192423,5181,D,5446.0,5360.0,357.38008396803616,359.35383259083454,350.66933865052147,355.20896048295776,358.30116665867536,352.64308727331985,12500586804.76656
2019-12-25,S*Mobarakeh Steel,5379.0,5379.0,5252.0,5284.0,222017014078.0,42018897,6509,D,5399.0,5299.0,353.89312806775877,353.89312806775877,345.53759223124547,347.6429240955639,355.20896048295776,348.629798406963,14606859192.475752
2019-12-28,S*Mobarakeh Steel,5300.0,5439.0,5299.0,5360.0,273851698307.0,51087866,6250,D,5284.0,5384.0,348.6955900277231,357.84062531335576,348.629798406963,352.64308727331985,347.6429240955639,354.2220861715586,18017147079.481762
2019-12-29,S*Mobarakeh Steel,5500.0,5500.0,5381.0,5442.0,265228929642.0,48734408,6186,D,5360.0,5476.0,361.8539141797125,361.8539141797125,354.02471130927876,358.03800017563555,352.64308727331985,360.27491528147374,17449841153.573326
2019-12-30,S*Mobarakeh Steel,5499.0,5549.0,5481.0,5511.0,364380418286.0,66113626,7003,D,5442.0,5525.0,361.7881225589525,365.0777035969501,360.6038733852736,362.57762200807196,358.03800017563555,363.49870469871104,23973178292.223633
2019-12-31,S*Mobarakeh Steel,5590.0,5631.0,5455.0,5577.0,394225887292.0,70687324,8095,D,5511.0,5602.0,367.77516004810786,370.4726164992657,358.8932912455149,366.91986897822846,362.57762200807196,368.5646594972272,25936760070.469154
2020-01-01,S*Mobarakeh Steel,5650.0,5855.0,5647.0,5814.0,809630710787.0,139267200,12242,D,5577.0,5799.0,371.7226572937047,385.209939549494,371.52528243142484,382.5124830983361,366.91986897822846,381.5256087869369,53266916679.705215
2020-01-04,S*Mobarakeh Steel,5524.0,5544.0,5524.0,5524.0,2319715067382.0,419929040,16803,D,5814.0,5524.0,363.4329130779513,364.74874549315024,363.4329130779513,363.4329130779513,382.5124830983361,363.4329130779513,152617813984.33316
2020-01-05,S*Mobarakeh Steel,5530.0,5800.0,5530.0,5715.0,742974876319.0,129997241,14770,D,5524.0,5800.0,363.82766280251104,381.59140040769694,363.82766280251104,375.9991126431013,363.4329130779513,381.59140040769694,48881521296.948715
2020-01-13,S*Mobarakeh Steel,4000.0,4019.0,3899.0,3976.0,2857062466399.0,718660988,37833,D,3555.0,4000.0,263.166483039791,264.41652383422996,256.5215293430362,261.58748414155224,233.8892118016142,263.166483039791,187970770276.80392
2020-01-14,S*Mobarakeh Steel,4000.0,4017.0,3903.0,3974.0,710215064885.0,178731503,17625,D,3976.0,3950.0,263.166483039791,264.28494059271,256.784695826076,261.45590090003225,261.58748414155224,259.87690200179344,46726200206.915596
2020-01-15,S*Mobarakeh Steel,3900.0,3980.0,3850.0,3926.0,412382736754.0,105050384,13169,D,3974.0,3920.0,256.5873209637961,261.850650624592,253.2977399257987,258.29790310355475,261.45590090003225,257.90315337899506,27131328624.468525
2020-01-18,S*Mobarakeh Steel,3980.0,4000.0,3891.0,3950.0,868987302707.0,219976080,19024,D,3926.0,3939.0,261.850650624592,263.166483039791,255.99519637695667,259.87690200179344,258.29790310355475,259.1531941734341,57172083064.90886
2020-01-19,S*Mobarakeh Steel,3911.0,3955.0,3888.0,3913.0,496318714716.0,126845211,12247,D,3950.0,3910.0,257.3110287921555,260.2058601055933,255.79782151467677,257.4426120336755,259.87690200179344,257.2452371713957,32653612654.659763
2020-01-20,S*Mobarakeh Steel,3910.0,3922.0,3803.0,3844.0,629881986249.0,163862388,18565,D,3913.0,3820.0,257.2452371713957,258.03473662051505,250.20553375008123,252.9029902012391,257.4426120336755,251.32399130300035,41440956762.81682
2020-01-21,S*Mobarakeh Steel,3815.0,3828.0,3748.0,3791.0,442446848100.0,116697256,13167,D,3844.0,3750.0,250.99503319920063,251.85032426908,246.5869946082841,249.4160343009619,252.9029902012391,246.71857784980403,29109295236.629402
2020-01-22,S*Mobarakeh Steel,3780.0,3840.0,3733.0,3801.0,375209456234.0,98702175,11133,D,3791.0,3836.0,248.6923264726024,252.63982371819935,245.6001202968849,250.07395050856138,249.4160343009619,252.37665723515948,24685638250.093536
2020-01-25,S*Mobarakeh Steel,3839.0,3840.0,3799.0,3816.0,395123958498.0,103554430,12940,D,3801.0,3807.0,252.57403209743933,252.63982371819935,249.94236726704148,251.06082481996057,250.07395050856138,250.46870023312096,25995845630.669743
2020-01-26,S*Mobarakeh Steel,3869.0,3869.0,3729.0,3765.0,335504104574.0,89103849,10836,D,3816.0,3740.0,254.5477807202378,254.5477807202378,245.33695381384513,247.70545216120323,251.06082481996057,246.0606616422045,22073358811.538456
2020-01-27,S*Mobarakeh Steel,3731.0,3853.0,3688.0,3778.0,341163734864.0,90299058,8657,D,3765.0,3801.0,245.468537055365,253.49511478807855,242.6394973626872,248.56074323108254,247.70545216120323,250.07395050856138,22445715061.219643
2020-01-28,S*Mobarakeh Steel,3840.0,3940.0,3819.0,3874.0,467258628548.0,120613900,12062,D,3778.0,3910.0,252.63982371819935,259.21898579419405,251.2581996822404,254.87673882403755,248.56074323108254,257.2452371713957,30741702486.2433
2020-02-01,S*Mobarakeh Steel,3965.0,3965.0,3796.0,3853.0,254774349030.0,66129050,9321,D,3874.0,3800.0,260.8637763131928,260.8637763131928,249.74499240476158,253.49511478807855,254.87673882403755,250.0081588878014,16762017350.744314
2020-02-02,S*Mobarakeh Steel,3810.0,3910.0,3786.0,3870.0,258979583049.0,66923282,8138,D,3853.0,3898.0,250.6660750954009,257.2452371713957,249.08707619716216,254.61357234099768,253.49511478807855,256.45573772227624,17038686512.529198
2020-02-03,S*Mobarakeh Steel,3909.0,4059.0,3899.0,4001.0,681653855880.0,170381419,14119,D,3870.0,3989.0,257.17944555063565,267.04818866462773,256.5215293430362,263.23227466055084,254.61357234099768,262.44277521143147,44847111975.61303
2020-02-04,S*Mobarakeh Steel,4063.0,4069.0,3896.0,3972.0,293878620711.0,73993133,8960,D,4001.0,3950.0,267.3113551476676,267.7061048722273,256.32415448075636,261.3243176585123,263.23227466055084,259.87690200179344,19334750763.27463
2020-02-05,S*Mobarakeh Steel,3994.0,3994.0,3899.0,3926.0,362865913031.0,92421571,10366,D,3972.0,3948.0,262.77173331523124,262.77173331523124,256.5215293430362,258.29790310355475,261.3243176585123,259.74531876027356,23873536536.847725
2020-02-08,S*Mobarakeh Steel,4020.0,4020.0,3889.0,3948.0,497579428853.0,126039935,11359,D,3926.0,3901.0,264.48231545498993,264.48231545498993,255.8636131354368,259.74531876027356,258.29790310355475,256.653112584556,32736557081.047974
2020-02-09,S*Mobarakeh Steel,4000.0,4000.0,3898.0,3925.0,306710158913.0,78140364,8194,D,3948.0,3950.0,263.166483039791,263.166483039791,256.45573772227624,258.2321114827949,259.74531876027356,259.87690200179344,20178958458.427402
2020-02-10,S*Mobarakeh Steel,3950.0,3990.0,3800.0,3918.0,339556237003.0,86656376,9519,D,3925.0,3929.0,259.87690200179344,262.50856683219143,250.0081588878014,257.7715701374753,258.2321114827949,258.4952779658347,22339955171.57631
2020-02-12,S*Mobarakeh Steel,3929.0,4020.0,3929.0,3979.0,710432462958.0,178530575,14256,D,3918.0,4000.0,258.4952779658347,264.48231545498993,258.4952779658347,261.78485900383197,257.7715701374753,263.166483039791,46740503178.488335
2020-02-15,S*Mobarakeh Steel,4040.0,4078.0,3938.0,4006.0,619372001973.0,154628478,12997,D,3979.0,3993.0,265.7981478701888,268.2982294590668,259.0874025526742,263.56123276435056,261.78485900383197,262.70594169447133,40749487863.13723
2020-02-16,S*Mobarakeh Steel,4059.0,4206.0,4010.0,4168.0,1795509365858.0,430782117,18883,D,4006.0,4206.0,267.04818866462773,276.71955691634014,263.82439924739043,274.21947532746213,263.56123276435056,276.71955691634014,118129471269.46376
2020-02-17,S*Mobarakeh Steel,4349.0,4374.0,4255.0,4329.0,1627863714674.0,376064567,24412,D,4168.0,4300.0,286.1277586850127,287.7725492040114,279.94334633357767,284.81192626981374,274.21947532746213,282.9039692677752,107099792164.71158
2020-02-18,S*Mobarakeh Steel,4370.0,4376.0,4210.0,4288.0,903031225341.0,210601472,16211,D,4329.0,4300.0,287.5093827209716,287.90413244553133,276.98272339937995,282.1144698186559,284.81192626981374,282.9039692677752,59411887912.025986
2020-02-19,S*Mobarakeh Steel,4329.0,4329.0,4235.0,4277.0,737475500084.0,172411174,13927,D,4288.0,4240.0,284.81192626981374,284.81192626981374,278.62751391837867,281.39076199029637,282.1144698186559,278.95647202217845,48519708421.279335
2020-02-22,S*Mobarakeh Steel,4100.0,4396.0,4100.0,4297.0,742622560388.0,172810546,13106,D,4277.0,4350.0,269.74564511578563,289.21996486073016,269.74564511578563,282.7065944054954,281.39076199029637,286.19355030577265,48858341860.82868
2020-02-23,S*Mobarakeh Steel,4411.0,4511.0,4405.0,4461.0,1343314620166.0,301117928,22558,D,4297.0,4505.0,290.20683917212943,296.78600124812425,289.8120894475698,293.49642021012687,282.7065944054954,296.39125152356456,88378846051.2547
2020-02-24,S*Mobarakeh Steel,4590.0,4650.0,4433.0,4512.0,1064959438610.0,236031176,19688,D,4461.0,4630.0,301.9835392881602,305.9310365337569,291.65425482884825,296.8517928688842,293.49642021012687,304.6152041185579,70065407509.75597
2020-02-25,S*Mobarakeh Steel,4665.0,4737.0,4602.0,4703.0,1749260033690.0,371914178,23517,D,4512.0,4737.0,306.91791084515614,311.6549075398725,302.7730387372795,309.4179924340342,296.8517928688842,311.6549075398725,115086652747.06589
2020-02-26,S*Mobarakeh Steel,4888.0,4888.0,4700.0,4774.0,842090764412.0,176398293,18055,D,4703.0,4715.0,321.58944227462456,321.58944227462456,309.22061757175425,314.0891975079905,309.4179924340342,310.2074918831535,55402516217.64879
2020-02-29,S*Mobarakeh Steel,4550.0,4677.0,4536.0,4578.0,1388418014269.0,303292073,23065,D,4774.0,4536.0,299.35187445776216,307.7074102942756,298.43079176712297,301.1940398390407,314.0891975079905,298.43079176712297,91346271451.06575
2020-03-01,S*Mobarakeh Steel,4537.0,4647.0,4500.0,4603.0,642444120564.0,139572044,13809,D,4578.0,4601.0,298.49658338788294,305.7336616714771,296.0622934197648,302.83883035803933,301.1940398390407,302.7072471165195,42267439939.60483
2020-03-02,S*Mobarakeh Steel,4642.0,4722.0,4601.0,4678.0,896967871342.0,191761660,14317,D,4603.0,4670.0,305.4047035676773,310.6680332284732,302.7072471165195,307.7732019150355,302.83883035803933,307.24686894895586,59012970025.19046
2020-03-03,S*Mobarakeh Steel,4730.0,4911.0,4720.0,4816.0,1436255446524.0,298232723,18939,D,4678.0,4911.0,311.19436619455274,323.10264955210334,310.53644998695324,316.8524455799083,307.7732019150355,323.10264955210334,94493573652.11642
2020-03-04,S*Mobarakeh Steel,5000.0,5055.0,4820.0,4966.0,1225855578493.0,246866390,17220,D,4816.0,4920.0,328.95810379973864,332.5766429415357,317.1156120629482,326.7211886939004,316.8524455799083,323.69477413894293,80651025326.67778
2020-03-07,S*Mobarakeh Steel,4920.0,5119.0,4818.0,4977.0,1340504047266.0,269340186,19002,D,4966.0,4950.0,323.69477413894293,336.7873066701725,316.9840288214282,327.44489652225985,326.7211886939004,325.6685227617414,88193933904.8997
2020-03-09,S*Mobarakeh Steel,4729.0,4777.0,4729.0,4730.0,758214128076.0,160307128,9206,D,4977.0,4729.0,311.1285745737928,314.28657237027033,311.1285745737928,311.19436619455274,327.44489652225985,311.1285745737928,49884136369.21063
2020-03-10,S*Mobarakeh Steel,4510.0,4710.0,4501.0,4594.0,822638674272.0,179063359,16223,D,4730.0,4515.0,296.7202096273643,309.87853377935386,296.1280850405247,302.2467057711998,311.19436619455274,297.04916773116395,54122731680.16959
2020-03-11,S*Mobarakeh Steel,4600.0,4814.0,4599.0,4718.0,389687499494.0,82595898,10269,D,4594.0,4670.0,302.64145549575966,316.7208623383883,302.5756638749997,310.40486674543337,302.2467057711998,307.24686894895586,25638172181.601574
2020-03-14,S*Mobarakeh Steel,4602.0,4659.0,4483.0,4497.0,468655832124.0,104211448,6623,D,4718.0,4483.0,302.7730387372795,306.5231611205965,294.94383586684563,295.86491855748494,310.40486674543337,294.94383586684563,30833626774.039932
2020-03-15,S*Mobarakeh Steel,4380.0,4550.0,4274.0,4417.0,759679416515.0,171993669,14409,D,4497.0,4499.0,288.16729892857103,299.35187445776216,281.1933871280166,290.6015888966892,295.86491855748494,295.9965017990049,49980540070.49323
2020-03-16,S*Mobarakeh Steel,4568.0,4593.0,4446.0,4535.0,626347189822.0,138110458,14198,D,4417.0,4578.0,300.5361236314413,302.18091415043995,292.50954589872765,298.36500014636295,290.6015888966892,301.1940398390407,41208396776.82801
2020-03-17,S*Mobarakeh Steel,4585.0,4608.0,4452.0,4537.0,531308879158.0,117098437,10409,D,4535.0,4600.0,301.6545811843603,303.1677884618391,292.9042956232873,298.49658338788294,298.36500014636295,302.64145549575966,34955672283.956024
2020-03-18,S*Mobarakeh Steel,4626.0,4662.0,4536.0,4622.0,504941751062.0,109237495,11748,D,4537.0,4639.0,304.3520376355182,306.7205359828763,298.43079176712297,304.0888711524784,298.49658338788294,305.2073287053976,33220936191.735043
2020-03-24,S*Mobarakeh Steel,4525.0,4549.0,4391.0,4411.0,360775938993.0,81785766,9409,D,4622.0,4391.0,297.7070839387635,299.28608283700225,288.89100675693055,290.20683917212943,304.0888711524784,288.89100675693055,23736033757.541492
2020-03-25,S*Mobarakeh Steel,4441.0,4522.0,4400.0,4453.0,486884045881.0,109339844,14626,D,4411.0,4460.0,292.18058779492793,297.50970907648366,289.48313134376997,292.9700872440473,290.20683917212943,293.4306285893669,32032890500.671738
2020-03-28,S*Mobarakeh Steel,4400.0,4520.0,4329.0,4413.0,1142219431513.0,258849936,29098,D,4453.0,4494.0,289.48313134376997,297.3781258349637,284.81192626981374,290.33842241364925,292.9700872440473,295.66754369520504,75148467662.74638
2020-03-29,S*Mobarakeh Steel,4500.0,4550.0,4450.0,4490.0,633070279824.0,140995529,15932,D,4413.0,4464.0,296.0622934197648,299.35187445776216,292.7727123817674,295.40437721216534,290.33842241364925,293.6937950724068,41650719764.57459
2020-03-30,S*Mobarakeh Steel,4450.0,4525.0,4414.0,4481.0,473396809751.0,105642056,11024,D,4490.0,4491.0,292.7727123817674,297.7070839387635,290.40421403440934,294.8122526253258,295.40437721216534,295.4701688329252,31145543376.106915
2020-04-04,S*Mobarakeh Steel,4577.0,4703.0,4510.0,4665.0,842542740512.0,180596289,17484,D,4481.0,4650.0,301.12824821828076,309.4179924340342,296.7202096273643,306.91791084515614,294.8122526253258,305.9310365337569,55432252457.81257
2020-04-05,S*Mobarakeh Steel,4700.0,4751.0,4600.0,4698.0,562819215533.0,119810418,13873,D,4665.0,4699.0,309.22061757175425,312.57599023051176,302.64145549575966,309.0890343302344,306.91791084515614,309.15482595099445,37028788384.75842
2020-04-06,S*Mobarakeh Steel,4700.0,4718.0,4600.0,4665.0,485364197156.0,104034987,11578,D,4698.0,4680.0,309.22061757175425,310.40486674543337,302.64145549575966,306.91791084515614,309.0890343302344,307.90478515655536,31932897189.74405
2020-04-07,S*Mobarakeh Steel,4738.0,4898.0,4700.0,4841.0,1172804723917.0,242271587,15572,D,4665.0,4898.0,311.72069916063236,322.24735848222394,309.22061757175425,318.49723609890697,306.91791084515614,322.24735848222394,77160723621.42247
2020-04-08,S*Mobarakeh Steel,5000.0,5083.0,4945.0,5071.0,848748596825.0,167361051,10689,D,4841.0,5083.0,328.95810379973864,334.4188083228143,325.3395646579415,333.6293088736949,318.49723609890697,334.4188083228143,55840545802.84817
2020-04-11,S*Mobarakeh Steel,5289.0,5324.0,5157.0,5297.0,1262188452568.0,238264769,21824,D,5071.0,5267.0,347.9718821993637,350.2745889259617,339.28738825905054,348.49821516544307,333.6293088736949,346.5244665426447,83041423998.93915
2020-04-12,S*Mobarakeh Steel,5330.0,5561.0,5327.0,5522.0,956454610526.0,173208702,15473,D,5297.0,5561.0,350.66933865052147,365.8672030460693,350.47196378824157,363.3013298364314,348.49821516544307,365.8672030460693,62926699009.8301
2020-04-13,S*Mobarakeh Steel,5730.0,5730.0,5402.0,5523.0,635197662522.0,115016599,12856,D,5522.0,5500.0,376.9859869545005,376.9859869545005,355.4063353452376,363.36712145719133,363.3013298364314,361.8539141797125,41790683720.25269
2020-04-14,S*Mobarakeh Steel,5260.0,5590.0,5260.0,5443.0,671225858131.0,123314843,16389,D,5523.0,5451.0,346.06392519732503,367.77516004810786,346.06392519732503,358.1037917963956,363.36712145719133,358.63012476247513,44161037102.425224
2020-04-15,S*Mobarakeh Steel,5400.0,5715.0,5390.0,5663.0,699520854995.0,123535206,11079,D,5443.0,5715.0,355.27475210371773,375.9991126431013,354.6168358961184,372.577948363584,358.1037917963956,375.9991126431013,46022610805.50544
2020-04-18,S*Mobarakeh Steel,5946.0,5946.0,5910.0,5946.0,389829594273.0,65565430,5056,D,5663.0,5946.0,391.1969770386492,391.1969770386492,388.8284786912911,391.1969770386492,372.577948363584,391.1969770386492,25647520827.413506
2020-04-19,S*Mobarakeh Steel,6243.0,6243.0,5649.0,6197.0,1186082526878.0,191387234,14385,D,5946.0,6066.0,410.7370884043536,410.7370884043536,371.65686567294483,407.71067384939613,391.1969770386492,399.0919715298429,78034291798.3579
2020-04-20,S*Mobarakeh Steel,6170.0,6506.0,6162.0,6480.0,895325832376.0,138177573,9851,D,6197.0,6506.0,405.93430008887754,428.04028466422005,405.40796712279797,426.3297025244612,407.71067384939613,428.04028466422005,58904937620.266335
2020-04-21,S*Mobarakeh Steel,6804.0,6804.0,6740.0,6799.0,176316640427.0,25932767,2343,D,6480.0,6750.0,447.64618765068445,447.64618765068445,443.43552392204765,447.31722954688473,426.3297025244612,444.09344012964715,11600157540.641254
2020-04-26,S*Mobarakeh Steel,7138.0,7494.0,7138.0,7481.0,1718828437296.0,229746254,12284,D,6799.0,7494.0,469.620588984507,493.0424059750483,469.620588984507,492.1871149051691,447.31722954688473,493.0424059750483,113084508697.99203
2020-04-27,S*Mobarakeh Steel,7855.0,7855.0,7855.0,7855.0,1119601506550.0,142533610,7932,D,7481.0,7855.0,516.7931810693894,516.7931810693894,516.7931810693894,516.7931810693894,492.1871149051691,516.7931810693894,73660397721.20374
2020-04-28,S*Mobarakeh Steel,8247.0,8247.0,8247.0,8247.0,1024294100175.0,124202025,6890,D,7855.0,8247.0,542.5834964072889,542.5834964072889,542.5834964072889,542.5834964072889,516.7931810693894,542.5834964072889,67389968985.365524
2020-04-29,S*Mobarakeh Steel,8659.0,8659.0,8659.0,8659.0,837391498055.0,96707645,3331,D,8247.0,8659.0,569.6896441603874,569.6896441603874,569.6896441603874,569.6896441603874,542.5834964072889,569.6896441603874,55093343867.63907
2020-05-02,S*Mobarakeh Steel,9091.0,9091.0,9091.0,9091.0,1229618068785.0,135256635,4342,D,8659.0,9091.0,598.111624328685,598.111624328685,598.111624328685,598.111624328685,569.6896441603874,598.111624328685,80898565661.08205
2020-05-03,S*Mobarakeh Steel,9545.0,9545.0,9545.0,9545.0,1240806322080.0,129995424,4287,D,9091.0,9545.0,627.9810201537011,627.9810201537011,627.9810201537011,627.9810201537011,598.111624328685,627.9810201537011,81634658978.83293
2020-05-04,S*Mobarakeh Steel,10022.0,10022.0,10021.0,10022.0,4692460059922.0,468215951,28525,D,9545.0,10022.0,659.3636232561961,659.3636232561961,659.2978316354363,659.3636232561961,627.9810201537011,659.3636232561961,308724552693.58984
2020-05-05,S*Mobarakeh Steel,10523.0,10523.0,9615.0,10262.0,11092675067558.0,1080966094,110855,D,10022.0,9760.0,692.32522525693,692.32522525693,632.5864336068975,675.1536122385837,659.3636232561961,642.1262186170899,729805071258.1035
2020-05-06,S*Mobarakeh Steel,9749.0,10727.0,9749.0,10198.0,6491018973353.0,636475471,73200,D,10262.0,10330.0,641.4025107887306,705.7467158919594,641.4025107887306,670.9429485099471,675.1536122385837,679.6274424502601,427054658640.4659
2020-05-09,S*Mobarakeh Steel,10695.0,10707.0,10500.0,10701.0,3800377997963.0,355155961,23398,D,10198.0,10707.0,703.641384027641,704.4308834767603,690.8120179794512,704.0361337522007,670.9429485099471,704.4308834767603,250033027986.4311
2020-05-10,S*Mobarakeh Steel,11236.0,11236.0,11236.0,11236.0,278170685712.0,24757092,804,D,10701.0,11236.0,739.2346508587727,739.2346508587727,739.2346508587727,739.2346508587727,704.0361337522007,739.2346508587727,18301300260.898514
2020-05-13,S*Mobarakeh Steel,11650.0,12232.0,11068.0,11550.0,5889847250498.0,509965126,57935,D,11236.0,11068.0,766.4723818533912,804.7631051356807,728.1816585711014,759.8932197773963,739.2346508587727,728.1816585711014,387502596638.7853
2020-05-16,S*Mobarakeh Steel,10973.0,10973.0,10973.0,10973.0,286775854613.0,26134681,5211,D,11550.0,10973.0,721.9314545989064,721.9314545989064,721.9314545989064,721.9314545989064,759.8932197773963,721.9314545989064,18867448269.808403
2020-05-17,S*Mobarakeh Steel,10425.0,10425.0,10425.0,10425.0,423465032475.0,40620147,5539,D,10973.0,10425.0,685.8776464224551,685.8776464224551,685.8776464224551,685.8776464224551,721.9314545989064,685.8776464224551,27860450821.69415
2020-05-18,S*Mobarakeh Steel,10020.0,10700.0,9904.0,10165.0,8756693717364.0,861474427,89696,D,10425.0,10224.0,659.2320400146762,703.9703421314408,651.6002120065223,668.7718250248687,685.8776464224551,672.6535306497055,576117072163.8291
2020-05-19,S*Mobarakeh Steel,10350.0,10350.0,9657.0,9755.0,3163185701800.0,324276938,44852,D,10165.0,9657.0,680.9432748654591,680.9432748654591,635.3496816788153,641.7972605132901,668.7718250248687,635.3496816788153,208111114086.11465
2020-05-20,S*Mobarakeh Steel,9268.0,9433.0,9268.0,9274.0,2250471820469.0,242669672,23703,D,9755.0,9268.0,609.7567412031955,620.612358628587,609.7567412031955,610.151490927755,641.7972605132901,609.7567412031955,148062188543.2456
2020-05-23,S*Mobarakeh Steel,8811.0,8811.0,8811.0,8811.0,1213015339404.0,137670564,11602,D,9274.0,8811.0,579.6899705158994,579.6899705158994,579.6899705158994,579.6899705158994,610.151490927755,579.6899705158994,79806245186.06725
2020-05-26,S*Mobarakeh Steel,8371.0,8811.0,8371.0,8385.0,2978040000000.0,355168587,32188,D,8808.0,8371.0,550.7416573815224,579.6899705158994,550.7416573815224,551.6627400721618,579.4925956536197,550.7416573815224,195930078287.95477
2020-05-27,S*Mobarakeh Steel,8150.0,8804.0,8150.0,8655.0,2670337172137.0,308524869,35096,D,8385.0,8804.0,536.2017091935741,579.2294291705798,536.2017091935741,569.4264776773476,551.6627400721618,579.2294291705798,175685810530.42874
2020-05-30,S*Mobarakeh Steel,9087.0,9087.0,9080.0,9087.0,2174536324247.0,239302335,19256,D,8655.0,9087.0,597.8484578456452,597.8484578456452,597.3879165003254,597.8484578456452,569.4264776773476,597.8484578456452,143066269173.5894
2020-05-31,S*Mobarakeh Steel,9350.0,9541.0,8633.0,9047.0,2391159812952.0,264309250,40758,D,9087.0,8996.0,615.1516541055113,627.7178536706614,567.9790620206289,595.216793015247,597.8484578456452,591.8614203564897,157318279590.16556
2020-06-01,S*Mobarakeh Steel,9040.0,9449.0,8774.0,9190.0,1378692935777.0,150021727,25000,D,9047.0,9207.0,594.7562516699275,621.6650245607461,577.2556805477814,604.6249947839196,595.216793015247,605.7434523368388,90706442775.05936
2020-06-02,S*Mobarakeh Steel,9430.0,9649.0,9274.0,9626.0,2834928167031.0,294517212,26426,D,9190.0,9649.0,620.414983766307,634.8233487127358,610.151490927755,633.3101414352569,604.6249947839196,634.8233487127358,186514518846.9973
2020-06-06,S*Mobarakeh Steel,10000.0,10107.0,9800.0,10066.0,1675088468941.0,166412659,16994,D,9626.0,10107.0,657.9162075994773,664.9559110207915,644.7578834474878,662.2584545696338,633.3101414352569,664.9559110207915,110206785287.92776
2020-06-07,S*Mobarakeh Steel,10569.0,10569.0,10107.0,10562.0,2413479648628.0,228499778,17705,D,10066.0,10549.0,695.3516398118874,695.3516398118874,664.9559110207915,694.8910984665678,662.2584545696338,694.0358073966886,158786737754.38528
2020-06-08,S*Mobarakeh Steel,10034.0,11090.0,10034.0,10589.0,3835662739500.0,362219387,55100,D,10562.0,10270.0,660.1531227053157,729.6290742278204,660.1531227053157,696.6674722270866,694.8910984665678,675.6799452046632,252354468320.2462
2020-06-09,S*Mobarakeh Steel,10420.0,11070.0,10380.0,10763.0,3282499825565.0,304990042,41186,D,10589.0,10835.0,685.5486883186553,728.3132418126214,682.9170234882575,708.1152142393178,696.6674722270866,712.8522109340337,215960983668.16708
2020-06-10,S*Mobarakeh Steel,11100.0,11301.0,11050.0,11291.0,3112603869843.0,275676980,19884,D,10763.0,11301.0,730.28699043542,743.5111062081694,726.9974093974221,742.85319000057,708.1152142393178,743.5111062081694,204783253380.65637
2020-06-13,S*Mobarakeh Steel,11850.0,11850.0,11790.0,11850.0,4657892708510.0,393121085,35286,D,11291.0,11850.0,779.6307060053807,779.6307060053807,775.6832087597838,779.6307060053807,742.85319000057,779.6307060053807,306450310618.8157
2020-06-14,S*Mobarakeh Steel,12000.0,12090.0,11260.0,11680.0,4140572334120.0,354608361,60392,D,11850.0,11800.0,789.4994491193729,795.420694987768,740.8136497570115,768.4461304761896,779.6307060053807,776.3411249673829,272414964735.5546
2020-06-15,S*Mobarakeh Steel,11700.0,11880.0,11160.0,11470.0,3447322090390.0,300459716,50009,D,11680.0,11280.0,769.7619628913886,781.6044546281789,734.2344876810167,754.6298901166004,768.4461304761896,742.1294821722107,226804907608.32913
2020-06-16,S*Mobarakeh Steel,11320.0,11990.0,11100.0,11690.0,4342526335210.0,371368524,48400,D,11470.0,11890.0,744.7611470026083,788.841532911773,730.28699043542,769.104046683789,754.6298901166004,782.2623708357786,285701845786.22205
2020-06-20,S*Mobarakeh Steel,12200.0,12270.0,12010.0,12260.0,2648305286080.0,216076048,24294,D,11690.0,12270.0,802.6577732713623,807.2631867245585,790.1573653269721,806.6052705169592,769.104046683789,807.2631867245585,174236297038.34027
2020-06-21,S*Mobarakeh Steel,12870.0,12870.0,12500.0,12860.0,4030356889460.0,313371052,37924,D,12260.0,12870.0,846.7381591805274,846.7381591805274,822.3952594993466,846.080242972928,806.6052705169592,846.7381591805274,265163711998.59485
2020-06-22,S*Mobarakeh Steel,13500.0,13500.0,13100.0,13490.0,3061102242020.0,226987185,24775,D,12860.0,13500.0,888.1868802592943,888.1868802592943,861.8702319553153,887.5289640516947,846.080242972928,888.1868802592943,201394877814.40567
2020-06-23,S*Mobarakeh Steel,14160.0,14160.0,14160.0,14160.0,203760332640.0,14389854,976,D,13490.0,14160.0,931.6093499608598,931.6093499608598,931.6093499608598,931.6093499608598,887.5289640516947,931.6093499608598,13405722530.97168
2020-06-27,S*Mobarakeh Steel,14860.0,14860.0,14860.0,14860.0,1702942477400.0,114599090,9502,D,14160.0,14860.0,977.6634844928234,977.6634844928234,977.6634844928234,977.6634844928234,931.6093499608598,977.6634844928234,112039345649.10667
2020-06-28,S*Mobarakeh Steel,15600.0,15600.0,14300.0,15390.0,11386317150650.0,740019948,101074,D,14860.0,15120.0,1026.3492838551845,1026.3492838551845,940.8201768672524,1012.5330434955955,977.6634844928234,994.7693058904096,749124259828.0533
2020-06-29,S*Mobarakeh Steel,14800.0,16150.0,14630.0,15110.0,6936992526940.0,459042305,88743,D,15390.0,15540.0,973.7159872472264,1062.534675273156,962.5314117180354,994.1113896828103,1012.5330434955955,1022.4017866095877,456395981547.028
2020-06-30,S*Mobarakeh Steel,15860.0,15860.0,15860.0,15860.0,2125786868660.0,134034481,17444,D,15110.0,15860.0,1043.455105252771,1043.455105252771,1043.455105252771,1043.455105252771,994.1113896828103,1043.455105252771,139858963479.35553
2020-07-01,S*Mobarakeh Steel,16650.0,16650.0,16650.0,16650.0,2277093343950.0,136762363,14947,D,15860.0,16650.0,1095.4304856531296,1095.4304856531296,1095.4304856531296,1095.4304856531296,1043.455105252771,1095.4304856531296,149813661720.15958
2020-07-04,S*Mobarakeh Steel,17480.0,17480.0,15820.0,16910.0,9548905865290.0,564699680,111457,D,16650.0,16970.0,1150.0375308838863,1150.0375308838863,1040.823440422373,1112.5363070507162,1095.4304856531296,1116.483804296313,628237993361.6003
2020-07-05,S*Mobarakeh Steel,17300.0,17750.0,16070.0,17520.0,4649702434850.0,265465012,43224,D,16910.0,17750.0,1138.195039147096,1167.801268489072,1057.27134561236,1152.6691957142841,1112.5363070507162,1167.801268489072,305911459240.2568
2020-07-06,S*Mobarakeh Steel,18390.0,18390.0,18390.0,18390.0,1936422643320.0,105297588,6662,D,17520.0,18390.0,1209.9079057754388,1209.9079057754388,1209.9079057754388,1209.9079057754388,1152.6691957142841,1209.9079057754388,127400384180.28499
2020-07-07,S*Mobarakeh Steel,19300.0,19300.0,19300.0,19300.0,3399460910300.0,176137871,9547,D,18390.0,19300.0,1269.7782806669911,1269.7782806669911,1269.7782806669911,1269.7782806669911,1209.9079057754388,1269.7782806669911,223656042998.72433
2020-07-08,S*Mobarakeh Steel,20260.0,20260.0,18340.0,20080.0,17938997673620.0,893263244,173613,D,19300.0,19460.0,1332.938236596541,1332.938236596541,1206.6183247374413,1321.0957448597508,1269.7782806669911,1280.3049399885829,1180235731756.392
2020-07-11,S*Mobarakeh Steel,19500.0,21080.0,19080.0,20150.0,6825724484320.0,338823684,59164,D,20080.0,21080.0,1282.9366048189806,1386.8873656196981,1255.304124099803,1325.701158312947,1321.0957448597508,1386.8873656196981,449075476684.27124
2020-07-12,S*Mobarakeh Steel,21150.0,21150.0,21000.0,21150.0,11152349562060.0,527309863,86314,D,20150.0,21150.0,1391.4927790728948,1391.4927790728948,1381.6240359589024,1391.4927790728948,1325.701158312947,1391.4927790728948,733731152969.4204
2020-07-13,S*Mobarakeh Steel,21150.0,22200.0,20100.0,21930.0,17463993691330.0,796433515,154135,D,21150.0,22200.0,1391.4927790728948,1460.57398087084,1322.4115772749492,1442.8102432656535,1391.4927790728948,1460.57398087084,1148984449894.103
2020-07-14,S*Mobarakeh Steel,23020.0,23020.0,22900.0,23020.0,2574316557640.0,111838508,28384,D,21930.0,23000.0,1514.5231098939964,1514.5231098939964,1506.6281154028036,1514.5231098939964,1442.8102432656535,1513.207277478798,169368458676.305
2020-07-18,S*Mobarakeh Steel,21870.0,21870.0,21870.0,21870.0,1190866945860.0,54452078,33394,D,23020.0,21870.0,1438.8627460200569,1438.8627460200569,1438.8627460200569,1438.8627460200569,1514.5231098939964,1438.8627460200569,78349066477.57834
2020-07-19,S*Mobarakeh Steel,20780.0,22960.0,20780.0,22170.0,19658591696240.0,886851975,148385,D,21870.0,22960.0,1367.149879391714,1510.5756126484,1367.149879391714,1458.6002322480413,1438.8627460200569,1510.5756126484,1293370609553.6794
2020-07-20,S*Mobarakeh Steel,23260.0,23270.0,21070.0,23260.0,20110219892860.0,864680953,173561,D,22170.0,23270.0,1530.3130988763842,1530.971015083984,1386.2294494120988,1530.3130988763842,1458.6002322480413,1530.971015083984,1323083960590.2017
2020-07-21,S*Mobarakeh Steel,22740.0,24420.0,22100.0,23640.0,18405798875590.0,778642302,222795,D,23260.0,22500.0,1496.1014560812114,1606.6313789579237,1453.9948187948442,1555.3139147651643,1530.3130988763842,1480.311467098824,1210947339406.6897
2020-07-22,S*Mobarakeh Steel,23200.0,24820.0,22460.0,22690.0,8061572988600.0,355217157,112934,D,23640.0,22460.0,1526.3656016307878,1632.9480272619026,1477.6798022684263,1492.8118750432143,1555.3139147651643,1477.6798022684263,530383952794.6098
2020-07-25,S*Mobarakeh Steel,23400.0,23820.0,21560.0,23180.0,12153699426740.0,524224778,170906,D,22690.0,22300.0,1539.5239257827773,1567.156406501955,1418.4673435844736,1525.049769215588,1492.8118750432143,1467.1531429468344,799611583514.4722
2020-07-26,S*Mobarakeh Steel,22920.0,24330.0,22030.0,22210.0,3490053784850.0,157129954,64738,D,23180.0,22030.0,1507.943947818002,1600.7101330895282,1449.3894053416484,1461.2318970784393,1525.049769215588,1449.3894053416484,229616295044.6715
2020-07-27,S*Mobarakeh Steel,21100.0,21990.0,21100.0,21190.0,10583990540610.0,499427002,117520,D,22210.0,21100.0,1388.2031980348972,1446.7577405112509,1388.2031980348972,1394.1244439032926,1461.2318970784393,1388.2031980348972,696337891774.6873
2020-07-28,S*Mobarakeh Steel,21500.0,22240.0,20140.0,20710.0,7525937111910.0,363457353,98010,D,21190.0,20140.0,1414.5198463388763,1463.2056457012377,1325.0432421053474,1362.5444659385175,1394.1244439032926,1325.0432421053474,495143600329.9991
2020-07-29,S*Mobarakeh Steel,19690.0,20500.0,19680.0,19750.0,11242770686530.0,569322331,142628,D,20710.0,19830.0,1295.4370127633706,1348.7282255789287,1294.7790965557717,1299.3845100089677,1362.5444659385175,1304.6478396697637,739680105299.239
2020-08-01,S*Mobarakeh Steel,20600.0,20730.0,19000.0,20650.0,5166473132360.0,250228158,64841,D,19750.0,20730.0,1355.3073876549236,1363.8602983537166,1250.0407944390072,1358.596968692921,1299.3845100089677,1363.8602983537166,339910640990.68835
2020-08-02,S*Mobarakeh Steel,21680.0,21680.0,20800.0,21430.0,8856588209550.0,413360829,121774,D,20650.0,21390.0,1426.3623380756667,1426.3623380756667,1368.4657118069126,1409.9144328856798,1358.596968692921,1407.282768055282,582689292709.7379
2020-08-03,S*Mobarakeh Steel,21600.0,22500.0,20360.0,20940.0,2792445901280.0,133363122,45764,D,21430.0,20370.0,1421.099008414871,1480.311467098824,1339.5173986725358,1377.676538713306,1409.9144328856798,1340.1753148801354,183719541729.6842
2020-08-10,S*Mobarakeh Steel,19200.0,20140.0,18700.0,19280.0,3463661127560.0,179613365,44608,D,20720.0,19110.0,1276.9196014142153,1339.4354569001196,1243.6664867940533,1282.2400997534414,1378.0090698595075,1270.9340407825862,230355040960.3035
2020-08-11,S*Mobarakeh Steel,19000.0,20240.0,18320.0,18620.0,7801356040200.0,418906516,110197,D,19280.0,18480.0,1263.6183555661507,1346.086079824152,1218.39411968273,1238.3459884548272,1282.2400997534414,1229.035116361182,518838773194.9251
2020-08-12,S*Mobarakeh Steel,19550.0,19550.0,17690.0,19060.0,9458911515330.0,496178223,110378,D,18620.0,18600.0,1300.1967816483284,1300.1967816483284,1176.4951952613262,1267.60872932057,1238.3459884548272,1237.015863870021,629076537602.4746
2020-08-15,S*Mobarakeh Steel,18870.0,19200.0,18110.0,18200.0,7262036906160.0,399122646,86542,D,19060.0,18110.0,1254.9725457649083,1276.9196014142153,1204.4278115422624,1210.4133721738913,1267.60872932057,1204.4278115422624,482970691232.76807
2020-08-16,S*Mobarakeh Steel,18200.0,18490.0,17290.0,17440.0,9065895600070.0,519906075,110715,D,18200.0,17300.0,1210.4133721738913,1229.700178653585,1149.8927035651966,1159.868637951245,1210.4133721738913,1150.5577658576003,602938531047.0974
2020-08-17,S*Mobarakeh Steel,18310.0,18310.0,17900.0,18300.0,4985117549230.0,272467806,34053,D,17440.0,18310.0,1217.729057390327,1217.729057390327,1190.4615034017943,1217.063995097924,1159.868637951245,1217.729057390327,331541370519.0511
2020-08-18,S*Mobarakeh Steel,18860.0,19210.0,17390.0,18080.0,7806257137450.0,431821069,96145,D,18300.0,17700.0,1254.307483472505,1277.5846637066184,1156.5433264892295,1202.4326246650526,1217.063995097924,1177.1602575537293,519164726692.16296
2020-08-19,S*Mobarakeh Steel,17180.0,17180.0,17180.0,17180.0,2666570111860.0,155213627,26576,D,18080.0,17180.0,1142.5770183487612,1142.5770183487612,1142.5770183487612,1142.5770183487612,1202.4326246650526,1142.5770183487612,177343523144.75677
2020-08-22,S*Mobarakeh Steel,17800.0,18030.0,16350.0,17570.0,6500552570430.0,369911387,82507,D,17180.0,17580.0,1183.8108804777619,1199.1073132030367,1087.3768480792926,1168.5144477524877,1142.5770183487612,1169.1795100448905,432327239437.7931
2020-08-23,S*Mobarakeh Steel,17940.0,18000.0,16700.0,16830.0,7060284429280.0,419529484,56036,D,17570.0,16700.0,1193.1217525714071,1197.1121263258267,1110.6540283134061,1119.299838114648,1168.5144477524877,1110.6540283134061,469552894755.5838
2020-08-24,S*Mobarakeh Steel,17500.0,17670.0,15990.0,16250.0,10573015247380.0,650651559,100132,D,16830.0,16700.0,1163.8590117056647,1175.1650706765197,1063.434605552776,1080.72622515526,1119.299838114648,1110.6540283134061,703171375803.6919
2020-08-25,S*Mobarakeh Steel,17060.0,17060.0,17060.0,17060.0,1008750566560.0,59129576,7302,D,16250.0,17060.0,1134.5962708399227,1134.5962708399227,1134.5962708399227,1134.5962708399227,1080.72622515526,1134.5962708399227,67088196425.94578
2020-08-26,S*Mobarakeh Steel,17910.0,17910.0,17910.0,17910.0,540017573850.0,30151735,3110,D,17060.0,17910.0,1191.1265656941976,1191.1265656941976,1191.1265656941976,1191.1265656941976,1134.5962708399227,1191.1265656941976,35914532560.27154
2020-08-31,S*Mobarakeh Steel,18800.0,18800.0,17910.0,18720.0,15668097021370.0,836882421,114025,D,17910.0,18800.0,1250.3171097180852,1250.3171097180852,1191.1265656941976,1244.9966113788596,1191.1265656941976,1250.3171097180852,1042026052262.8663
2020-09-01,S*Mobarakeh Steel,18690.0,19450.0,17790.0,18500.0,7550155219100.0,408200456,84980,D,18720.0,18000.0,1243.0014245016498,1293.546158724296,1183.1458181853588,1230.3652409459885,1244.9966113788596,1197.1121263258267,502132353801.49115
2020-09-02,S*Mobarakeh Steel,17950.0,18100.0,17580.0,17610.0,5648079863240.0,320807603,47981,D,18500.0,17580.0,1193.7868148638104,1203.762749249859,1169.1795100448905,1171.1746969221003,1230.3652409459885,1169.1795100448905,375632494152.29565
2020-09-05,S*Mobarakeh Steel,18150.0,18490.0,18000.0,18380.0,6317426973660.0,343688943,66449,D,17610.0,18490.0,1207.0880607118754,1229.700178653585,1197.1121263258267,1222.3844934371498,1171.1746969221003,1229.700178653585,420148246519.2364
2020-09-06,S*Mobarakeh Steel,19290.0,19290.0,18000.0,18930.0,8474706007620.0,447589909,89314,D,18380.0,18410.0,1282.9051620458442,1282.9051620458442,1197.1121263258267,1258.9629195193277,1222.3844934371498,1224.3796803143593,563620740487.1241
2020-09-07,S*Mobarakeh Steel,18120.0,18400.0,17990.0,18030.0,1165487470390.0,64652211,12780,D,18930.0,17990.0,1205.0928738346654,1223.7146180219565,1196.4470640334234,1199.1073132030367,1258.9629195193277,1196.4470640334234,77512176882.4823
2020-09-08,S*Mobarakeh Steel,17130.0,17130.0,17130.0,17130.0,260544285120.0,15209824,3630,D,18030.0,17130.0,1139.2517068867453,1139.2517068867453,1139.2517068867453,1139.2517068867453,1199.1073132030367,1139.2517068867453,17327817953.446983
2020-09-09,S*Mobarakeh Steel,16280.0,17580.0,16280.0,16740.0,6286764740350.0,375517715,62947,D,17130.0,17370.0,1082.7214120324697,1169.1795100448905,1082.7214120324697,1113.3142774830185,1139.2517068867453,1155.2132019044227,418109017001.70123
2020-09-12,S*Mobarakeh Steel,17570.0,17570.0,17110.0,17560.0,4996669596670.0,284629059,48362,D,16740.0,17570.0,1168.5144477524877,1168.5144477524877,1137.9215823019388,1167.8493854600845,1113.3142774830185,1168.5144477524877,332309653634.2908
2020-09-13,S*Mobarakeh Steel,17590.0,18430.0,16690.0,17860.0,10891254011610.0,609948922,89659,D,17560.0,18430.0,1169.844572337294,1225.709804899166,1109.9889660210026,1187.8012542321815,1167.8493854600845,1225.709804899166,724336236010.7297
2020-09-14,S*Mobarakeh Steel,18500.0,18750.0,18010.0,18670.0,4070811025100.0,218019660,31669,D,17860.0,18750.0,1230.3652409459885,1246.9917982560696,1197.7771886182302,1241.6712999168435,1187.8012542321815,1246.9917982560696,270734291229.3377
2020-09-15,S*Mobarakeh Steel,19600.0,19600.0,19600.0,19600.0,1891479046800.0,96504033,13528,D,18670.0,19600.0,1303.5220931103445,1303.5220931103445,1303.5220931103445,1303.5220931103445,1241.6712999168435,1303.5220931103445,125795139089.74977
2020-09-16,S*Mobarakeh Steel,20580.0,20580.0,20100.0,20550.0,10291432370110.0,500745007,77447,D,19600.0,20580.0,1368.6981977658616,1368.6981977658616,1336.7752077305063,1366.7030108886524,1303.5220931103445,1368.6981977658616,684444360417.8237
2020-09-19,S*Mobarakeh Steel,21380.0,21570.0,20500.0,21330.0,9420821063580.0,441572984,78858,D,20550.0,21160.0,1421.9031811581206,1434.5393647137826,1363.3776994266361,1418.5778696961047,1366.7030108886524,1407.2718107252495,626543285286.5216
2020-09-20,S*Mobarakeh Steel,20990.0,21300.0,20270.0,20550.0,2856599797920.0,139013548,34946,D,21330.0,20270.0,1395.9657517543944,1416.5826828188951,1348.0812667013615,1366.7030108886524,1418.5778696961047,1348.0812667013615,189981681008.32993
2020-09-21,S*Mobarakeh Steel,19530.0,19530.0,19530.0,19530.0,1004587713990.0,51438183,7069,D,20550.0,19530.0,1298.8666570635223,1298.8666570635223,1298.8666570635223,1298.8666570635223,1366.7030108886524,1298.8666570635223,66811340798.63169
2020-09-22,S*Mobarakeh Steel,19500.0,20270.0,18560.0,19130.0,8550772732210.0,446998696,81239,D,19530.0,19900.0,1296.871470186312,1348.0812667013615,1234.3556147004078,1272.2641653673927,1298.8666570635223,1323.473961882442,568679651510.2675
2020-09-23,S*Mobarakeh Steel,19980.0,20080.0,19160.0,19880.0,5088032819170.0,255917094,61805,D,19130.0,20070.0,1328.7944602216676,1335.4450831457002,1274.2593522446023,1322.1438372976352,1272.2641653673927,1334.7800208532972,338385877054.01056
2020-09-26,S*Mobarakeh Steel,20500.0,20630.0,19100.0,19810.0,5124398619130.0,258637027,59100,D,19880.0,20030.0,1363.3776994266361,1372.0235092278779,1270.268978490183,1317.4884012508126,1322.1438372976352,1332.1197716836837,340804429282.658
2020-09-27,S*Mobarakeh Steel,19430.0,19800.0,18820.0,18870.0,1888645817530.0,100078046,15092,D,19810.0,18820.0,1292.2160341394897,1316.8233389584097,1251.647234302892,1254.9725457649083,1317.4884012508126,1251.647234302892,125606711694.42876
2020-09-28,S*Mobarakeh Steel,17930.0,17930.0,17930.0,17930.0,1536077013680.0,85670776,6796,D,18870.0,17930.0,1192.4566902790045,1192.4566902790045,1192.4566902790045,1192.4566902790045,1254.9725457649083,1192.4566902790045,102158690002.59393
2020-09-29,S*Mobarakeh Steel,17040.0,18700.0,17040.0,17500.0,6457530689360.0,369086717,70828,D,17930.0,17960.0,1133.2661462551162,1243.6664867940533,1133.2661462551162,1163.8590117056647,1192.4566902790045,1194.4518771562139,429466016353.0017
2020-09-30,S*Mobarakeh Steel,18170.0,18290.0,17100.0,17920.0,3083679969340.0,172105119,42033,D,17500.0,18290.0,1208.4181852966817,1216.3989328055209,1137.256520009535,1191.791627986601,1163.8590117056647,1216.3989328055209,205083926944.72043
2020-10-03,S*Mobarakeh Steel,18290.0,18810.0,17930.0,18710.0,3342359852500.0,178638666,37819,D,17920.0,18810.0,1216.3989328055209,1250.982172010489,1192.4566902790045,1244.3315490864563,1191.791627986601,1250.982172010489,222287750554.01953
2020-10-04,S*Mobarakeh Steel,18760.0,19000.0,17780.0,18210.0,5425314064160.0,297946667,62606,D,18710.0,18090.0,1247.6568605484724,1263.6183555661507,1182.4807558929551,1211.0784344662948,1244.3315490864563,1203.097686957456,360817180851.7772
2020-10-05,S*Mobarakeh Steel,17610.0,18410.0,17330.0,17860.0,3807782375150.0,213147215,44472,D,18210.0,17700.0,1171.1746969221003,1224.3796803143593,1152.5529527348099,1187.8012542321815,1211.0784344662948,1177.1602575537293,253241247538.99014
2020-10-06,S*Mobarakeh Steel,17700.0,18350.0,17320.0,17860.0,3972704029530.0,222404695,56258,D,17860.0,18240.0,1177.1602575537293,1220.3893065599398,1151.8878904424066,1187.8012542321815,1187.8012542321815,1213.0736213435046,264209564891.87985
2020-10-07,S*Mobarakeh Steel,18280.0,18460.0,17550.0,18000.0,3793241143150.0,210699577,53829,D,17860.0,18060.0,1215.7338705131172,1227.704991776376,1167.1843231676808,1197.1121263258267,1187.8012542321815,1201.1025000802458,252274165030.16147
2020-10-10,S*Mobarakeh Steel,17700.0,17990.0,17120.0,17490.0,4418951869060.0,252686562,67084,D,18000.0,17500.0,1177.1602575537293,1196.4470640334234,1138.586644594342,1163.1939494132619,1197.1121263258267,1163.8590117056647,293887826005.66125
2020-10-11,S*Mobarakeh Steel,17600.0,18360.0,17560.0,18230.0,7242205025340.0,397335925,66811,D,17490.0,18030.0,1170.509634629697,1221.0543688523437,1167.8493854600845,1212.4085590511013,1163.1939494132619,1199.1073132030367,481651747620.6865
2020-10-12,S*Mobarakeh Steel,18000.0,18260.0,17320.0,17600.0,5672976346350.0,322364710,64970,D,18230.0,18050.0,1197.1121263258267,1214.403745928311,1151.8878904424066,1170.509634629697,1212.4085590511013,1200.437437787843,377288265365.28705
2020-10-13,S*Mobarakeh Steel,17600.0,18000.0,17020.0,17580.0,3112948836350.0,177118808,46400,D,17600.0,17630.0,1170.509634629697,1197.1121263258267,1131.9360216703096,1169.1795100448905,1170.509634629697,1172.5048215069069,207030488923.69202
2020-10-14,S*Mobarakeh Steel,17390.0,17620.0,16840.0,17030.0,3124167500750.0,183427178,50169,D,17580.0,16910.0,1156.5433264892295,1171.8397592145038,1119.9649004070511,1132.6010839627127,1169.1795100448905,1124.620336453874,207776599990.04868
2020-10-18,S*Mobarakeh Steel,16700.0,16940.0,16180.0,16290.0,1256374286450.0,77129959,21448,D,17030.0,16180.0,1110.6540283134061,1126.6155233310838,1076.0707891084376,1083.3864743248732,1132.6010839627127,1076.0707891084376,83556716306.29181
2020-10-19,S*Mobarakeh Steel,15480.0,15480.0,15480.0,15480.0,1865322151560.0,120498847,14565,D,16290.0,15480.0,1029.5164286402107,1029.5164286402107,1029.5164286402107,1029.5164286402107,1083.3864743248732,1029.5164286402107,124055542618.7032
2020-10-20,S*Mobarakeh Steel,14710.0,14710.0,14710.0,14710.0,618643789420.0,42056002,6464,D,15480.0,14710.0,978.3066321251619,978.3066321251619,978.3066321251619,978.3066321251619,1029.5164286402107,978.3066321251619,41143665677.26907
2020-10-21,S*Mobarakeh Steel,14500.0,15250.0,13980.0,14330.0,5150401312650.0,359350446,69251,D,14710.0,14360.0,964.3403239846936,1014.2199959149364,929.7570847797255,953.0342650138386,978.3066321251619,955.0294518910484,342533770378.765
2020-10-24,S*Mobarakeh Steel,13960.0,14280.0,13620.0,13740.0,895100745920.0,65151597,10681,D,14330.0,13620.0,928.4269601949189,949.7089535518226,905.8148422532089,913.795589762048,953.0342650138386,905.8148422532089,59529775401.34027
2020-10-26,S*Mobarakeh Steel,13060.0,13700.0,13060.0,13080.0,5762390630260.0,440495689,44563,D,13740.0,13060.0,868.5713538786273,911.1353405924348,868.5713538786273,869.9014784634344,913.795589762048,868.5713538786273,383234872228.365
2020-10-27,S*Mobarakeh Steel,12850.0,13190.0,12430.0,12500.0,3409012907120.0,272763658,30884,D,13080.0,12440.0,854.6050457381597,877.2171636798698,826.6724294572236,831.3278655040463,869.9014784634344,827.337491749627,226720593884.14505
2020-10-28,S*Mobarakeh Steel,12070.0,13010.0,11880.0,12440.0,3532876118970.0,284033286,46437,D,12500.0,12910.0,802.730186930707,865.2460424166113,790.0940033750455,827.337491749627,831.3278655040463,858.5954194925794,234958269045.88394
2020-10-31,S*Mobarakeh Steel,12900.0,13060.0,12450.0,13010.0,2367451880040.0,181913059,29424,D,12440.0,13060.0,857.9303572001756,868.5713538786273,828.0025540420303,865.2460424166113,827.337491749627,868.5713538786273,157450297449.37555
2020-11-01,S*Mobarakeh Steel,13100.0,13120.0,12360.0,12510.0,2421422917390.0,193483428,30741,D,13010.0,12370.0,871.2316030482405,872.5617276330473,822.0169934104011,831.9929277964496,865.2460424166113,822.6820557028042,161039707631.71277
2020-11-02,S*Mobarakeh Steel,12100.0,12680.0,11910.0,12330.0,1191311312440.0,96584869,24997,D,12510.0,12310.0,804.7253738079166,843.2989867673047,792.0891902522553,820.0218065331912,831.9929277964496,818.6916819483849,79229623241.72554
2020-11-04,S*Mobarakeh Steel,12940.0,12940.0,12610.0,12940.0,2017339314720.0,155946138,14153,D,12330.0,12940.0,860.5906063697889,860.5906063697889,838.643550720482,860.5906063697889,820.0218065331912,860.5906063697889,134165630920.28584
2020-11-07,S*Mobarakeh Steel,12300.0,12300.0,12300.0,12300.0,170879299800.0,13892626,3335,D,12940.0,12300.0,818.0266196559817,818.0266196559817,818.0266196559817,818.0266196559817,860.5906063697889,818.0266196559817,11364537884.924803
2020-11-08,S*Mobarakeh Steel,11690.0,11690.0,11690.0,12040.0,47023515980.0,4022542,1530,D,12300.0,11690.0,777.4578198193841,777.4578198193841,777.4578198193841,800.7350000534976,818.0266196559817,777.4578198193841,3127356733.4519053
2020-11-09,S*Mobarakeh Steel,11440.0,12060.0,11440.0,11540.0,5177266529360.0,448720148,43606,D,12040.0,11730.0,760.8312625093032,802.0651246383036,760.8312625093032,767.4818854333356,800.7350000534976,780.1180689889969,344320474639.87134
2020-11-10,S*Mobarakeh Steel,11840.0,11840.0,11250.0,11600.0,1831999763420.0,157957655,32704,D,11540.0,11600.0,787.4337542054327,787.4337542054327,748.1950789536418,771.4722591877552,767.4818854333356,771.4722591877552,121839396234.22931
2020-11-11,S*Mobarakeh Steel,11650.0,12160.0,11290.0,11760.0,2036028177970.0,173100493,28812,D,11600.0,12000.0,774.7975706497713,808.715747562336,750.8553281232546,782.1132558662069,771.4722591877552,798.0747508838846,135408556743.8314
2020-11-14,S*Mobarakeh Steel,12200.0,12340.0,12000.0,12310.0,978816059980.0,79522632,8839,D,11760.0,12340.0,811.3759967319492,820.6868688255946,798.0747508838846,818.6916819483849,782.1132558662069,820.6868688255946,65097365269.14033
2020-11-15,S*Mobarakeh Steel,12920.0,12920.0,12310.0,12660.0,3621034376110.0,285931951,42647,D,12310.0,12420.0,859.2604817849822,859.2604817849822,818.6916819483849,841.968862182498,818.6916819483849,826.0073671648205,240821342304.66425
2020-11-16,S*Mobarakeh Steel,12450.0,13250.0,12150.0,12970.0,2154058995330.0,166110885,31263,D,12660.0,12990.0,828.0025540420303,881.2075374342892,808.0506852699328,862.5857932469985,841.968862182498,863.9159178318048,143258341340.59836
2020-11-17,S*Mobarakeh Steel,12990.0,13610.0,12980.0,13560.0,3194374712160.0,235596378,32557,D,12970.0,13610.0,863.9159178318048,905.149779960806,863.2508555394019,901.8244684987895,862.5857932469985,905.149779960806,212445816886.406
2020-11-18,S*Mobarakeh Steel,14200.0,14230.0,13750.0,14210.0,1496511912780.0,105286012,11389,D,13560.0,14230.0,944.3884552125965,946.3836420898064,914.4606520544511,945.053517505,901.8244684987895,946.3836420898064,99527364332.22202
2020-11-21,S*Mobarakeh Steel,14700.0,14700.0,13500.0,13970.0,5059526672080.0,362214809,69792,D,14210.0,13500.0,977.6415698327586,977.6415698327586,897.83409474437,929.0920224873221,945.053517505,897.83409474437,336490040700.88464
2020-11-22,S*Mobarakeh Steel,13280.0,13900.0,13280.0,13390.0,5689232051990.0,424794132,52645,D,13970.0,13280.0,883.2027243114986,924.4365864404996,883.2027243114986,890.5184095279344,929.0920224873221,883.2027243114986,378369371051.0442
2020-11-23,S*Mobarakeh Steel,13070.0,13750.0,12890.0,13190.0,3364279871960.0,254999176,47836,D,13390.0,13090.0,869.2364161710308,914.4606520544511,857.2652949077726,877.2171636798698,890.5184095279344,870.5665407558372,223745568393.17865
2020-11-24,S*Mobarakeh Steel,13050.0,13250.0,12540.0,12640.0,4131993407530.0,327023562,52683,D,13190.0,12540.0,867.9062915862243,881.2075374342892,833.9881146736591,840.6387375976915,877.2171636798698,833.9881146736591,274803300780.69647
2020-11-25,S*Mobarakeh Steel,12350.0,13270.0,12350.0,13120.0,3674662605210.0,280121990,33060,D,12640.0,13270.0,821.351931117998,882.5376620190955,821.351931117998,872.5617276330473,840.6387375976915,882.5376620190955,244387953602.94138
2020-11-28,S*Mobarakeh Steel,13270.0,13770.0,12910.0,13650.0,6317418658120.0,462832122,59179,D,13120.0,13770.0,882.5376620190955,915.7907766392575,858.5954194925794,907.8100291304186,872.5617276330473,915.7907766392575,420147693484.02686
2020-11-29,S*Mobarakeh Steel,13980.0,14200.0,13250.0,13740.0,4993642408760.0,363363855,68399,D,13650.0,13810.0,929.7570847797255,944.3884552125965,881.2075374342892,913.795589762048,907.8100291304186,918.4510258088706,332108326781.19476
2020-11-30,S*Mobarakeh Steel,13880.0,14420.0,13750.0,14250.0,6629114882960.0,465357397,69404,D,13740.0,14280.0,923.1064618556932,959.0198256454679,914.4606520544511,947.7137666746124,913.795589762048,949.7089535518226,440877434066.57935
2020-12-01,S*Mobarakeh Steel,14220.0,14840.0,13900.0,14420.0,3850525210230.0,267082723,48231,D,14250.0,14250.0,945.7185797974032,986.9524419264039,924.4365864404996,959.0198256454679,947.7137666746124,947.7137666746124,256083912327.202
2020-12-02,S*Mobarakeh Steel,14500.0,14750.0,13830.0,14320.0,2704206494560.0,188800494,44263,D,14420.0,14050.0,964.3403239846936,980.9668812947748,919.7811503936766,952.3692027214353,959.0198256454679,934.412520826548,179846577040.37958
2020-12-05,S*Mobarakeh Steel,13900.0,14570.0,13900.0,14310.0,2544830838080.0,177800363,35806,D,14320.0,14390.0,924.4365864404996,968.9957600315164,924.4365864404996,951.7041404290322,952.3692027214353,957.024638768258,169247103095.19354
2020-12-06,S*Mobarakeh Steel,14560.0,14840.0,14300.0,14560.0,3009050319240.0,206649764,44264,D,14310.0,14520.0,968.330697739113,986.9524419264039,951.0390781366287,968.330697739113,951.7041404290322,965.6704485695003,200120590327.04474
2020-12-07,S*Mobarakeh Steel,14520.0,14820.0,13840.0,14320.0,3821650261400.0,266796598,46853,D,14560.0,13980.0,965.6704485695003,985.6223173415975,920.44621268608,952.3692027214353,968.330697739113,929.7570847797255,254163548361.01138
2020-12-08,S*Mobarakeh Steel,14250.0,14650.0,13910.0,14320.0,2932253253530.0,204837728,38111,D,14320.0,14310.0,947.7137666746124,974.3162583707423,925.1016487329026,952.3692027214353,952.3692027214353,951.7041404290322,195013107069.95126
2020-12-09,S*Mobarakeh Steel,14200.0,14850.0,14020.0,14440.0,3472594852450.0,240497564,44818,D,14320.0,14770.0,944.3884552125965,987.617504218807,932.4173339493384,960.349950230274,952.3692027214353,982.2970058795812,230949189315.80777
2020-12-12,S*Mobarakeh Steel,15130.0,15160.0,14950.0,15160.0,9127601222970.0,602215894,48448,D,14440.0,15160.0,1006.2392484060978,1008.2344352833076,994.2681271428393,1008.2344352833076,960.349950230274,1008.2344352833076,607042339349.1018
2020-12-13,S*Mobarakeh Steel,15200.0,15460.0,14800.0,15110.0,4192208127680.0,277490489,51027,D,15160.0,14880.0,1010.8946844529204,1028.1863040554044,984.2921927567908,1004.9091238212912,1008.2344352833076,989.6126910960165,278807954762.63434
2020-12-14,S*Mobarakeh Steel,14960.0,15170.0,14360.0,14550.0,3780876051210.0,259853930,37825,D,15110.0,14360.0,994.9331894352426,1008.8994975757106,955.0294518910484,967.6656354467096,1004.9091238212912,955.0294518910484,251451809391.0221
2020-12-15,S*Mobarakeh Steel,13980.0,14150.0,13830.0,13840.0,4198354732030.0,303302198,30337,D,14550.0,13830.0,929.7570847797255,941.0631437505805,919.7811503936766,920.44621268608,967.6656354467096,919.7811503936766,279216742240.585
2020-12-16,S*Mobarakeh Steel,13470.0,14260.0,13360.0,13930.0,2444235889320.0,175432644,34433,D,13840.0,14120.0,895.8389078671604,948.3788289670159,888.5232226507247,926.4317733177091,920.44621268608,939.0679568733706,162556912372.54236
2020-12-19,S*Mobarakeh Steel,14550.0,14620.0,14300.0,14600.0,4299569893910.0,294540609,30191,D,13930.0,14620.0,967.6656354467096,972.3210714935326,951.0390781366287,970.9909469087263,926.4317733177091,972.3210714935326,285948180999.1727
2020-12-20,S*Mobarakeh Steel,14800.0,14880.0,14160.0,14510.0,2656415847450.0,183053486,30196,D,14600.0,14520.0,984.2921927567908,989.6126910960165,941.7282060429836,965.005386277097,970.9909469087263,965.6704485695003,176668201308.13843
2020-12-21,S*Mobarakeh Steel,14510.0,14790.0,14010.0,14330.0,1791779774280.0,125040946,22858,D,14510.0,14150.0,965.005386277097,983.6271304643877,931.7522716569352,953.0342650138386,965.005386277097,941.0631437505805,119164516416.44113
2020-12-22,S*Mobarakeh Steel,14100.0,14450.0,14070.0,14250.0,2201296468330.0,154424442,26208,D,14330.0,14240.0,937.7378322885645,961.0150125226777,935.7426454113546,947.7137666746124,953.0342650138386,947.0487043822097,146399927548.66995
2020-12-23,S*Mobarakeh Steel,14200.0,14290.0,13870.0,14030.0,2242339545820.0,159829750,29569,D,14250.0,13960.0,944.3884552125965,950.3740158442257,922.4413995632899,933.0823962417419,947.7137666746124,928.4269601949189,149129547868.94827
2020-12-26,S*Mobarakeh Steel,13850.0,14200.0,13380.0,13560.0,2993309973680.0,220671994,32340,D,14030.0,13460.0,921.1112749784834,944.3884552125965,889.8533472355313,901.8244684987895,933.0823962417419,895.1738455747574,199073759296.90942
2020-12-27,S*Mobarakeh Steel,13330.0,13940.0,13170.0,13500.0,1744139993550.0,129166986,25460,D,13560.0,13620.0,886.5280357735151,927.0968356101125,875.8870390950633,897.83409474437,901.8244684987895,905.8148422532089,115996174238.253
2020-12-28,S*Mobarakeh Steel,13450.0,13950.0,12830.0,13640.0,1352925868060.0,99193496,23256,D,13500.0,13550.0,894.5087832823538,927.7618979025157,853.2749211533533,907.1449668380155,897.83409474437,901.1594062063862,89977997926.3623
2020-12-29,S*Mobarakeh Steel,13530.0,13660.0,13150.0,13360.0,2030760037840.0,151977013,22333,D,13640.0,13610.0,899.8292816215798,908.475091422822,874.5569145102569,888.5232226507247,907.1449668380155,905.149779960806,135058192608.67552
2020-12-30,S*Mobarakeh Steel,13510.0,13610.0,12850.0,13220.0,1607648908800.0,121632790,23202,D,13360.0,12920.0,898.4991570367732,905.149779960806,854.6050457381597,879.2123505570794,888.5232226507247,859.2604817849822,106918666866.60907
2021-01-02,S*Mobarakeh Steel,12700.0,13070.0,12560.0,12600.0,2297349323520.0,182265257,25300,D,13220.0,12560.0,844.6291113521112,869.2364161710308,835.318239258466,837.9784884280785,879.2123505570794,835.318239258466,152788040755.12375
2021-01-03,S*Mobarakeh Steel,12410.0,13130.0,12320.0,12640.0,1188881697180.0,94039761,20571,D,12600.0,12700.0,825.3423048724171,873.2267899254501,819.356744240788,840.6387375976915,837.9784884280785,844.6291113521112,79068038692.27817
2021-01-04,S*Mobarakeh Steel,12720.0,13000.0,12570.0,12690.0,1074519281720.0,84691004,20590,D,12640.0,12640.0,845.9592359369177,864.580980124208,835.9833015508688,843.964049059708,840.6387375976915,840.6387375976915,71462225673.21829
2021-01-05,S*Mobarakeh Steel,12610.0,12750.0,12060.0,12320.0,1737493836030.0,141067026,22845,D,12690.0,12060.0,838.643550720482,847.9544228141272,802.0651246383036,819.356744240788,843.964049059708,802.0651246383036,115554163362.6606
2021-01-06,S*Mobarakeh Steel,11850.0,12280.0,11710.0,11780.0,2254561888270.0,191378399,28550,D,12320.0,11720.0,788.098816497836,816.6964950711753,778.7879444041906,783.4433804510132,819.356744240788,779.453006696594,149942409777.7817
2021-01-09,S*Mobarakeh Steel,11370.0,11700.0,11200.0,11260.0,1783184345690.0,158313112,23877,D,11780.0,11230.0,756.1758264624805,778.1228821117875,744.8697674916255,748.8601412460449,783.4433804510132,746.8649543688354,118592866872.21576
2021-01-10,S*Mobarakeh Steel,11650.0,11820.0,11500.0,11780.0,1243223345660.0,105531560,18609,D,11260.0,11820.0,774.7975706497713,786.1036296206262,764.8216362637227,783.4433804510132,748.8601412460449,786.1036296206262,82682096823.38615
2021-01-11,S*Mobarakeh Steel,12300.0,12300.0,11400.0,11870.0,971574771470.0,81843369,19202,D,11780.0,11520.0,818.0266196559817,818.0266196559817,758.1710133396904,789.4289410826425,783.4433804510132,766.1517608485291,64615774475.49895
2021-01-12,S*Mobarakeh Steel,11500.0,11670.0,11280.0,11300.0,1549499198200.0,137108027,15784,D,11870.0,11280.0,764.8216362637227,776.1276952345777,750.1902658308517,751.5203904156579,789.4289410826425,750.1902658308517,103051348883.18698
2021-01-13,S*Mobarakeh Steel,11180.0,11500.0,10740.0,10840.0,1610977961440.0,148548869,21471,D,11300.0,10740.0,743.5396429068192,764.8216362637227,714.2769020410766,720.9275249651089,751.5203904156579,714.2769020410766,107140069604.638
2021-01-16,S*Mobarakeh Steel,10370.0,10840.0,10300.0,10320.0,1752637711270.0,169871357,14152,D,10840.0,10300.0,689.6695972221568,720.9275249651089,685.0141611753343,686.3442857601408,720.9275249651089,685.0141611753343,116561325400.95891
2021-01-18,S*Mobarakeh Steel,9810.0,10000.0,9810.0,9810.0,1687151987440.0,171942544,18153,D,10320.0,9810.0,652.4261088475754,665.062292403237,652.4261088475754,652.4261088475754,686.3442857601408,652.4261088475754,112206116839.95236
2021-01-19,S*Mobarakeh Steel,9400.0,10300.0,9390.0,10200.0,1265785927350.0,124121004,12768,D,9810.0,10300.0,625.1585548590426,685.0141611753343,624.4934925666395,678.3635382513017,652.4261088475754,685.0141611753343,84182649053.51482
2021-01-20,S*Mobarakeh Steel,10550.0,10710.0,10450.0,10680.0,396092162840.0,37096676,4431,D,10200.0,10710.0,701.6407184854152,712.2817151638669,694.9900955613826,710.2865282866572,678.3635382513017,712.2817151638669,26342596182.132668
2021-01-23,S*Mobarakeh Steel,11210.0,11210.0,11210.0,11210.0,387496058790.0,34566999,2648,D,10680.0,11210.0,745.5348297840288,745.5348297840288,745.5348297840288,745.5348297840288,710.2865282866572,745.5348297840288,25770901715.6097
2021-01-24,S*Mobarakeh Steel,11770.0,11770.0,11160.0,11620.0,2881755388860.0,248088725,34078,D,11210.0,11440.0,782.77831815861,782.77831815861,742.2095183220126,772.8023837725614,745.5348297840288,760.8312625093032,191654684506.0613
2021-01-25,S*Mobarakeh Steel,11400.0,12100.0,11100.0,11790.0,1206384835980.0,102333432,19715,D,11620.0,11710.0,758.1710133396904,804.7253738079166,738.2191445675933,784.1084427434166,772.8023837725614,778.7879444041906,80232106453.73619
2021-01-26,S*Mobarakeh Steel,11890.0,12150.0,11210.0,11680.0,1564647132020.0,133965745,25865,D,11790.0,11300.0,790.7590656674489,808.0506852699328,745.5348297840288,776.792757526981,784.1084427434166,751.5203904156579,104058780842.33717
2021-01-27,S*Mobarakeh Steel,11580.0,11940.0,11190.0,11670.0,1051001762850.0,90083984,12415,D,11680.0,11820.0,770.1421346029484,794.0843771294652,744.2047051992224,776.1276952345777,776.792757526981,786.1036296206262,69898164172.08643
2021-01-30,S*Mobarakeh Steel,11830.0,12250.0,11830.0,12220.0,1101367414080.0,90129496,12609,D,11670.0,12250.0,786.7686919130296,814.7013081939655,786.7686919130296,812.7061213167557,776.1276952345777,814.7013081939655,73247793718.627
2021-01-31,S*Mobarakeh Steel,12630.0,12700.0,11760.0,12090.0,1261326072420.0,104365384,18827,D,12220.0,11800.0,839.9736753052883,844.6291113521112,782.1132558662069,804.0603115155135,812.7061213167557,784.7735050358194,83886040919.16165
2021-02-01,S*Mobarakeh Steel,12000.0,12150.0,11490.0,11750.0,1111377127550.0,94614721,13359,D,12090.0,11490.0,798.0747508838846,808.0506852699328,764.1565739713193,781.4481935738036,804.0603115155135,764.1565739713193,73913502017.29277
2021-02-02,S*Mobarakeh Steel,11300.0,11600.0,11170.0,11230.0,1094916595940.0,97460009,12971,D,11750.0,11170.0,751.5203904156579,771.4722591877552,742.8745806144157,746.8649543688354,781.4481935738036,742.8745806144157,72818774128.62053
2021-02-03,S*Mobarakeh Steel,10750.0,11490.0,10670.0,10780.0,810371684980.0,75189910,8201,D,11230.0,10670.0,714.9419643334799,764.1565739713193,709.6214659942538,716.9371512106898,746.8649543688354,709.6214659942538,53894765051.147255
2021-02-06,S*Mobarakeh Steel,10670.0,10800.0,10250.0,10300.0,1135693759180.0,110236217,14819,D,10780.0,10250.0,709.6214659942538,718.267275795496,681.6888497133181,685.0141611753343,716.9371512106898,681.6888497133181,75530709494.83006
2021-02-07,S*Mobarakeh Steel,10800.0,10810.0,10500.0,10810.0,395411565080.0,36586710,4029,D,10300.0,10810.0,718.267275795496,718.9323380878992,698.3154070233988,718.9323380878992,685.0141611753343,718.9323380878992,26297332191.485664
2021-02-08,S*Mobarakeh Steel,11350.0,11350.0,11150.0,11340.0,1795485045790.0,158299571,14612,D,10810.0,11350.0,754.8457018776741,754.8457018776741,741.5444560296093,754.1806395852707,718.9323380878992,754.8457018776741,119410940052.88283
2021-02-09,S*Mobarakeh Steel,11680.0,11900.0,11480.0,11870.0,878148818120.0,73986789,7898,D,11340.0,11900.0,776.792757526981,791.424127959852,763.4915116789161,789.4289410826425,754.1806395852707,791.424127959852,58402366605.00806
2021-02-13,S*Mobarakeh Steel,12580.0,12580.0,12580.0,12580.0,1084662067000.0,86221150,4956,D,11870.0,12580.0,836.648363843272,836.648363843272,836.648363843272,836.648363843272,789.4289410826425,836.648363843272,72136784076.18535
2021-02-14,S*Mobarakeh Steel,12750.0,13190.0,12400.0,12770.0,2774064436130.0,217250609,26560,D,12580.0,12570.0,847.9544228141272,877.2171636798698,824.6772425800137,849.2845473989337,836.648363843272,835.9833015508688,184492565316.69113
2021-02-15,S*Mobarakeh Steel,12600.0,13030.0,12520.0,12660.0,1981417466800.0,156503255,20063,D,12770.0,12540.0,837.9784884280785,866.5761670014178,832.6579900888527,841.968862182498,849.2845473989337,833.9881146736591,131776604267.78227
2021-02-16,S*Mobarakeh Steel,12550.0,12700.0,12410.0,12430.0,1472999894920.0,118544579,12141,D,12660.0,12470.0,834.6531769660627,844.6291113521112,825.3423048724171,826.6724294572236,841.968862182498,829.3326786268365,97963668682.52228
2021-02-17,S*Mobarakeh Steel,12300.0,12430.0,12190.0,12200.0,642911604320.0,52683594,6312,D,12430.0,12200.0,818.0266196559817,826.6724294572236,810.710934439546,811.3759967319492,826.6724294572236,811.3759967319492,42757626538.170204
2021-02-20,S*Mobarakeh Steel,12220.0,12530.0,11960.0,12090.0,1420126805620.0,117439487,18276,D,12200.0,12180.0,812.7061213167557,833.3230523812562,795.4145017142716,804.0603115155135,811.3759967319492,810.0458721471426,94447278884.89236
2021-02-21,S*Mobarakeh Steel,11890.0,12090.0,11850.0,11870.0,552042382560.0,46505058,4804,D,12090.0,11850.0,790.7590656674489,804.0603115155135,788.098816497836,789.4289410826425,804.0603115155135,788.098816497836,36714257244.90984
2021-02-22,S*Mobarakeh Steel,11640.0,11820.0,11640.0,11650.0,1526289334650.0,131051701,12396,D,11870.0,11640.0,774.1325083573679,786.1036296206262,774.1325083573679,774.7975706497713,789.4289410826425,774.1325083573679,101507748377.29405
2021-02-23,S*Mobarakeh Steel,11430.0,12280.0,11420.0,11810.0,1594495542540.0,134965921,22624,D,11650.0,12170.0,760.1662002168999,816.6964950711753,759.5011379244968,785.4385673282231,774.7975706497713,809.3808098547396,106043886074.83952
2021-02-24,S*Mobarakeh Steel,12240.0,12240.0,11580.0,11830.0,919204481860.0,77691558,16434,D,11810.0,11640.0,814.0362459015623,814.0362459015623,770.1421346029484,786.7686919130296,785.4385673282231,774.1325083573679,61132823989.31413
2021-02-27,S*Mobarakeh Steel,11600.0,11700.0,11600.0,11600.0,848352221640.0,73127741,7767,D,11830.0,11600.0,771.4722591877552,778.1228821117875,771.4722591877552,771.4722591877552,786.7686919130296,771.4722591877552,56420707328.92773
2021-02-28,S*Mobarakeh Steel,11370.0,11620.0,11370.0,11390.0,880833280220.0,77302357,6292,D,11600.0,11610.0,756.1758264624805,772.8023837725614,756.1758264624805,757.505951047287,771.4722591877552,772.1373214801583,58580900056.81763
2021-03-01,S*Mobarakeh Steel,11690.0,11780.0,11360.0,11560.0,1061173363080.0,91798722,14642,D,11390.0,11730.0,777.4578198193841,783.4433804510132,755.5107641700774,768.812010018142,757.505951047287,780.1180689889969,70574638948.72375
2021-03-02,S*Mobarakeh Steel,11810.0,12100.0,11600.0,11820.0,739704570690.0,62580371,10582,D,11560.0,11860.0,785.4385673282231,804.7253738079166,771.4722591877552,786.1036296206262,768.812010018142,788.7638787902391,49194961748.42436
2021-03-03,S*Mobarakeh Steel,11900.0,11920.0,11600.0,11740.0,933915865210.0,79521076,8799,D,11820.0,11910.0,791.424127959852,792.7542525446586,771.4722591877552,780.7831312814004,786.1036296206262,792.0891902522553,62111222622.83152
2021-03-06,S*Mobarakeh Steel,11750.0,11800.0,11510.0,11570.0,716732332870.0,61958127,8896,D,11740.0,11550.0,781.4481935738036,784.7735050358194,765.4866985561257,769.4770723105454,780.7831312814004,768.1469477257389,47667164833.80423
2021-03-07,S*Mobarakeh Steel,11450.0,12030.0,11450.0,11780.0,925200597650.0,78545797,11613,D,11570.0,12030.0,761.4963248017067,800.0699377610941,761.4963248017067,783.4433804510132,769.4770723105454,800.0699377610941,61531603040.595406
2021-03-08,S*Mobarakeh Steel,12140.0,12480.0,11970.0,12410.0,2162898569810.0,174284774,19517,D,11780.0,12480.0,807.3856229775299,829.9977409192395,796.0795640066749,825.3423048724171,783.4433804510132,829.9977409192395,143846228107.35214
2021-03-09,S*Mobarakeh Steel,12700.0,13000.0,12240.0,12590.0,1604384493000.0,127413792,17137,D,12410.0,12400.0,844.6291113521112,864.580980124208,814.0362459015623,837.3134261356755,825.3423048724171,824.6772425800137,106701562881.07849
2021-03-10,S*Mobarakeh Steel,12480.0,12640.0,12340.0,12500.0,1101407037500.0,88138499,12192,D,12590.0,12590.0,829.9977409192395,840.6387375976915,820.6868688255946,831.3278655040463,837.3134261356755,837.3134261356755,73250428922.88081
2021-03-13,S*Mobarakeh Steel,12380.0,13030.0,12380.0,12740.0,1444911020060.0,113400632,16928,D,12500.0,12710.0,823.3471179952077,866.5761670014178,823.3471179952077,847.2893605217241,831.3278655040463,845.2941736445142,96095583531.98033
2021-03-16,S*Mobarakeh Steel,13500.0,13500.0,13500.0,13500.0,771845031000.0,57173706,3345,D,12740.0,13500.0,897.83409474437,897.83409474437,897.83409474437,897.83409474437,847.2893605217241,897.83409474437,51332502569.69075
2021-03-17,S*Mobarakeh Steel,14310.0,14310.0,13860.0,14170.0,2943596839720.0,207764062,26202,D,13500.0,13990.0,951.7041404290322,951.7041404290322,921.7763372708864,942.393268335387,897.83409474437,930.4221470721286,195767526213.51068
2021-03-27,S*Mobarakeh Steel,14100.0,14320.0,13890.0,14060.0,1070518206970.0,76163418,15439,D,14170.0,13920.0,937.7378322885645,952.3692027214353,923.7715241480965,935.0775831189513,942.393268335387,925.7667110253061,71196129278.68712
2021-03-28,S*Mobarakeh Steel,14060.0,14060.0,13780.0,13800.0,1159415227850.0,84018743,11461,D,14060.0,13780.0,935.0775831189513,935.0775831189513,916.4558389316609,917.7859635164672,935.0775831189513,916.4558389316609,77108334928.11426
2021-03-30,S*Mobarakeh Steel,13640.0,14300.0,13600.0,13970.0,777505009350.0,55662597,11833,D,13800.0,13930.0,907.1449668380155,951.0390781366287,904.4847176684025,929.0920224873221,917.7859635164672,926.4317733177091,51708926387.33113
2021-03-31,S*Mobarakeh Steel,13900.0,14090.0,13700.0,13760.0,419956043890.0,30518130,5643,D,13970.0,13700.0,924.4365864404996,937.0727699961611,911.1353405924348,915.1257143468541,929.0920224873221,911.1353405924348,27929692925.80778
2021-04-03,S*Mobarakeh Steel,13490.0,13490.0,13490.0,13490.0,373008050920.0,27650708,1821,D,13760.0,13490.0,897.1690324519666,897.1690324519666,897.1690324519666,897.1690324519666,915.1257143468541,897.1690324519666,24807358942.97186
2021-04-04,S*Mobarakeh Steel,13230.0,13230.0,13230.0,13230.0,153414061290.0,11595923,781,D,13490.0,13230.0,879.8774128494827,879.8774128494827,879.8774128494827,879.8774128494827,897.1690324519666,879.8774128494827,10202990728.84181
2021-04-05,S*Mobarakeh Steel,12970.0,13380.0,12970.0,13020.0,1423966918650.0,109388395,14212,D,13230.0,13370.0,862.5857932469985,889.8533472355313,862.5857932469985,865.9111047090147,879.8774128494827,889.1882849431279,94702670322.37428
2021-04-06,S*Mobarakeh Steel,13380.0,13410.0,12760.0,12960.0,703737016140.0,54293452,10660,D,13020.0,12800.0,889.8533472355313,891.8485341127407,848.6194851065306,861.920730954595,865.9111047090147,851.2797342761435,46802895320.30823
2021-04-07,S*Mobarakeh Steel,12750.0,12880.0,12710.0,12720.0,308364419690.0,24243843,3428,D,12960.0,12710.0,847.9544228141272,856.6002326153694,845.2941736445142,845.9592359369177,861.920730954595,845.2941736445142,20508154785.46253
2021-04-10,S*Mobarakeh Steel,12470.0,12530.0,12470.0,12470.0,252279732970.0,20230451,1740,D,12720.0,12470.0,829.3326786268365,833.3230523812562,829.3326786268365,829.3326786268365,845.9592359369177,829.3326786268365,16778173753.590471
2021-04-11,S*Mobarakeh Steel,12230.0,12300.0,12230.0,12230.0,1524768395510.0,124626379,12667,D,12470.0,12230.0,813.3711836091591,818.0266196559817,813.3711836091591,813.3711836091591,829.3326786268365,813.3711836091591,101406596450.1886
2021-04-12,S*Mobarakeh Steel,12250.0,12530.0,12110.0,12310.0,945807481830.0,76851728,12207,D,12230.0,12500.0,814.7013081939655,833.3230523812562,805.39043610032,818.6916819483849,813.3711836091591,831.3278655040463,62902089203.79927
2021-04-13,S*Mobarakeh Steel,12700.0,13040.0,12600.0,12980.0,2449523849120.0,188712769,19672,D,12310.0,13040.0,844.6291113521112,867.2412292938212,837.9784884280785,863.2508555394019,818.6916819483849,867.2412292938212,162908594639.21478
2021-04-14,S*Mobarakeh Steel,13030.0,13170.0,12730.0,12950.0,1377891123040.0,106404742,13957,D,12980.0,12770.0,866.5761670014178,875.8870390950633,846.624298229321,861.255668662192,863.2508555394019,849.2845473989337,91638342897.1053
2021-04-17,S*Mobarakeh Steel,12700.0,12880.0,12700.0,12700.0,123122528580.0,9692007,1202,D,12950.0,12700.0,844.6291113521112,856.6002326153694,844.6291113521112,844.6291113521112,861.255668662192,844.6291113521112,8188415110.389787
2021-04-18,S*Mobarakeh Steel,12450.0,12450.0,12450.0,12470.0,105200657400.0,8449852,619,D,12700.0,12450.0,828.0025540420303,828.0025540420303,828.0025540420303,829.3326786268365,844.6291113521112,828.0025540420303,6996499037.277157
2021-04-19,S*Mobarakeh Steel,12230.0,12590.0,12230.0,12290.0,1735482831380.0,141171735,14929,D,12470.0,12470.0,813.3711836091591,837.3134261356755,813.3711836091591,817.3615573635784,829.3326786268365,829.3326786268365,115420419026.40436
2021-04-20,S*Mobarakeh Steel,12310.0,12650.0,12120.0,12350.0,842585511130.0,68198392,9962,D,12290.0,12180.0,818.6916819483849,841.3037998900949,806.055498392723,821.351931117998,817.3615573635784,810.0458721471426,56037185157.787094
2021-04-21,S*Mobarakeh Steel,12200.0,12360.0,11980.0,12110.0,675013743150.0,55757581,7164,D,12350.0,12020.0,811.3759967319492,822.0169934104011,796.7446262990779,805.39043610032,821.351931117998,799.4048754686911,44892618742.30289
2021-04-24,S*Mobarakeh Steel,11800.0,12250.0,11800.0,12000.0,575701433780.0,47959966,7339,D,12110.0,12130.0,784.7735050358194,814.7013081939655,784.7735050358194,798.0747508838846,805.39043610032,806.7205606851267,38287731528.95572
2021-04-25,S*Mobarakeh Steel,11750.0,11990.0,11650.0,11760.0,712834032460.0,60595344,6562,D,12000.0,11780.0,781.4481935738036,797.409688591481,774.7975706497713,782.1132558662069,798.0747508838846,783.4433804510132,47407903573.0891
2021-04-26,S*Mobarakeh Steel,11710.0,12300.0,11710.0,12040.0,666961908120.0,55383192,8584,D,11760.0,12220.0,778.7879444041906,818.0266196559817,778.7879444041906,800.7350000534976,782.1132558662069,812.7061213167557,44357121555.99244
2021-04-27,S*Mobarakeh Steel,12250.0,12760.0,12230.0,12660.0,1544152408070.0,121999895,12443,D,12040.0,12610.0,814.7013081939655,848.6194851065306,813.3711836091591,841.968862182498,800.7350000534976,838.643550720482,102695754033.10129
2021-04-28,S*Mobarakeh Steel,12670.0,13200.0,12450.0,12770.0,726552365030.0,56904744,9133,D,12660.0,12660.0,842.6339244749014,877.8822259722729,828.0025540420303,849.2845473989337,841.968862182498,841.968862182498,48320258143.78452
2021-05-01,S*Mobarakeh Steel,12550.0,12750.0,12390.0,12420.0,580748556940.0,46744067,5079,D,12770.0,12390.0,834.6531769660627,847.9544228141272,824.0121802876107,826.0073671648205,849.2845473989337,824.0121802876107,38623396658.83882
2021-05-02,S*Mobarakeh Steel,12050.0,12050.0,12050.0,12070.0,105851899500.0,8784390,719,D,12420.0,12050.0,801.4000623459006,801.4000623459006,801.4000623459006,802.730186930707,826.0073671648205,801.4000623459006,7039810693.670704
2021-05-03,S*Mobarakeh Steel,11710.0,11860.0,11710.0,11720.0,1117632133810.0,95381332,9929,D,12070.0,11710.0,778.7879444041906,788.7638787902391,778.7879444041906,779.453006696594,802.730186930707,778.7879444041906,74329498897.51999
2021-05-05,S*Mobarakeh Steel,11580.0,12210.0,11580.0,11970.0,786018916900.0,65679451,9789,D,11720.0,11980.0,770.1421346029484,812.0410590243525,770.1421346029484,796.0795640066749,779.453006696594,796.7446262990779,52275154274.58234
2021-05-08,S*Mobarakeh Steel,12010.0,12350.0,11680.0,11930.0,544485078010.0,45623577,8182,D,11970.0,11820.0,798.7398131762876,821.351931117998,776.792757526981,793.4193148370616,796.0795640066749,786.1036296206262,36211649416.068596
2021-05-09,S*Mobarakeh Steel,11650.0,11750.0,11580.0,11580.0,690754738960.0,59627396,5735,D,11930.0,11580.0,774.7975706497713,781.4481935738036,770.1421346029484,770.1421346029484,793.4193148370616,770.1421346029484,45939493018.11373
2021-05-10,S*Mobarakeh Steel,11410.0,12270.0,11400.0,12020.0,1279381849560.0,106481412,12821,D,11580.0,12270.0,758.8360756320933,816.0314327787717,758.1710133396904,799.4048754686911,770.1421346029484,816.0314327787717,85086862572.7467
2021-05-11,S*Mobarakeh Steel,12300.0,12740.0,12090.0,12660.0,1760231182120.0,138985009,12946,D,12020.0,12740.0,818.0266196559817,847.2893605217241,804.0603115155135,841.968862182498,799.4048754686911,847.2893605217241,117066338514.03874
2021-05-12,S*Mobarakeh Steel,13100.0,13150.0,12450.0,12730.0,990734527650.0,77854760,11861,D,12660.0,12670.0,871.2316030482405,874.5569145102569,828.0025540420303,846.624298229321,841.968862182498,842.6339244749014,65890017612.19471
2021-05-15,S*Mobarakeh Steel,12680.0,13190.0,12570.0,12910.0,770638353100.0,59697544,9348,D,12730.0,12750.0,843.2989867673047,877.2171636798698,835.9833015508688,858.5954194925794,846.624298229321,847.9544228141272,51252250972.65413
2021-05-16,S*Mobarakeh Steel,12940.0,13090.0,12580.0,12740.0,656634827320.0,51548294,8088,D,12910.0,12580.0,860.5906063697889,870.5665407558372,836.648363843272,847.2893605217241,858.5954194925794,836.648363843272,43670306352.92429
2021-05-17,S*Mobarakeh Steel,12570.0,12700.0,12200.0,12470.0,512407923680.0,41101240,6055,D,12740.0,12230.0,835.9833015508688,844.6291113521112,811.3759967319492,829.3326786268365,847.2893605217241,813.3711836091591,34078318836.820377
2021-05-18,S*Mobarakeh Steel,12220.0,12820.0,12220.0,12440.0,842391663160.0,67706877,8784,D,12470.0,12290.0,812.7061213167557,852.6098588609499,812.7061213167557,827.337491749627,829.3326786268365,817.3615573635784,56024293060.256516
2021-05-25,S*Mobarakeh Steel,9000.0,9000.0,8790.0,8900.0,582914427500.0,65478842,7232,D,8870.0,8880.0,837.9784884280787,837.9784884280787,818.4256570314234,828.6676163344332,825.8743547063397,826.805441915704,54274416759.92987
2021-05-26,S*Mobarakeh Steel,8900.0,9130.0,8760.0,8970.0,551146136150.0,61427501,10754,D,8900.0,8990.0,828.6676163344332,850.0826221498177,815.6323954033297,835.185226799985,828.6676163344332,837.0474012187143,51316511785.994774
2021-05-29,S*Mobarakeh Steel,9040.0,9410.0,9040.0,9390.0,921701755030.0,98191699,6145,D,8970.0,9410.0,841.7028372655368,876.1530640120244,841.7028372655368,874.2908895932952,835.185226799985,876.1530640120244,85818471495.72739
2021-05-30,S*Mobarakeh Steel,9850.0,9850.0,9450.0,9770.0,1853228501870.0,189740020,17198,D,9390.0,9610.0,917.1209012240637,917.1209012240637,879.8774128494827,909.6722035491475,874.2908895932952,894.7748081993151,172551735412.09503
2021-05-31,S*Mobarakeh Steel,9520.0,9950.0,9470.0,9640.0,811361579940.0,84163749,9335,D,9770.0,9570.0,886.3950233150345,926.4317733177093,881.7395872682117,897.5680698274089,909.6722035491475,891.0504593618568,75544838925.1932
2021-06-01,S*Mobarakeh Steel,9520.0,9800.0,9520.0,9650.0,569295889040.0,58977676,7348,D,9640.0,9570.0,886.3950233150345,912.4654651772411,886.3950233150345,898.4991570367732,897.5680698274089,891.0504593618568,53006412062.89538
2021-06-02,S*Mobarakeh Steel,9560.0,9940.0,9560.0,9840.0,880045727480.0,89406208,9352,D,9650.0,9870.0,890.1193721524925,925.5006861083446,890.1193721524925,916.1898140146994,898.4991570367732,918.9830756427929,81939932051.25327
2021-06-07,S*Mobarakeh Steel,9970.0,10150.0,9920.0,10010.0,759661624540.0,75864677,10968,D,9840.0,10000.0,928.2939477364383,945.0535175049998,923.6385116896156,932.0182965738964,916.1898140146994,931.0872093645319,70731122205.42754
2021-06-08,S*Mobarakeh Steel,9970.0,10140.0,9720.0,9930.0,934965878710.0,94171046,11876,D,10010.0,9800.0,928.2939477364383,944.1224302956355,905.0167675023249,924.5695988989798,932.0182965738964,912.4654651772411,87053477085.91513
2021-06-09,S*Mobarakeh Steel,9700.0,9890.0,9630.0,9770.0,466893651610.0,47787996,6554,D,9930.0,9840.0,903.154593083596,920.8452500615218,896.6369826180443,909.6722035491475,924.5695988989798,916.1898140146994,43471870714.75708
2021-06-12,S*Mobarakeh Steel,9670.0,9850.0,9640.0,9740.0,765151971460.0,78592576,7866,D,9770.0,9670.0,900.3613314555024,917.1209012240637,897.5680698274089,906.878941921054,909.6722035491475,900.3613314555024,71242321384.64616
2021-06-13,S*Mobarakeh Steel,9650.0,9820.0,9550.0,9720.0,525946305740.0,54092184,6396,D,9740.0,9750.0,898.4991570367732,914.3276395959703,889.188284943128,905.0167675023249,906.878941921054,907.8100291304185,48970187808.70414
2021-06-14,S*Mobarakeh Steel,9830.0,9930.0,9740.0,9850.0,832339529140.0,84498866,8446,D,9720.0,9920.0,915.2587268053348,924.5695988989798,906.878941921054,917.1209012240637,905.0167675023249,923.6385116896156,77498068943.0751
2021-06-15,S*Mobarakeh Steel,9900.0,10020.0,9750.0,9920.0,891977399880.0,89910141,9679,D,9850.0,9760.0,921.7763372708868,932.9493837832607,907.8100291304185,923.6385116896156,917.1209012240637,908.7411163397832,83050874807.05003
2021-06-16,S*Mobarakeh Steel,9730.0,9960.0,9730.0,9920.0,1127095207490.0,113619491,8371,D,9920.0,9930.0,905.9478547116894,927.3628605270737,905.9478547116894,923.6385116896156,923.6385116896156,924.5695988989798,104942393143.00018
2021-06-19,S*Mobarakeh Steel,9910.0,10240.0,9880.0,10090.0,1588033866820.0,157409167,11316,D,9920.0,10210.0,922.707424480251,953.4333023892807,919.9141628521577,939.4669942488127,923.6385116896156,950.6400407611868,147859802143.38007
2021-06-20,S*Mobarakeh Steel,10110.0,10290.0,9980.0,10140.0,1142462577300.0,112701749,9822,D,10090.0,10000.0,941.3291686675415,958.0887384361031,929.2250349458026,944.1224302956355,939.4669942488127,931.0872093645319,106373229290.1668
2021-06-21,S*Mobarakeh Steel,9870.0,10140.0,9860.0,10080.0,728768645200.0,72315904,8171,D,10140.0,10060.0,918.9830756427929,944.1224302956355,918.0519884334282,938.535907039448,944.1224302956355,936.6737326207192,67854716413.163864
2021-06-22,S*Mobarakeh Steel,10060.0,10390.0,10050.0,10210.0,996064911490.0,97535316,11970,D,10080.0,10330.0,936.6737326207192,967.3996105297485,935.7426454113543,950.6400407611868,938.535907039448,961.8130872735615,92742329878.51534
2021-06-23,S*Mobarakeh Steel,10380.0,10720.0,10230.0,10590.0,2607674601760.0,246232566,19090,D,10210.0,10720.0,966.4685233203841,998.1254884387781,952.502215179916,986.0213547170392,950.6400407611868,998.1254884387781,242797246788.34857
2021-06-26,S*Mobarakeh Steel,10880.0,10960.0,10580.0,10800.0,1557425927120.0,144220200,20109,D,10590.0,10590.0,1013.0228837886104,1020.4715814635266,985.0902675076745,1005.5741861136943,986.0213547170392,986.0213547170392,145009936027.4129
2021-06-27,S*Mobarakeh Steel,10650.0,10820.0,10520.0,10650.0,808570658720.0,75911169,12782,D,10800.0,10610.0,991.6078779732266,1007.4363605324234,979.5037442514873,991.6078779732266,1005.5741861136943,987.8835291357684,75284979820.16461
2021-06-28,S*Mobarakeh Steel,10550.0,10690.0,10410.0,10610.0,730766947230.0,68898363,10074,D,10650.0,10630.0,982.2970058795811,995.3322268106843,969.2617849484776,987.8835291357684,991.6078779732266,989.7457035544973,68040775759.22188
2021-06-29,S*Mobarakeh Steel,10510.0,10820.0,10510.0,10670.0,629647739420.0,59021339,8894,D,10610.0,10620.0,978.5726570421231,1007.4363605324234,978.5726570421231,993.4700523919552,987.8835291357684,988.8146163451328,58625695657.92537
2021-06-30,S*Mobarakeh Steel,10580.0,10730.0,10520.0,10630.0,506046838270.0,47625377,8536,D,10670.0,10600.0,985.0902675076745,999.0565756481427,979.5037442514873,989.7457035544973,993.4700523919552,986.9524419264039,47117373845.25589
2021-07-03,S*Mobarakeh Steel,10630.0,10630.0,10100.0,10250.0,1168765515660.0,114014851,16321,D,10630.0,10100.0,989.7457035544973,989.7457035544973,940.398081458177,954.3643895986452,989.7457035544973,940.398081458177,108822262237.73674
2021-07-04,S*Mobarakeh Steel,10050.0,10470.0,10010.0,10270.0,572845246960.0,55760104,9048,D,10250.0,10230.0,935.7426454113543,974.848308204665,932.0182965738964,956.2265640173741,954.3643895986452,952.502215179916,53336888238.97224
2021-07-05,S*Mobarakeh Steel,10130.0,10430.0,10130.0,10260.0,1176114786030.0,114635355,15407,D,10270.0,10380.0,943.1913430862708,971.1239593672068,943.1913430862708,955.2954768080099,956.2265640173741,966.4685233203841,109506543401.70363
2021-07-06,S*Mobarakeh Steel,10400.0,10770.0,10380.0,10690.0,2343965963550.0,219330222,23503,D,10260.0,10760.0,968.3306977391129,1002.780924485601,966.4685233203841,995.3322268106843,955.2954768080099,1001.8498372762363,218243672784.7216
2021-07-07,S*Mobarakeh Steel,10490.0,10720.0,10330.0,10460.0,1216297653510.0,116233464,17032,D,10690.0,10420.0,976.7104826233939,998.1254884387781,961.8130872735615,973.9172209953001,995.3322268106843,970.1928721578421,113247918796.32541
2021-07-10,S*Mobarakeh Steel,10260.0,10430.0,10200.0,10260.0,904850387860.0,88156494,11959,D,10460.0,10330.0,955.2954768080099,971.1239593672068,949.7089535518224,955.2954768080099,973.9172209953001,961.8130872735615,84249462252.49815
2021-07-11,S*Mobarakeh Steel,10400.0,10690.0,10350.0,10540.0,1039841681900.0,98697009,14398,D,10260.0,10590.0,968.3306977391129,995.3322268106843,963.6752616922906,981.3659186702165,955.2954768080099,986.0213547170392,96818328978.11923
2021-07-12,S*Mobarakeh Steel,10660.0,11060.0,10610.0,10850.0,1695540395300.0,156216780,19250,D,10540.0,10740.0,992.538965182591,1029.7824535571724,987.8835291357684,1010.2296221605169,981.3659186702165,999.9876628575072,157869597502.47125
2021-07-13,S*Mobarakeh Steel,10720.0,11050.0,10660.0,10830.0,1168130199640.0,107829635,15788,D,10850.0,10700.0,998.1254884387781,1028.8513663478072,992.538965182591,1008.367447741788,1010.2296221605169,996.2633140200492,108763108775.72408
2021-07-14,S*Mobarakeh Steel,10510.0,10770.0,10510.0,10670.0,895027074850.0,83900309,12026,D,10830.0,10720.0,978.5726570421231,1002.780924485601,978.5726570421231,993.4700523919552,1008.367447741788,998.1254884387781,83334826142.77864
2021-07-17,S*Mobarakeh Steel,10730.0,10790.0,10510.0,10660.0,826922788750.0,77603918,10842,D,10670.0,10640.0,999.0565756481427,1004.6430989043298,978.5726570421231,992.538965182591,993.4700523919552,990.6767907638616,76993723173.71738
2021-07-18,S*Mobarakeh Steel,10490.0,10630.0,10390.0,10490.0,1010096717920.0,96260142,12234,D,10660.0,10580.0,976.7104826233939,989.7457035544973,967.3996105297485,976.7104826233939,992.538965182591,985.0902675076745,94048813427.64056
2021-07-26,S*Mobarakeh Steel,10840.0,10840.0,10660.0,10790.0,415617143050.0,38512453,3324,D,10490.0,10710.0,1009.2985349511524,1009.2985349511524,992.538965182591,1004.6430989043298,976.7104826233939,997.1944012294136,38697580588.648384
2021-07-27,S*Mobarakeh Steel,10760.0,10800.0,10410.0,10540.0,1123802677170.0,106614974,13499,D,10790.0,10420.0,1001.8498372762363,1005.5741861136943,969.2617849484776,981.3659186702165,1004.6430989043298,970.1928721578421,104635829856.2605
2021-07-28,S*Mobarakeh Steel,10350.0,10770.0,10350.0,10600.0,1221678979660.0,115208632,13123,D,10540.0,10650.0,963.6752616922906,1002.780924485601,963.6752616922906,986.9524419264039,981.3659186702165,991.6078779732266,113748967191.0938
2021-07-31,S*Mobarakeh Steel,10690.0,11050.0,10650.0,10950.0,2536912447630.0,231700713,24868,D,10600.0,11020.0,1034.3648631562014,1069.1984787536037,1030.494461423157,1059.5224744209922,1025.6564592568511,1066.2956774538204,245471758347.24695
2021-08-08,S*Mobarakeh Steel,11020.0,11120.0,10860.0,11000.0,2785194821720.0,253156718,18100,D,10550.0,11000.0,1066.2956774538204,1075.9716817864323,1050.8140705216417,1064.360476587298,1020.818457090545,1064.360476587298,269495571621.30673
2021-08-09,S*Mobarakeh Steel,11000.0,11480.0,11000.0,11330.0,2493765269560.0,220118923,24154,D,11000.0,11400.0,1064.360476587298,1110.8052973838348,1064.360476587298,1096.2912908849173,1064.360476587298,1103.0644939177455,241296835527.79395
2021-08-10,S*Mobarakeh Steel,11550.0,11890.0,11470.0,11790.0,4164183800780.0,353301509,27255,D,11330.0,11890.0,1117.578500416663,1150.4769151475432,1109.8376969505737,1140.8009108149315,1096.2912908849173,1150.4769151475432,402926604981.39154
2021-08-11,S*Mobarakeh Steel,12150.0,12370.0,12070.0,12280.0,4185538811670.0,340891219,36166,D,11790.0,12370.0,1175.6345264123336,1196.9217359440797,1167.8937229462442,1188.2133320447294,1140.8009108149315,1196.9217359440797,404992916760.33765
2021-08-14,S*Mobarakeh Steel,12490.0,12490.0,11900.0,12210.0,2372205548300.0,194218710,29310,D,12280.0,12370.0,1208.5329411432142,1208.5329411432142,1151.4445155808041,1181.440129011901,1188.2133320447294,1196.9217359440797,229534711631.96555
2021-08-15,S*Mobarakeh Steel,12370.0,12490.0,11970.0,12330.0,1928917996730.0,156398366,19446,D,12210.0,12460.0,1196.9217359440797,1208.5329411432142,1158.217718613633,1193.051334211035,1181.440129011901,1205.6301398434302,186642188936.1236
2021-08-22,S*Mobarakeh Steel,12400.0,12580.0,12110.0,12360.0,2200362916580.0,178042872,27877,D,12330.0,12400.0,1199.824537243863,1217.2413450425643,1171.7641246792891,1195.9541355108188,1193.051334211035,1199.824537243863,212907211141.4642
2021-08-23,S*Mobarakeh Steel,12370.0,12420.0,12030.0,12250.0,1594870643520.0,130225077,20272,D,12360.0,12260.0,1196.9217359440797,1201.7597381103858,1164.0233212131996,1185.3105307449457,1195.9541355108188,1186.2781311782069,154319752566.54892
2021-08-24,S*Mobarakeh Steel,12160.0,12670.0,12160.0,12470.0,1891247681620.0,151607814,19624,D,12250.0,12500.0,1176.6021268455947,1225.9497489419152,1176.6021268455947,1206.5977402766914,1185.3105307449457,1209.5005415764751,182997207613.97144
2021-08-25,S*Mobarakeh Steel,12600.0,12610.0,12210.0,12370.0,1511965006490.0,122251981,19921,D,12470.0,12460.0,1219.1765459090868,1220.1441463423484,1181.440129011901,1196.9217359440797,1206.5977402766914,1205.6301398434302,146297799535.5467
2021-08-28,S*Mobarakeh Steel,12420.0,12710.0,12290.0,12510.0,2128435976380.0,170089447,25828,D,12370.0,12650.0,1201.7597381103858,1229.82015067496,1189.1809324779904,1210.4681420097363,1196.9217359440797,1224.014548075393,205947557291.3971
2021-08-29,S*Mobarakeh Steel,12680.0,13100.0,12350.0,12630.0,3416681016610.0,270492020,32565,D,12510.0,12450.0,1226.9173493751764,1267.5565675721457,1194.9865350775576,1222.0793472088703,1210.4681420097363,1204.6625394101695,330598203198.7086
2021-08-30,S*Mobarakeh Steel,12450.0,12500.0,12000.0,12100.0,3794469787870.0,313525813,26640,D,12630.0,12000.0,1204.6625394101695,1209.5005415764751,1161.1205199134163,1170.7965242460277,1222.0793472088703,1161.1205199134163,367153061073.94696
2021-08-31,S*Mobarakeh Steel,11750.0,12270.0,11570.0,11930.0,1923778199760.0,161311348,23380,D,12100.0,11900.0,1136.9305090818868,1187.2457316114678,1119.5137012831856,1154.3473168805876,1170.7965242460277,1151.4445155808041,186144861958.61893
2021-09-01,S*Mobarakeh Steel,12000.0,12300.0,11750.0,12040.0,1218727217110.0,101181740,14077,D,11930.0,12110.0,1161.1205199134163,1190.1485329112516,1136.9305090818868,1164.9909216464612,1154.3473168805876,1171.7641246792891,117924098330.28282
2021-09-04,S*Mobarakeh Steel,12200.0,12250.0,11920.0,12060.0,1272707357080.0,105516641,17378,D,12040.0,12040.0,1180.4725285786396,1185.3105307449457,1153.3797164473267,1166.9261225129828,1164.9909216464612,1164.9909216464612,123147219012.52994
2021-09-05,S*Mobarakeh Steel,12050.0,12060.0,11720.0,11890.0,696750759120.0,58579333,13019,D,12060.0,11890.0,1165.958522079722,1166.9261225129828,1134.0277077821033,1150.4769151475432,1166.9261225129828,1150.4769151475432,67417633639.956795
2021-09-06,S*Mobarakeh Steel,11750.0,11950.0,11510.0,11800.0,1314885922610.0,111468142,17728,D,11890.0,11790.0,1136.9305090818868,1156.28251774711,1113.7080986836181,1141.7685112481922,1150.4769151475432,1140.8009108149315,127228418840.64626
2021-09-07,S*Mobarakeh Steel,11500.0,11810.0,11400.0,11590.0,1195044354610.0,103122623,15824,D,11800.0,11520.0,1112.7404982503572,1142.7361116814538,1103.0644939177455,1121.4489021497075,1141.7685112481922,1114.6756991168795,115632543528.69635
2021-09-08,S*Mobarakeh Steel,11430.0,11800.0,11430.0,11600.0,1270161344700.0,109476794,21851,D,11590.0,11650.0,1105.967295217529,1141.7685112481922,1105.967295217529,1122.416502582969,1121.4489021497075,1127.254504749275,122900866744.33229
2021-09-11,S*Mobarakeh Steel,11750.0,11790.0,11460.0,11580.0,1518837478070.0,131105853,15124,D,11600.0,11490.0,1136.9305090818868,1140.8009108149315,1108.8700965173123,1120.4813017164465,1122.416502582969,1111.7728978170958,146962780183.38507
2021-09-12,S*Mobarakeh Steel,11440.0,11450.0,11080.0,11260.0,1200061894020.0,106561064,17391,D,11580.0,11320.0,1106.93489565079,1107.9024960840516,1072.1012800533874,1089.518087852089,1120.4813017164465,1095.323690451656,116118040859.39845
2021-09-13,S*Mobarakeh Steel,11200.0,11390.0,11060.0,11180.0,1070467663800.0,95728347,14257,D,11260.0,11190.0,1083.7124852525217,1102.096893484484,1070.1660791868653,1081.7772843859996,1089.518087852089,1082.7448848192607,103578497528.49634
2021-09-14,S*Mobarakeh Steel,11200.0,11430.0,11180.0,11310.0,934316872930.0,82630655,13814,D,11180.0,11360.0,1083.7124852525217,1105.967295217529,1081.7772843859996,1094.3560900183948,1081.7772843859996,1099.1940921847008,90404541105.0299
2021-09-15,S*Mobarakeh Steel,11220.0,11330.0,11100.0,11220.0,712021835420.0,63440038,14600,D,11310.0,11240.0,1085.647686119044,1096.2912908849173,1074.0364809199102,1085.647686119044,1094.3560900183948,1087.5828869855661,68895263644.38126
2021-09-18,S*Mobarakeh Steel,11140.0,11150.0,10660.0,10710.0,1182365992900.0,110358481,17347,D,11220.0,10660.0,1077.9068826529547,1078.8744830862158,1031.4620618564181,1036.300064022724,1085.647686119044,1031.4620618564181,114405784700.33255
2021-09-19,S*Mobarakeh Steel,10450.0,10880.0,10290.0,10440.0,807092774310.0,77340350,13109,D,10710.0,10390.0,1011.1424527579331,1052.7492713881638,995.6608458257542,1010.1748523246721,1036.300064022724,1005.3368501583661,78094331810.43239
2021-09-20,S*Mobarakeh Steel,10410.0,10590.0,10390.0,10480.0,694784135400.0,66306057,10858,D,10440.0,10470.0,1007.2720510248885,1024.6888588235897,1005.3368501583661,1014.0452540577169,1010.1748523246721,1013.0776536244558,67227343043.603455
2021-09-21,S*Mobarakeh Steel,10480.0,10580.0,9980.0,10140.0,878695470420.0,86617042,13281,D,10480.0,10160.0,1014.0452540577169,1023.7212583903284,965.6652323946576,981.1468393268368,1014.0452540577169,983.0820401933587,85022611788.30284
2021-09-22,S*Mobarakeh Steel,10160.0,10280.0,9920.0,10100.0,999847299730.0,98950600,15427,D,10140.0,10280.0,983.0820401933587,994.6932453924929,959.8596297950908,977.2764375937918,981.1468393268368,994.6932453924929,96745268041.37689
2021-09-25,S*Mobarakeh Steel,10280.0,10600.0,10280.0,10550.0,1069930657640.0,101417753,16336,D,10100.0,10580.0,994.6932453924929,1025.6564592568511,994.6932453924929,1020.818457090545,977.2764375937918,1023.7212583903284,103526536789.18834
2021-09-26,S*Mobarakeh Steel,10750.0,10750.0,10350.0,10500.0,512583511180.0,48809259,10829,D,10550.0,10450.0,1040.1704657557686,1040.1704657557686,1001.4664484253216,1015.9804549242391,1020.818457090545,1011.1424527579331,49597602750.03049
2021-09-28,S*Mobarakeh Steel,10600.0,10600.0,10350.0,10440.0,455163241800.0,43601832,10422,D,10500.0,10490.0,1025.6564592568511,1025.6564592568511,1001.4664484253216,1010.1748523246721,1015.9804549242391,1015.0128544909779,44041614997.02432
2021-09-29,S*Mobarakeh Steel,10410.0,10660.0,10380.0,10480.0,649826970080.0,61996626,10047,D,10440.0,10560.0,1007.2720510248885,1031.4620618564181,1004.369249725105,1014.0452540577169,1010.1748523246721,1021.7860575238062,62877285779.42081
2021-10-02,S*Mobarakeh Steel,10590.0,11000.0,10590.0,10900.0,1386646483970.0,127159011,15429,D,10480.0,10870.0,1024.6888588235897,1064.360476587298,1024.6888588235897,1054.6844722546864,1014.0452540577169,1051.7816709549027,134171973866.94643
2021-10-03,S*Mobarakeh Steel,10870.0,11020.0,10700.0,10860.0,705010036710.0,64915676,9427,D,10900.0,10890.0,1051.7816709549027,1066.2956774538204,1035.3324635894628,1050.8140705216417,1054.6844722546864,1053.7168718214255,68216801697.407646
2021-10-04,S*Mobarakeh Steel,10890.0,10960.0,10720.0,10830.0,443535511980.0,40935944,7689,D,10860.0,10790.0,1053.7168718214255,1060.4900748542532,1037.2676644559851,1047.9112692218582,1050.8140705216417,1044.0408674888133,42916515355.856735
2021-10-06,S*Mobarakeh Steel,10820.0,10840.0,10600.0,10670.0,766722013190.0,71842154,11121,D,10830.0,10620.0,1046.9436687885968,1048.8788696551192,1025.6564592568511,1032.4296622896788,1047.9112692218582,1027.5916601233732,74188055215.35281
2021-10-09,S*Mobarakeh Steel,10620.0,10720.0,10260.0,10380.0,627965516340.0,60522468,9303,D,10670.0,10350.0,1027.5916601233732,1037.2676644559851,992.7580445259711,1004.369249725105,1032.4296622896788,1001.4664484253216,60761970568.36647
2021-10-10,S*Mobarakeh Steel,10230.0,10410.0,10140.0,10280.0,455139478460.0,44285258,7323,D,10380.0,10310.0,989.8552432261872,1007.2720510248885,981.1468393268368,994.6932453924929,1004.369249725105,997.5960466922768,44039315655.216354
2021-10-11,S*Mobarakeh Steel,10300.0,10400.0,10210.0,10310.0,501169565310.0,48597848,7594,D,10280.0,10210.0,996.6284462590156,1006.3044505916272,987.9200423596648,997.5960466922768,994.6932453924929,987.9200423596648,48493188853.127335
2021-10-12,S*Mobarakeh Steel,10150.0,10250.0,9990.0,10070.0,683649281270.0,67893378,10131,D,10310.0,10080.0,982.1144397600979,991.7904440927097,966.632832827919,974.3736362940084,997.5960466922768,975.3412367272696,66149934075.55464
2021-10-13,S*Mobarakeh Steel,10020.0,10200.0,9970.0,10050.0,672671751620.0,66932409,9869,D,10070.0,10180.0,969.5356341277023,986.9524419264037,964.6976319613967,972.4384354274858,974.3736362940084,985.0172410598814,65087747831.00689
2021-10-16,S*Mobarakeh Steel,10400.0,10550.0,10400.0,10550.0,998100464110.0,94628320,5615,D,10050.0,10550.0,1006.3044505916272,1020.818457090545,1006.3044505916272,1020.818457090545,972.4384354274858,1020.818457090545,96576244151.1021
2021-10-17,S*Mobarakeh Steel,10710.0,10950.0,10500.0,10600.0,1067060764300.0,100696047,11633,D,10550.0,10540.0,1036.300064022724,1059.5224744209922,1015.9804549242391,1025.6564592568511,1020.818457090545,1019.8508566572838,103248845785.26859
2021-10-18,S*Mobarakeh Steel,10500.0,10760.0,10400.0,10630.0,850987891140.0,80021213,8684,D,10600.0,10690.0,1015.9804549242391,1041.1380661890298,1006.3044505916272,1028.5592605566344,1025.6564592568511,1034.3648631562014,82341625216.70819
2021-10-19,S*Mobarakeh Steel,10800.0,10870.0,10620.0,10770.0,560191947270.0,52028961,7694,D,10630.0,10630.0,1045.0084679220745,1051.7816709549027,1027.5916601233732,1042.1056666222912,1028.5592605566344,1028.5592605566344,54204197088.78762
2021-10-20,S*Mobarakeh Steel,10620.0,10660.0,10430.0,10550.0,567244587130.0,53755334,6227,D,10770.0,10470.0,1027.5916601233732,1031.4620618564181,1009.2072518914109,1020.818457090545,1042.1056666222912,1013.0776536244558,54886610827.204735
2021-10-23,S*Mobarakeh Steel,11070.0,11070.0,10800.0,10990.0,3075311302770.0,279919222,25408,D,10550.0,10930.0,1071.1336796201265,1071.1336796201265,1045.0084679220745,1063.3928761540367,1020.818457090545,1057.5872735544697,297567254897.3256
2021-10-25,S*Mobarakeh Steel,10990.0,11160.0,10820.0,10960.0,990474088320.0,90378714,11675,D,10990.0,10870.0,1063.3928761540367,1079.8420835194772,1046.9436687885968,1060.4900748542532,1063.3928761540367,1051.7816709549027,95838315699.24043
2021-10-26,S*Mobarakeh Steel,10800.0,11180.0,10770.0,11050.0,990346036780.0,89600552,10262,D,10960.0,11070.0,1045.0084679220745,1081.7772843859996,1042.1056666222912,1069.1984787536037,1060.4900748542532,1071.1336796201265,95825925426.68208
2021-10-27,S*Mobarakeh Steel,11070.0,11600.0,11040.0,11480.0,2053247627470.0,178922727,19469,D,11050.0,11600.0,1071.1336796201265,1122.416502582969,1068.2308783203428,1110.8052973838348,1069.1984787536037,1122.416502582969,198672329393.24625
2021-10-30,S*Mobarakeh Steel,11700.0,11730.0,11130.0,11310.0,1086001186690.0,95982108,13625,D,11480.0,11700.0,1132.092506915581,1134.995308215364,1076.9392822196935,1094.3560900183948,1110.8052973838348,1132.092506915581,105081521876.33995
2021-10-31,S*Mobarakeh Steel,11320.0,11440.0,10770.0,10980.0,1545396383920.0,140709717,14748,D,11310.0,10920.0,1095.323690451656,1106.93489565079,1042.1056666222912,1062.4252757207757,1094.3560900183948,1056.6196731212087,149532621064.1253
2021-11-01,S*Mobarakeh Steel,11200.0,11520.0,11200.0,11400.0,1042798253560.0,91477408,11467,D,10980.0,11380.0,1083.7124852525217,1114.6756991168795,1083.7124852525217,1103.0644939177455,1062.4252757207757,1101.129293051223,100901204194.86578
2021-11-02,S*Mobarakeh Steel,11680.0,11840.0,11510.0,11670.0,942911578100.0,80821341,9937,D,11400.0,11800.0,1130.1573060490584,1145.6389129812374,1113.7080986836181,1129.1897056157973,1103.0644939177455,1141.7685112481922,91236165149.65431
2021-11-03,S*Mobarakeh Steel,11810.0,12110.0,11750.0,11930.0,1096950339960.0,91949372,12940,D,11670.0,12040.0,1142.7361116814538,1171.7641246792891,1136.9305090818868,1154.3473168805876,1129.1897056157973,1164.9909216464612,106140962421.12947
2021-11-06,S*Mobarakeh Steel,12050.0,12480.0,12030.0,12290.0,1849620869080.0,150487290,21413,D,11930.0,12130.0,1165.958522079722,1207.5653407099524,1164.0233212131996,1189.1809324779904,1154.3473168805876,1173.6993255458115,178969395429.07285
2021-11-07,S*Mobarakeh Steel,12050.0,12320.0,11680.0,11940.0,1848999019230.0,154811384,20929,D,12290.0,11700.0,1165.958522079722,1192.083733777774,1130.1573060490584,1155.3149173138493,1189.1809324779904,1132.092506915581,178909225210.64453
2021-11-08,S*Mobarakeh Steel,11710.0,12150.0,11620.0,11940.0,966600408080.0,80923031,11648,D,11940.0,12000.0,1133.060107348842,1175.6345264123336,1124.3517034494912,1155.3149173138493,1155.3149173138493,1161.1205199134163,93528297364.86415
2021-11-09,S*Mobarakeh Steel,12030.0,12200.0,11880.0,12010.0,806501814590.0,67165074,10873,D,11940.0,11940.0,1164.0233212131996,1180.4725285786396,1149.5093147142818,1162.0881203466772,1155.3149173138493,1155.3149173138493,78037150522.32121
2021-11-10,S*Mobarakeh Steel,11940.0,12080.0,11800.0,11970.0,901008061090.0,75246306,10570,D,12010.0,12010.0,1155.3149173138493,1168.8613233795058,1141.7685112481922,1158.217718613633,1162.0881203466772,1162.0881203466772,87181579028.24997
2021-11-13,S*Mobarakeh Steel,11800.0,11950.0,11510.0,11750.0,724840198640.0,61711653,9829,D,11970.0,11690.0,1141.7685112481922,1156.28251774711,1113.7080986836181,1136.9305090818868,1158.217718613633,1131.1249064823196,70135569024.9184
2021-11-14,S*Mobarakeh Steel,11750.0,11930.0,11600.0,11740.0,710444880000.0,60503628,9077,D,11750.0,11650.0,1136.9305090818868,1154.3473168805876,1122.416502582969,1135.9629086486257,1136.9305090818868,1127.254504749275,68742677369.61871
2021-11-15,S*Mobarakeh Steel,11650.0,11660.0,11160.0,11280.0,809287914550.0,71773060,10567,D,11740.0,11250.0,1127.254504749275,1128.222105182536,1079.8420835194772,1091.4532887186115,1135.9629086486257,1088.5504874188277,78306733675.16171
2021-11-16,S*Mobarakeh Steel,11060.0,11390.0,11060.0,11220.0,516800766400.0,46062879,7117,D,11280.0,11150.0,1070.1660791868653,1102.096893484484,1070.1660791868653,1085.647686119044,1091.4532887186115,1078.8744830862158,50005664547.835
2021-11-17,S*Mobarakeh Steel,11150.0,11340.0,11050.0,11160.0,597674516320.0,53548043,8786,D,11220.0,11200.0,1078.8744830862158,1097.258891318178,1069.1984787536037,1079.8420835194772,1085.647686119044,1083.7124852525217,57831012094.03983
2021-11-20,S*Mobarakeh Steel,11020.0,11190.0,10610.0,10690.0,1438134421010.0,134548898,17586,D,11160.0,10690.0,1066.2956774538204,1082.7448848192607,1026.6240596901123,1034.3648631562014,1079.8420835194772,1034.3648631562014,139153948885.70926
2021-11-21,S*Mobarakeh Steel,10700.0,11170.0,10570.0,10880.0,1015589013680.0,93324728,13456,D,10690.0,11040.0,1035.3324635894628,1080.809683952738,1022.7536579570673,1052.7492713881638,1034.3648631562014,1068.2308783203428,98268436965.20627
2021-11-22,S*Mobarakeh Steel,11180.0,11290.0,10950.0,11130.0,722011790110.0,64860126,10572,D,10880.0,11080.0,1081.7772843859996,1092.4208891518722,1059.5224744209922,1076.9392822196935,1052.7492713881638,1072.1012800533874,69861892093.01163
2021-11-23,S*Mobarakeh Steel,11120.0,11130.0,10800.0,10910.0,433959061350.0,39776506,8463,D,11130.0,10820.0,1075.9716817864323,1076.9392822196935,1045.0084679220745,1055.6520726879476,1076.9392822196935,1046.9436687885968,41989897577.98751
2021-11-24,S*Mobarakeh Steel,10800.0,10940.0,10690.0,10770.0,558423537610.0,51873959,7960,D,10910.0,10740.0,1045.0084679220745,1058.554873987731,1034.3648631562014,1042.1056666222912,1055.6520726879476,1039.2028653225075,54033085693.4677
2021-11-27,S*Mobarakeh Steel,10350.0,10550.0,10240.0,10280.0,1192050965120.0,116006291,16071,D,10770.0,10240.0,1001.4664484253216,1020.818457090545,990.8228436594486,994.6932453924929,1042.1056666222912,990.8228436594486,115342903031.95198
2021-11-28,S*Mobarakeh Steel,10110.0,10450.0,10110.0,10300.0,754752495350.0,73268483,9904,D,10280.0,10200.0,978.2440380270529,1011.1424527579331,978.2440380270529,996.6284462590156,994.6932453924929,986.9524419264037,73029884150.56168
2021-11-29,S*Mobarakeh Steel,10300.0,10400.0,10120.0,10220.0,584363887680.0,57199650,8523,D,10300.0,10160.0,996.6284462590156,1006.3044505916272,979.2116384603144,988.8876427929259,996.6284462590156,983.0820401933587,56543075090.13556
2021-11-30,S*Mobarakeh Steel,10250.0,10250.0,10020.0,10100.0,569508052650.0,56379579,9364,D,10220.0,10020.0,991.7904440927097,991.7904440927097,969.5356341277023,977.2764375937918,988.8876427929259,969.5356341277023,55105623848.98708
2021-12-01,S*Mobarakeh Steel,10080.0,10190.0,9980.0,10070.0,641740004640.0,63712750,9695,D,10100.0,10130.0,975.3412367272696,985.9848414931424,965.6652323946576,974.3736362940084,977.2764375937918,980.1792388935755,62094790653.06958
2021-12-04,S*Mobarakeh Steel,10400.0,10420.0,9990.0,10100.0,624409014300.0,61827229,9648,D,10070.0,10230.0,1006.3044505916272,1008.2396514581496,966.632832827919,977.2764375937918,974.3736362940084,989.8552432261872,60417843276.88664
2021-12-05,S*Mobarakeh Steel,10270.0,10470.0,10210.0,10320.0,663247544490.0,64240048,8119,D,10100.0,10300.0,993.7256449592319,1013.0776536244558,987.9200423596648,998.5636471255381,977.2764375937918,996.6284462590156,64175861140.79377
2021-12-06,S*Mobarakeh Steel,10350.0,10380.0,10160.0,10270.0,392663069250.0,38216266,5740,D,10320.0,10190.0,1001.4664484253216,1004.369249725105,983.0820401933587,993.7256449592319,998.5636471255381,985.9848414931424,37994095593.19647
2021-12-07,S*Mobarakeh Steel,10170.0,10370.0,10130.0,10260.0,375099099720.0,36566182,5121,D,10270.0,10280.0,984.0496406266203,1003.4016492918437,980.1792388935755,992.7580445259711,993.7256449592319,994.6932453924929,36294605140.49506
2021-12-08,S*Mobarakeh Steel,10260.0,10650.0,10260.0,10460.0,532025543280.0,50875004,7184,D,10260.0,10480.0,992.7580445259711,1030.494461423157,992.7580445259711,1012.1100531911942,992.7580445259711,1014.0452540577169,51478814618.37426
2021-12-11,S*Mobarakeh Steel,10540.0,10600.0,10320.0,10410.0,405066125380.0,38903883,5344,D,10460.0,10350.0,1019.8508566572838,1025.6564592568511,998.5636471255381,1007.2720510248885,1012.1100531911942,1001.4664484253216,39194215841.71155
2021-12-12,S*Mobarakeh Steel,10300.0,10300.0,10050.0,10120.0,515191744430.0,50932531,5566,D,10410.0,10120.0,996.6284462590156,996.6284462590156,972.4384354274858,979.2116384603144,1007.2720510248885,979.2116384603144,49849975512.30511
2021-12-13,S*Mobarakeh Steel,10090.0,10190.0,9620.0,9790.0,1309343954410.0,133774229,15950,D,10120.0,9620.0,976.3088371605309,985.9848414931424,930.8316167972554,947.2808241626954,979.2116384603144,930.8316167972554,126692177757.50229
2021-12-14,S*Mobarakeh Steel,9670.0,10020.0,9630.0,9850.0,659248406760.0,66947017,7942,D,9790.0,9900.0,935.6696189635613,969.5356341277023,931.7992172305165,953.0864267622622,947.2808241626954,957.9244289285685,63788904400.77187
2021-12-15,S*Mobarakeh Steel,9850.0,10100.0,9770.0,9870.0,412129633110.0,41755901,8472,D,9850.0,9840.0,953.0864267622622,977.2764375937918,945.3456232961729,955.0216276287847,953.0864267622622,952.1188263290013,39877681155.700714
2021-12-18,S*Mobarakeh Steel,9910.0,10070.0,9880.0,9950.0,422256697210.0,42451768,6070,D,9870.0,9930.0,958.8920293618295,974.3736362940084,955.9892280620462,962.7624310948743,955.0216276287847,960.8272302283516,40857576316.7831
2021-12-19,S*Mobarakeh Steel,9910.0,9990.0,9590.0,9700.0,420690620270.0,43384852,6730,D,9950.0,9680.0,958.8920293618295,966.632832827919,927.9288154974719,938.5724202633448,962.7624310948743,936.6372193968224,40706042644.21666
2021-12-20,S*Mobarakeh Steel,9920.0,10060.0,9830.0,9950.0,629590672430.0,63269962,6417,D,9700.0,9960.0,959.8596297950908,973.4060358607474,951.1512258957401,962.7624310948743,938.5724202633448,963.7300315281354,60919220742.04658
2021-12-21,S*Mobarakeh Steel,9960.0,10230.0,9960.0,10120.0,693792806600.0,68536996,5995,D,9950.0,10170.0,963.7300315281354,989.8552432261872,963.7300315281354,979.2116384603144,962.7624310948743,984.0496406266203,67131422025.96501
2021-12-22,S*Mobarakeh Steel,10300.0,10620.0,10210.0,10550.0,1202956716160.0,114037521,9305,D,10120.0,10620.0,996.6284462590156,1027.5916601233732,987.9200423596648,1020.818457090545,979.2116384603144,1027.5916601233732,116398143975.08624
2021-12-25,S*Mobarakeh Steel,10800.0,11060.0,10580.0,10810.0,1028243353060.0,95133663,13112,D,10550.0,10630.0,1045.0084679220745,1070.1660791868653,1023.7212583903284,1045.9760683553357,1020.818457090545,1028.5592605566344,99492871391.87845
2021-12-26,S*Mobarakeh Steel,10590.0,10950.0,10450.0,10710.0,769932276850.0,71882370,8826,D,10810.0,10910.0,1024.6888588235897,1059.5224744209922,1011.1424527579331,1036.300064022724,1045.9760683553357,1055.6520726879476,74498680466.1827
2021-12-27,S*Mobarakeh Steel,11000.0,11240.0,10870.0,11100.0,1174308082290.0,105818947,11795,D,10710.0,10960.0,1064.360476587298,1087.5828869855661,1051.7816709549027,1074.0364809199102,1036.300064022724,1060.4900748542532,113626100920.59097
2021-12-28,S*Mobarakeh Steel,11090.0,11090.0,10820.0,10960.0,637999439450.0,58207314,7189,D,11100.0,10970.0,1073.0688804866488,1073.0688804866488,1046.9436687885968,1060.4900748542532,1074.0364809199102,1061.4576752875146,61732853403.22101
2021-12-29,S*Mobarakeh Steel,10940.0,11070.0,10680.0,10820.0,863067247710.0,79734418,7422,D,10960.0,10680.0,1058.554873987731,1071.1336796201265,1033.3972627229405,1046.9436687885968,1060.4900748542532,1033.3972627229405,83510424281.77301
2022-01-01,S*Mobarakeh Steel,10680.0,10680.0,10450.0,10530.0,572053019020.0,54312297,6498,D,10820.0,10480.0,1033.3972627229405,1033.3972627229405,1011.1424527579331,1018.8832562240228,1046.9436687885968,1014.0452540577169,55351874905.21181
2022-01-02,S*Mobarakeh Steel,10540.0,10680.0,10480.0,10570.0,378578998570.0,35831288,5119,D,10530.0,10680.0,1019.8508566572838,1033.3972627229405,1014.0452540577169,1022.7536579570673,1018.8832562240228,1033.3972627229405,36631320303.99157
2022-01-03,S*Mobarakeh Steel,10690.0,10720.0,10490.0,10570.0,316164450650.0,29918409,4132,D,10570.0,10510.0,1034.3648631562014,1037.2676644559851,1015.0128544909779,1022.7536579570673,1022.7536579570673,1016.9480553575004,30592085943.072304
2022-01-04,S*Mobarakeh Steel,10440.0,10500.0,10360.0,10390.0,414731151650.0,39916173,4486,D,10570.0,10380.0,1010.1748523246721,1015.9804549242391,1002.4340488585827,1005.3368501583661,1022.7536579570673,1004.369249725105,40129404202.34482
2022-01-05,S*Mobarakeh Steel,10390.0,10490.0,10330.0,10400.0,277921735720.0,26713888,3902,D,10390.0,10430.0,1005.3368501583661,1015.0128544909779,999.5312475587991,1006.3044505916272,1005.3368501583661,1009.2072518914109,26891719189.53712
2022-01-08,S*Mobarakeh Steel,10400.0,10560.0,10240.0,10360.0,428292717090.0,41338897,5721,D,10400.0,10410.0,1006.3044505916272,1021.7860575238062,990.8228436594486,1002.4340488585827,1006.3044505916272,1007.2720510248885,41441621861.8892
2022-01-09,S*Mobarakeh Steel,10230.0,10300.0,9970.0,10060.0,608531465420.0,60495870,7467,D,10360.0,10070.0,989.8552432261872,996.6284462590156,964.6976319613967,973.4060358607474,1002.4340488585827,974.3736362940084,58881530959.34529
2022-01-10,S*Mobarakeh Steel,10020.0,10180.0,9960.0,10030.0,493990561670.0,49246139,5983,D,10060.0,10060.0,969.5356341277023,985.0172410598814,963.7300315281354,970.5032345609636,973.4060358607474,973.4060358607474,47798548149.882576
2022-01-11,S*Mobarakeh Steel,10180.0,10270.0,10040.0,10100.0,281137128560.0,27833048,4386,D,10030.0,10050.0,985.0172410598814,993.7256449592319,971.470834994225,977.2764375937918,970.5032345609636,972.4384354274858,27202840740.046013
2022-01-12,S*Mobarakeh Steel,10020.0,10180.0,10010.0,10100.0,309719350490.0,30675607,4504,D,10100.0,10040.0,969.5356341277023,985.0172410598814,968.5680336944413,977.2764375937918,977.2764375937918,971.470834994225,29968457772.34953
2022-01-15,S*Mobarakeh Steel,10100.0,10200.0,9970.0,10050.0,586069962480.0,58314729,5826,D,10100.0,10000.0,977.2764375937918,986.9524419264037,964.6976319613967,972.4384354274858,977.2764375937918,967.6004332611802,56708154961.701164
2022-01-16,S*Mobarakeh Steel,10060.0,10100.0,9890.0,9990.0,398099911880.0,39831559,5531,D,10050.0,10030.0,973.4060358607474,977.2764375937918,956.956828495307,966.632832827919,972.4384354274858,970.5032345609636,38520164721.63256
2022-01-17,S*Mobarakeh Steel,10010.0,10100.0,9820.0,9930.0,422461546920.0,42529152,6437,D,9990.0,9940.0,968.5680336944413,977.2764375937918,950.1836254624789,960.8272302283516,966.632832827919,961.794830661613,40877397583.59803
2022-01-18,S*Mobarakeh Steel,9820.0,9830.0,9440.0,9580.0,804643408120.0,83956395,9512,D,9930.0,9540.0,950.1836254624789,951.1512258957401,913.4148089985539,926.9612150642106,960.8272302283516,923.0908133311661,77857331031.76645
2022-01-19,S*Mobarakeh Steel,9620.0,9760.0,9580.0,9620.0,454972319400.0,47305116,6183,D,9580.0,9620.0,930.8316167972554,944.3780228629118,926.9612150642106,930.8316167972554,926.9612150642106,930.8316167972554,44023141337.3284
2022-01-22,S*Mobarakeh Steel,9900.0,10100.0,9840.0,9970.0,581773143490.0,58374900,8085,D,9620.0,9900.0,957.9244289285685,977.2764375937918,952.1188263290013,964.6976319613967,930.8316167972554,957.9244289285685,56292394570.06427
2022-01-23,S*Mobarakeh Steel,9900.0,9900.0,9550.0,9700.0,487277613430.0,50232031,5841,D,9970.0,9650.0,957.9244289285685,957.9244289285685,924.0584137644271,938.5724202633448,964.6976319613967,933.7344180970389,47149002987.33418
2022-01-24,S*Mobarakeh Steel,9600.0,9760.0,9430.0,9560.0,467430062850.0,48904568,6079,D,9700.0,9480.0,928.896415930733,944.3780228629118,912.4472085652928,925.0260141976883,938.5724202633448,917.2852107315988,45228553133.296074
2022-01-25,S*Mobarakeh Steel,9430.0,9650.0,9100.0,9480.0,2935041304130.0,309472216,12985,D,9560.0,9640.0,912.4472085652928,933.7344180970389,880.5163942676738,917.2852107315988,925.0260141976883,932.7668176637778,283994723751.56476
2022-01-26,S*Mobarakeh Steel,9920.0,9950.0,9720.0,9920.0,854013361560.0,86080853,8962,D,9480.0,9950.0,959.8596297950908,962.7624310948743,940.5076211298671,959.8596297950908,917.2852107315988,962.7624310948743,82634369865.6293
2022-01-29,S*Mobarakeh Steel,10240.0,10410.0,10100.0,10390.0,937936824500.0,90300564,6831,D,9920.0,10410.0,990.8228436594486,1007.2720510248885,977.2764375937918,1005.3368501583661,959.8596297950908,1007.2720510248885,90754807775.78157
2022-01-30,S*Mobarakeh Steel,10610.0,10800.0,10520.0,10660.0,1785569560790.0,167499431,13047,D,10390.0,10710.0,1026.6240596901123,1045.0084679220745,1017.9156557907613,1031.4620618564181,1005.3368501583661,1036.300064022724,172771788063.8379
2022-01-31,S*Mobarakeh Steel,10710.0,10900.0,10680.0,10740.0,737877658830.0,68680765,8425,D,10660.0,10760.0,1036.300064022724,1054.6844722546864,1033.3972627229405,1039.2028653225075,1031.4620618564181,1041.1380661890298,71397074237.76534
2022-02-01,S*Mobarakeh Steel,10850.0,10850.0,10740.0,10760.0,1356344340400.0,126077575,6991,D,10740.0,10750.0,1049.8464700883803,1049.8464700883803,1039.2028653225075,1041.1380661890298,1039.2028653225075,1040.1704657557686,131239937142.23895
2022-02-02,S*Mobarakeh Steel,10760.0,10830.0,10760.0,10790.0,1028977288330.0,95405420,6633,D,10760.0,10820.0,1041.1380661890298,1047.9112692218582,1041.1380661890298,1044.0408674888133,1041.1380661890298,1046.9436687885968,99563887000.40225
2022-02-05,S*Mobarakeh Steel,10800.0,10840.0,10790.0,10810.0,1196976783620.0,110739404,6628,D,10790.0,10830.0,1045.0084679220745,1048.8788696551192,1044.0408674888133,1045.9760683553357,1044.0408674888133,1047.9112692218582,115819525443.42859
2022-02-06,S*Mobarakeh Steel,10810.0,10820.0,10310.0,10670.0,3949281623610.0,370043527,14669,D,10810.0,10550.0,1045.9760683553357,1046.9436687885968,997.5960466922768,1032.4296622896788,1045.9760683553357,1020.818457090545,382132661007.5452
2022-02-07,S*Mobarakeh Steel,10340.0,10540.0,10340.0,10440.0,521430293760.0,49945065,3981,D,10670.0,10440.0,1000.4988479920603,1019.8508566572838,1000.4988479920603,1010.1748523246721,1032.4296622896788,1010.1748523246721,50453617815.76804
2022-02-08,S*Mobarakeh Steel,10440.0,10500.0,10210.0,10390.0,657432709470.0,63260500,4967,D,10440.0,10280.0,1010.1748523246721,1015.9804549242391,987.9200423596648,1005.3368501583661,1010.1748523246721,994.6932453924929,63613217452.32435
2022-02-09,S*Mobarakeh Steel,10310.0,10490.0,10080.0,10330.0,633146443170.0,61317877,8068,D,10390.0,10480.0,997.5960466922768,1015.0128544909779,975.3412367272696,999.5312475587991,1005.3368501583661,1014.0452540577169,61263277272.90671
2022-02-12,S*Mobarakeh Steel,10410.0,10500.0,10140.0,10260.0,354383023030.0,34530073,4678,D,10330.0,10210.0,1007.2720510248885,1015.9804549242391,981.1468393268368,992.7580445259711,999.5312475587991,987.9200423596648,34290116662.423477
2022-02-13,S*Mobarakeh Steel,10140.0,10260.0,10100.0,10220.0,572751114150.0,56030732,3761,D,10260.0,10210.0,981.1468393268368,992.7580445259711,977.2764375937918,988.8876427929259,992.7580445259711,987.9200423596648,55419422620.23637
2022-02-14,S*Mobarakeh Steel,10380.0,10580.0,10300.0,10480.0,680100878470.0,64920148,6077,D,10220.0,10560.0,1004.369249725105,1023.7212583903284,996.6284462590156,1014.0452540577169,988.8876427929259,1021.7860575238062,65806590466.88812
2022-02-16,S*Mobarakeh Steel,10540.0,10610.0,10470.0,10490.0,560893826600.0,53472515,4437,D,10480.0,10490.0,1019.8508566572838,1026.6240596901123,1013.0776536244558,1015.0128544909779,1014.0452540577169,1015.0128544909779,54272110963.16813
2022-02-19,S*Mobarakeh Steel,10490.0,10500.0,10470.0,10490.0,985779027570.0,93975742,5003,D,10490.0,10490.0,1015.0128544909779,1015.9804549242391,1013.0776536244558,1015.0128544909779,1015.0128544909779,1015.0128544909779,95384021417.65167
2022-02-20,S*Mobarakeh Steel,10500.0,10510.0,10470.0,10490.0,722905289170.0,68904742,4368,D,10490.0,10500.0,1015.9804549242391,1016.9480553575004,1013.0776536244558,1015.0128544909779,1015.0128544909779,1015.9804549242391,69948347100.76906
2022-02-21,S*Mobarakeh Steel,10490.0,10490.0,10260.0,10360.0,423369359080.0,40848872,6366,D,10490.0,10300.0,1015.0128544909779,1015.0128544909779,992.7580445259711,1002.4340488585827,1015.0128544909779,996.6284462590156,40965237527.53162
2022-02-22,S*Mobarakeh Steel,10410.0,10460.0,10330.0,10400.0,661966522200.0,63647744,5350,D,10360.0,10450.0,1007.2720510248885,1012.1100531911942,999.5312475587991,1006.3044505916272,1002.4340488585827,1011.1424527579331,64051909368.51167
2022-02-23,S*Mobarakeh Steel,10400.0,10470.0,10390.0,10400.0,457519403850.0,43979966,3814,D,10400.0,10410.0,1006.3044505916272,1013.0776536244558,1005.3368501583661,1006.3044505916272,1006.3044505916272,1007.2720510248885,44269597339.065674
2022-02-26,S*Mobarakeh Steel,10400.0,10410.0,10070.0,10240.0,447416954160.0,43711296,5928,D,10400.0,10130.0,1006.3044505916272,1007.2720510248885,974.3736362940084,990.8228436594486,1006.3044505916272,980.1792388935755,43292083869.36136
2022-02-27,S*Mobarakeh Steel,10100.0,10190.0,10000.0,10050.0,324651256690.0,32296255,5692,D,10240.0,10080.0,977.2764375937918,985.9848414931424,967.6004332611802,972.4384354274858,990.8228436594486,975.3412367272696,31413269663.20306
2022-02-28,S*Mobarakeh Steel,10010.0,10210.0,10010.0,10110.0,385260930410.0,38119433,5355,D,10050.0,10100.0,968.5680336944413,987.9200423596648,968.5680336944413,978.2440380270529,972.4384354274858,977.2764375937918,37277864318.33213
2022-03-02,S*Mobarakeh Steel,10160.0,10180.0,10020.0,10070.0,257174086580.0,25550776,4557,D,10110.0,10040.0,983.0820401933587,985.0172410598814,969.5356341277023,974.3736362940084,978.2440380270529,971.470834994225,24884175759.835625
2022-03-05,S*Mobarakeh Steel,10100.0,10360.0,10070.0,10170.0,672276197350.0,66073828,7225,D,10070.0,10330.0,977.2764375937918,1002.4340488585827,974.3736362940084,984.0496406266203,974.3736362940084,999.5312475587991,65049473982.703865
2022-03-06,S*Mobarakeh Steel,10350.0,10670.0,10320.0,10590.0,1786604993480.0,168635516,12189,D,10170.0,10670.0,1001.4664484253216,1032.4296622896788,998.5636471255381,1024.6888588235897,984.0496406266203,1032.4296622896788,172871976575.78363
2022-03-07,S*Mobarakeh Steel,10710.0,10960.0,10560.0,10740.0,792671971160.0,73826403,8636,D,10590.0,10650.0,1036.300064022724,1060.4900748542532,1021.7860575238062,1039.2028653225075,1024.6888588235897,1030.494461423157,76698974272.84097
2022-03-08,S*Mobarakeh Steel,10620.0,10650.0,10420.0,10530.0,533906737770.0,50706125,5465,D,10740.0,10550.0,1027.5916601233732,1030.494461423157,1008.2396514581496,1018.8832562240228,1039.2028653225075,1020.818457090545,51660839078.73153
2022-03-09,S*Mobarakeh Steel,10470.0,10790.0,10470.0,10590.0,661008588490.0,62395650,5895,D,10530.0,10550.0,1013.0776536244558,1044.0408674888133,1013.0776536244558,1024.6888588235897,1018.8832562240228,1020.818457090545,63959219661.22851
2022-03-12,S*Mobarakeh Steel,10540.0,10610.0,10360.0,10470.0,594572532040.0,56776747,5778,D,10590.0,10440.0,1019.8508566572838,1026.6240596901123,1002.4340488585827,1013.0776536244558,1024.6888588235897,1010.1748523246721,57530863960.710075
2022-03-13,S*Mobarakeh Steel,10340.0,10630.0,10310.0,10510.0,505428624450.0,48103494,4904,D,10470.0,10470.0,1000.4988479920603,1028.5592605566344,997.5960466922768,1016.9480553575004,1013.0776536244558,1013.0776536244558,48905295600.04223
2022-03-14,S*Mobarakeh Steel,10460.0,10580.0,10460.0,10520.0,393552927480.0,37398632,3885,D,10510.0,10520.0,1012.1100531911942,1023.7212583903284,1012.1100531911942,1017.9156557907613,1016.9480553575004,1017.9156557907613,38080198314.08539
2022-03-15,S*Mobarakeh Steel,10520.0,10590.0,10450.0,10520.0,448239269510.0,42623906,3934,D,10520.0,10520.0,1017.9156557907613,1024.6888588235897,1011.1424527579331,1017.9156557907613,1017.9156557907613,1017.9156557907613,43371651138.25509
2022-03-16,S*Mobarakeh Steel,10520.0,10750.0,10500.0,10670.0,332493105390.0,31151156,4262,D,10520.0,10700.0,1017.9156557907613,1040.1704657557686,1015.9804549242391,1032.4296622896788,1017.9156557907613,1035.3324635894628,32172047283.171925
2022-03-19,S*Mobarakeh Steel,10780.0,11060.0,10770.0,10940.0,592879371170.0,54184282,6637,D,10670.0,11020.0,1043.0732670555524,1070.1660791868653,1042.1056666222912,1058.554873987731,1032.4296622896788,1066.2956774538204,57367033641.57081
2022-03-26,S*Mobarakeh Steel,11400.0,11480.0,11100.0,11440.0,1433610233860.0,125349807,8955,D,10940.0,11480.0,1103.0644939177455,1110.8052973838348,1074.0364809199102,1106.93489565079,1058.554873987731,1110.8052973838348,138716188341.05978
2022-03-27,S*Mobarakeh Steel,11570.0,11850.0,11460.0,11670.0,997204363580.0,85471309,10221,D,11440.0,11720.0,1119.5137012831856,1146.6065134144985,1108.8700965173123,1129.1897056157973,1106.93489565079,1134.0277077821033,96489537424.99474
2022-03-28,S*Mobarakeh Steel,11750.0,11940.0,11620.0,11750.0,697502208570.0,59376845,8237,D,11670.0,11790.0,1136.9305090818868,1155.3149173138493,1124.3517034494912,1136.9305090818868,1129.1897056157973,1140.8009108149315,67490343921.2962
2022-03-29,S*Mobarakeh Steel,11850.0,11850.0,11410.0,11510.0,826642407970.0,71795937,8666,D,11750.0,11420.0,1146.6065134144985,1146.6065134144985,1104.0320943510062,1113.7080986836181,1136.9305090818868,1104.9996947842678,79985955210.38371
2022-03-30,S*Mobarakeh Steel,11420.0,11700.0,11310.0,11610.0,410813406180.0,35378688,5410,D,11510.0,11680.0,1104.9996947842678,1132.092506915581,1094.3560900183948,1123.3841030162303,1113.7080986836181,1130.1573060490584,39750322980.92692
2022-04-03,S*Mobarakeh Steel,11780.0,12190.0,11650.0,12160.0,1786374089940.0,146890520,9301,D,11610.0,12190.0,1139.8333103816701,1179.5049281453785,1127.254504749275,1176.6021268455947,1123.3841030162303,1179.5049281453785,172849634339.24905
2022-04-04,S*Mobarakeh Steel,12670.0,12670.0,12020.0,12360.0,2841988819840.0,229946162,18851,D,12160.0,12150.0,1225.9497489419152,1225.9497489419152,1163.0557207799388,1195.9541355108188,1176.6021268455947,1175.6345264123336,274990961340.0614
2022-04-05,S*Mobarakeh Steel,12200.0,12420.0,12010.0,12300.0,1268017210000.0,103074692,11113,D,12360.0,12280.0,1180.4725285786396,1201.7597381103858,1162.0881203466772,1190.1485329112516,1195.9541355108188,1188.2133320447294,122693400177.86327
2022-04-06,S*Mobarakeh Steel,12280.0,12370.0,11940.0,12060.0,865448665660.0,71742464,9884,D,12300.0,11960.0,1188.2133320447294,1196.9217359440797,1155.3149173138493,1166.9261225129828,1190.1485329112516,1157.2501181803716,83740850385.79265
2022-04-09,S*Mobarakeh Steel,11850.0,12100.0,11670.0,11980.0,590238726840.0,49277413,6963,D,12060.0,12000.0,1146.6065134144985,1170.7965242460277,1129.1897056157973,1159.1853190468937,1166.9261225129828,1161.1205199134163,57111524781.79113
2022-04-10,S*Mobarakeh Steel,12060.0,12330.0,12060.0,12220.0,753425183250.0,61678908,6930,D,11980.0,12160.0,1166.9261225129828,1193.051334211035,1166.9261225129828,1182.4077294451622,1159.1853190468937,1176.6021268455947,72901453374.2584
2022-04-11,S*Mobarakeh Steel,12230.0,12330.0,12210.0,12260.0,650129511990.0,53011076,6513,D,12220.0,12330.0,1183.3753298784236,1193.051334211035,1181.440129011901,1186.2781311782069,1182.4077294451622,1193.051334211035,62906559747.74036
2022-04-12,S*Mobarakeh Steel,11800.0,11930.0,11650.0,11680.0,2079809754780.0,178129847,14148,D,12260.0,11650.0,1141.7685112481922,1154.3473168805876,1127.254504749275,1130.1573060490584,1186.2781311782069,1127.254504749275,201242481982.59567
2022-04-13,S*Mobarakeh Steel,11570.0,11970.0,11570.0,11860.0,686884180610.0,57938049,6783,D,11680.0,11950.0,1119.5137012831856,1158.217718613633,1119.5137012831856,1147.5741138477597,1130.1573060490584,1156.28251774711,66462943075.84867
2022-04-16,S*Mobarakeh Steel,11900.0,12080.0,11870.0,11990.0,707921181350.0,59035946,6469,D,11860.0,12010.0,1151.4445155808041,1168.8613233795058,1148.5417142810209,1160.1529194801547,1147.5741138477597,1162.0881203466772,68498484178.90264
2022-04-17,S*Mobarakeh Steel,12000.0,12070.0,11800.0,11990.0,927699208860.0,77393649,8126,D,11990.0,12050.0,1161.1205199134163,1167.8937229462442,1141.7685112481922,1160.1529194801547,1160.1529194801547,1165.958522079722,89764215642.89902
2022-04-20,S*Mobarakeh Steel,12110.0,12140.0,12000.0,12080.0,448167793640.0,37106890,3902,D,11990.0,12130.0,1171.7641246792891,1174.6669259790729,1161.1205199134163,1168.8613233795058,1160.1529194801547,1173.6993255458115,43364735129.97712
2022-04-24,S*Mobarakeh Steel,12240.0,12240.0,11790.0,11910.0,602160681570.0,50561981,7452,D,12080.0,12000.0,1184.3429303116845,1184.3429303116845,1140.8009108149315,1152.4121160140655,1168.8613233795058,1161.1205199134163,58265093637.99795
2022-04-25,S*Mobarakeh Steel,11840.0,12200.0,11820.0,12050.0,981254892590.0,81443515,7174,D,11910.0,12100.0,1145.6389129812374,1180.4725285786396,1143.7037121147148,1165.958522079722,1152.4121160140655,1170.7965242460277,94946265920.97368
2022-04-26,S*Mobarakeh Steel,12060.0,12200.0,12010.0,12090.0,772071684210.0,63858219,8023,D,12050.0,12090.0,1166.9261225129828,1180.4725285786396,1162.0881203466772,1169.8289238127666,1165.958522079722,1169.8289238127666,74705689615.02852
2022-04-27,S*Mobarakeh Steel,12100.0,12150.0,11980.0,12080.0,930332329500.0,77016131,8354,D,12090.0,12100.0,1170.7965242460277,1175.6345264123336,1159.1853190468937,1168.8613233795058,1169.8289238127666,1170.7965242460277,90018996510.10832
2022-04-30,S*Mobarakeh Steel,12070.0,12070.0,11900.0,11960.0,649714786520.0,54328105,7700,D,12080.0,11930.0,2113.887638532702,2113.887638532702,2084.1145732012556,2094.6227139064727,2115.6389953169055,2089.368643553864,113788239916.86343
2022-05-01,S*Mobarakeh Steel,11900.0,11990.0,11790.0,11880.0,613960835590.0,51692308,6607,D,11960.0,11900.0,2084.1145732012556,2099.87678425908,2064.849648575026,2080.61185963285,2094.6227139064727,2084.1145732012556,107526447464.53271
2022-05-02,S*Mobarakeh Steel,11810.0,11880.0,11740.0,11770.0,704561265630.0,59839168,7545,D,11880.0,11790.0,2068.3523621434315,2080.61185963285,2056.0928646540124,2061.3469350066202,2080.61185963285,2064.849648575026,123393815244.75664
2022-05-07,S*Mobarakeh Steel,11780.0,11970.0,11750.0,11820.0,794385268610.0,67222216,8397,D,11770.0,11850.0,2063.098291790823,2096.3740706906756,2057.8442214382153,2070.103718927634,2061.3469350066202,2075.3577892802423,139125202945.08365
2022-05-08,S*Mobarakeh Steel,11820.0,12180.0,11820.0,12050.0,897416123440.0,74499497,9796,D,11820.0,12170.0,2070.103718927634,2133.1525631589325,2070.103718927634,2110.3849249642967,2070.103718927634,2131.40120637473,157169581603.9564
2022-05-09,S*Mobarakeh Steel,12180.0,12180.0,11780.0,11940.0,1079179711070.0,90397371,9046,D,12050.0,11940.0,2133.1525631589325,2133.1525631589325,2063.098291790823,2091.1200003380673,2110.3849249642967,2091.1200003380673,189002870835.6393
2022-05-10,S*Mobarakeh Steel,11940.0,11970.0,11820.0,11890.0,472764804680.0,39754507,5574,D,11940.0,11830.0,2091.1200003380673,2096.3740706906756,2070.103718927634,2082.363216417053,2091.1200003380673,2071.855075711837,82797984800.85995
2022-05-11,S*Mobarakeh Steel,11890.0,12240.0,11850.0,12120.0,892010616450.0,73623774,7609,D,11890.0,12090.0,2082.363216417053,2143.660703864149,2075.3577892802423,2122.644422453716,2082.363216417053,2117.3903521011075,156222884470.05722
2022-05-14,S*Mobarakeh Steel,12220.0,12470.0,12050.0,12160.0,926593642590.0,76201024,9297,D,12120.0,12130.0,2140.1579902957437,2183.9419099008114,2110.3849249642967,2129.6498495905266,2122.644422453716,2124.3957792379188,162279606214.91217
2022-05-15,S*Mobarakeh Steel,12190.0,12240.0,11910.0,12090.0,652464801480.0,53947704,7845,D,12160.0,12180.0,2134.903919943135,2143.660703864149,2085.8659299854585,2117.3903521011075,2129.6498495905266,2133.1525631589325,114269865652.54895
2022-05-16,S*Mobarakeh Steel,12100.0,12620.0,12090.0,12320.0,1664959495750.0,135088447,15602,D,12090.0,12500.0,2119.1417088853104,2210.212261663853,2117.3903521011075,2157.6715581377707,2117.3903521011075,2189.19598025342,291593810830.45294
2022-05-17,S*Mobarakeh Steel,12700.0,12890.0,12550.0,12770.0,1938810881620.0,151834110,16825,D,12320.0,12590.0,2224.223115937475,2257.4988948373266,2197.9527641744344,2236.482613426894,2157.6715581377707,2204.9581913112447,339554959081.1274
2022-05-18,S*Mobarakeh Steel,12630.0,12830.0,12510.0,12690.0,930343913810.0,73293898,9650,D,12770.0,12750.0,2211.9636184480555,2246.9907541321104,2190.9473370376227,2222.4717591532726,2236.482613426894,2232.9798998584884,162936412509.2869
2022-05-21,S*Mobarakeh Steel,12590.0,12660.0,12250.0,12550.0,770988228260.0,61424001,7022,D,12690.0,12540.0,2204.9581913112447,2217.217688800664,2145.4120606483516,2197.9527641744344,2222.4717591532726,2196.2014073902305,135027546410.35985
2022-05-22,S*Mobarakeh Steel,12560.0,12600.0,12400.0,12540.0,1129884635110.0,90110710,7097,D,12550.0,12560.0,2199.704120958637,2206.709548095447,2171.6824124113923,2196.2014073902305,2197.9527641744344,2199.704120958637,197883112106.63318
2022-05-23,S*Mobarakeh Steel,12550.0,12580.0,12270.0,12400.0,1245281441210.0,100386697,8431,D,12540.0,12330.0,2197.9527641744344,2203.2068345270413,2148.914774216757,2171.6824124113923,2196.2014073902305,2159.4229149219736,218093210030.48947
2022-05-24,S*Mobarakeh Steel,12390.0,12390.0,12180.0,12260.0,1004115118710.0,81883317,6780,D,12400.0,12290.0,2169.9310556271903,2169.9310556271903,2133.1525631589325,2147.1634174325545,2171.6824124113923,2152.417487785163,175856382527.32947
2022-05-25,S*Mobarakeh Steel,12260.0,12280.0,11950.0,12110.0,1006676062960.0,83136147,10114,D,12260.0,12120.0,2147.1634174325545,2150.6661310009604,2092.8713571222693,2120.8930656695134,2147.1634174325545,2122.644422453716,176304895235.94965
2022-05-28,S*Mobarakeh Steel,12120.0,12250.0,11750.0,11960.0,804835573370.0,67288466,8097,D,12110.0,11980.0,2122.644422453716,2145.4120606483516,2057.8442214382153,2094.6227139064727,2120.8930656695134,2098.1254274748776,140955424158.92484
2022-05-29,S*Mobarakeh Steel,11820.0,11890.0,11580.0,11730.0,699489000490.0,59616472,6863,D,11960.0,11780.0,2070.103718927634,2082.363216417053,2028.0711561067683,2054.341507869809,2094.6227139064727,2063.098291790823,122505480648.33525
2022-05-30,S*Mobarakeh Steel,11800.0,11930.0,11680.0,11750.0,661385948440.0,56275815,6326,D,11730.0,11760.0,2066.601005359228,2089.368643553864,2045.5847239487957,2057.8442214382153,2054.341507869809,2059.5955782224178,115832276777.67549
2022-05-31,S*Mobarakeh Steel,11770.0,11900.0,11600.0,11750.0,334700160320.0,28475982,5298,D,11750.0,11700.0,2061.3469350066202,2084.1145732012556,2031.573869675174,2057.8442214382153,2057.8442214382153,2049.0874375172016,58617939645.01753
2022-06-06,S*Mobarakeh Steel,11480.0,11480.0,11020.0,11280.0,702837327640.0,62333539,6488,D,11750.0,11480.0,2010.5575882647413,2010.5575882647413,1929.995176191415,1975.5304525806866,2057.8442214382153,2010.5575882647413,123091892195.32352
2022-06-07,S*Mobarakeh Steel,11340.0,11340.0,11150.0,11280.0,897226190540.0,79572207,7000,D,11280.0,11270.0,1986.0385932859024,1986.0385932859024,1952.7628143860506,1975.5304525806866,1975.5304525806866,1973.7790957964837,157136317576.66055
2022-06-08,S*Mobarakeh Steel,11360.0,11360.0,11250.0,11290.0,569448226590.0,50448912,4284,D,11280.0,11310.0,1989.5413068543085,1989.5413068543085,1970.276382228078,1977.2818093648887,1975.5304525806866,1980.7845229332947,99730701489.06133
2022-06-11,S*Mobarakeh Steel,11260.0,11340.0,11150.0,11290.0,687301209400.0,60888112,6432,D,11290.0,11310.0,1972.027739012281,1986.0385932859024,1952.7628143860506,1977.2818093648887,1977.2818093648887,1980.7845229332947,120370963587.34355
2022-06-12,S*Mobarakeh Steel,11300.0,11700.0,11200.0,11460.0,817716551880.0,71378541,7088,D,11290.0,11540.0,1979.0331661490918,2049.0874375172016,1961.5195983070644,2007.0548746963352,1977.2818093648887,2021.0657289699577,143211343068.99066
2022-06-13,S*Mobarakeh Steel,11600.0,12100.0,11600.0,11820.0,1263478092340.0,106858966,10013,D,11460.0,11660.0,2031.573869675174,2119.1417088853104,2031.573869675174,2070.103718927634,2007.0548746963352,2042.0820103803906,221280092871.11896
2022-06-14,S*Mobarakeh Steel,11750.0,11910.0,11640.0,11820.0,790861577530.0,66911238,5887,D,11820.0,11820.0,2057.8442214382153,2085.8659299854585,2038.579296811985,2070.103718927634,2070.103718927634,2070.103718927634,138508078917.24435
2022-06-15,S*Mobarakeh Steel,11730.0,11990.0,11580.0,11710.0,454047359480.0,38764404,5093,D,11820.0,11820.0,2054.341507869809,2099.87678425908,2028.0711561067683,2050.838794301404,2070.103718927634,2070.103718927634,79519892337.46365
2022-06-18,S*Mobarakeh Steel,11650.0,11750.0,11550.0,11610.0,704542762480.0,60658889,5815,D,11710.0,11700.0,2040.3306535961876,2057.8442214382153,2022.8170857541602,2033.3252264593768,2050.838794301404,2049.0874375172016,123390574683.02852
2022-06-19,S*Mobarakeh Steel,11660.0,11740.0,11560.0,11610.0,526781701680.0,45368856,4662,D,11610.0,11610.0,2042.0820103803906,2056.0928646540124,2024.5684425383627,2033.3252264593768,2033.3252264593768,2033.3252264593768,92258270703.113
2022-06-20,S*Mobarakeh Steel,11590.0,11740.0,11580.0,11620.0,578398022780.0,49782910,4561,D,11610.0,11610.0,2029.8225128909708,2056.0928646540124,2028.0711561067683,2035.0765832435793,2033.3252264593768,2033.3252264593768,101298130116.52016
2022-06-21,S*Mobarakeh Steel,11580.0,11610.0,11460.0,11550.0,492497000270.0,42656631,4072,D,11620.0,11480.0,2028.0711561067683,2033.3252264593768,2007.0548746963352,2022.8170857541602,2035.0765832435793,2010.5575882647413,86253796262.23615
2022-06-22,S*Mobarakeh Steel,11460.0,11550.0,11310.0,11440.0,492403236100.0,43038062,4235,D,11550.0,11470.0,2007.0548746963352,2022.8170857541602,1980.7845229332947,2003.5521611279298,2022.8170857541602,2008.8062314805384,86237374810.71167
2022-06-25,S*Mobarakeh Steel,11320.0,11320.0,11070.0,11150.0,899157015470.0,80665442,8481,D,11440.0,11080.0,1982.5358797174972,1982.5358797174972,1938.7519601124288,1952.7628143860506,2003.5521611279298,1940.5033168966313,157474473910.68692
2022-06-26,S*Mobarakeh Steel,11110.0,11120.0,10750.0,10890.0,831277934730.0,76316596,6732,D,11150.0,10790.0,1945.7573872492399,1947.5087440334426,1882.708543017941,1907.22753799678,1952.7628143860506,1889.7139701547521,145586425054.7425
2022-06-27,S*Mobarakeh Steel,10800.0,10950.0,10780.0,10890.0,921595286720.0,84656585,6689,D,10890.0,10900.0,1891.4653269389548,1917.735678701996,1887.9626133705497,1907.22753799678,1907.22753799678,1908.9788947809823,161404215768.63376
2022-06-28,S*Mobarakeh Steel,10910.0,11050.0,10880.0,10930.0,490102602240.0,44829513,5085,D,10890.0,10920.0,1910.7302515651852,1935.2492465440228,1905.4761812125764,1914.2329651335904,1907.22753799678,1912.4816083493877,85834451738.8439
2022-06-29,S*Mobarakeh Steel,10920.0,10970.0,10900.0,10940.0,397507695690.0,36334015,3670,D,10930.0,10930.0,1912.4816083493877,1921.2383922704014,1908.9788947809823,1915.9843219177933,1914.2329651335904,1914.2329651335904,69617779961.94781
2022-07-02,S*Mobarakeh Steel,10900.0,10930.0,10660.0,10830.0,433993062960.0,40088493,5029,D,10940.0,10710.0,1908.9788947809823,1914.2329651335904,1866.9463319601168,1896.7193972915634,1915.9843219177933,1875.7031158811305,76007669511.19212
2022-07-03,S*Mobarakeh Steel,10820.0,10840.0,10630.0,10800.0,313663612400.0,29044751,3937,D,10830.0,10840.0,1894.9680405073602,1898.4707540757659,1861.6922616075085,1891.4653269389548,1896.7193972915634,1898.4707540757659,54933689553.42773
2022-07-04,S*Mobarakeh Steel,10830.0,10900.0,10760.0,10800.0,300999911850.0,27861189,3696,D,10800.0,10790.0,1896.7193972915634,1908.9788947809823,1884.459899802144,1891.4653269389548,1891.4653269389548,1889.7139701547521,52715823766.29231
2022-07-05,S*Mobarakeh Steel,10830.0,11100.0,10790.0,10980.0,661146645770.0,60218627,6538,D,10800.0,10990.0,1896.7193972915634,1944.0060304650374,1889.7139701547521,1922.989749054604,1891.4653269389548,1924.7411058388066,115790366342.21727
2022-07-06,S*Mobarakeh Steel,10960.0,11220.0,10930.0,11040.0,953796275290.0,86387594,6988,D,10980.0,10930.0,1919.4870354861985,1965.0223118754698,1914.2329651335904,1933.4978897598203,1922.989749054604,1914.2329651335904,167043757747.6442
2022-07-09,S*Mobarakeh Steel,10990.0,11300.0,10950.0,11100.0,760908375230.0,68566315,5962,D,11040.0,10990.0,1924.7411058388066,1979.0331661490918,1917.735678701996,1944.0060304650374,1933.4978897598203,1924.7411058388066,133262204511.57417
2022-07-11,S*Mobarakeh Steel,11280.0,11660.0,11210.0,11400.0,1298308235010.0,113911578,13596,D,11100.0,11300.0,1975.5304525806866,2042.0820103803906,1963.2709550912675,1996.5467339911193,1944.0060304650374,1979.0331661490918,227380093537.10437
2022-07-12,S*Mobarakeh Steel,11300.0,11460.0,11200.0,11370.0,850160009150.0,74778647,6903,D,11400.0,11370.0,1979.0331661490918,2007.0548746963352,1961.5195983070644,1991.292663638511,1996.5467339911193,1991.292663638511,148893349968.27127
2022-07-13,S*Mobarakeh Steel,11400.0,11500.0,11200.0,11310.0,512431333470.0,45327426,5997,D,11370.0,11370.0,1996.5467339911193,2014.0603018331465,1961.5195983070644,1980.7845229332947,1991.292663638511,1991.292663638511,89745009231.07391
2022-07-16,S*Mobarakeh Steel,11370.0,11370.0,10910.0,11080.0,533033432680.0,48110092,6433,D,11310.0,11030.0,1991.292663638511,1991.292663638511,1910.7302515651852,1940.5033168966313,1980.7845229332947,1931.7465329756176,93353171853.09903
2022-07-17,S*Mobarakeh Steel,11090.0,11090.0,10910.0,10990.0,547339174940.0,49798334,6205,D,11080.0,10990.0,1942.2546736808345,1942.2546736808345,1910.7302515651852,1924.7411058388066,1940.5033168966313,1924.7411058388066,95858617729.10971
2022-07-24,S*Mobarakeh Steel,10990.0,10990.0,10710.0,10930.0,300910282970.0,27535444,1413,D,10990.0,10830.0,1924.7411058388066,1924.7411058388066,1875.7031158811305,1914.2329651335904,1924.7411058388066,1896.7193972915634,52700126551.58745
2022-07-25,S*Mobarakeh Steel,10890.0,10930.0,10500.0,10690.0,727470113390.0,68029792,7488,D,10930.0,10540.0,1907.22753799678,1914.2329651335904,1838.9246234128727,1872.2004023127245,1914.2329651335904,1845.9300505496838,127405971839.03102
2022-07-26,S*Mobarakeh Steel,10600.0,10760.0,10600.0,10690.0,490729649870.0,45920539,4829,D,10690.0,10680.0,1856.4381912549004,1884.459899802144,1856.4381912549004,1872.2004023127245,1872.2004023127245,1870.4490455285224,85944270150.9258
2022-07-27,S*Mobarakeh Steel,10700.0,11090.0,10680.0,10930.0,490874652810.0,44930484,5716,D,10690.0,10930.0,1873.9517590969278,1942.2546736808345,1870.4490455285224,1914.2329651335904,1872.2004023127245,1914.2329651335904,85969665339.19562
2022-07-30,S*Mobarakeh Steel,10980.0,11170.0,10840.0,11040.0,540332728400.0,48954520,6181,D,10930.0,10890.0,1922.989749054604,1956.2655279544558,1898.4707540757659,1933.4978897598203,1914.2329651335904,1907.22753799678,94631538961.01144
2022-07-31,S*Mobarakeh Steel,10830.0,11370.0,10690.0,11170.0,1661850318610.0,148767350,13410,D,11040.0,11350.0,2241.9466965844604,2353.733512480638,2212.9649295002655,2312.330988074646,2285.4193472107513,2349.593260040039,344023991876.7795
2022-08-09,S*Mobarakeh Steel,5470.0,5500.0,5390.0,5460.0,692060828940.0,126831611,6913,D,5240.0,5500.0,1132.3590425038778,1138.5694211647765,1115.7980327414812,1130.2889162835781,1084.7461394369873,1138.5694211647765,143265326803.0966
2022-08-10,S*Mobarakeh Steel,5590.0,5600.0,5480.0,5520.0,542781015750.0,98255194,8348,D,5460.0,5520.0,1157.200557147473,1159.2706833677726,1134.4291687241773,1142.7096736053757,1130.2889162835781,1142.7096736053757,112362521258.49219
2022-08-13,S*Mobarakeh Steel,5520.0,5850.0,5500.0,5780.0,864611493990.0,149535604,9910,D,5520.0,5810.0,1142.7096736053757,1211.0238388752625,1138.5694211647765,1196.532955333165,1142.7096736053757,1202.743333994064,178985492408.11035
2022-08-14,S*Mobarakeh Steel,5850.0,5850.0,5650.0,5740.0,354087102070.0,61677930,5739,D,5780.0,5720.0,1211.0238388752625,1211.0238388752625,1169.6213144692706,1188.252450451967,1196.532955333165,1184.1121980113676,73300499426.50055
2022-08-15,S*Mobarakeh Steel,5720.0,5750.0,5600.0,5670.0,395085094000.0,69689904,5627,D,5740.0,5690.0,1184.1121980113676,1190.3225766722665,1159.2706833677726,1173.7615669098695,1188.252450451967,1177.901819350469,81787601233.89297
2022-08-16,S*Mobarakeh Steel,5730.0,5730.0,5510.0,5600.0,303613535090.0,54168816,5039,D,5670.0,5590.0,1186.182324231667,1186.182324231667,1140.6395473850762,1159.2706833677726,1173.7615669098695,1157.200557147473,62851833982.765976
2022-08-17,S*Mobarakeh Steel,5600.0,5650.0,5500.0,5560.0,423917045370.0,76206181,5200,D,5600.0,5540.0,1159.2706833677726,1169.6213144692706,1138.5694211647765,1150.9901784865742,1159.2706833677726,1146.8499260459748,87756179085.23695
2022-08-21,S*Mobarakeh Steel,5420.0,5450.0,5400.0,5420.0,351314262970.0,64793800,2068,D,5560.0,5430.0,1122.0084114023798,1128.2187900632787,1117.8681589617806,1122.0084114023798,1150.9901784865742,1124.0785376226795,72726486733.94238
2022-08-22,S*Mobarakeh Steel,5420.0,5420.0,5240.0,5310.0,621874298380.0,117052411,8497,D,5420.0,5290.0,1122.0084114023798,1122.0084114023798,1084.7461394369873,1099.2370229790843,1122.0084114023798,1095.096770538485,128735829080.68512
2022-08-23,S*Mobarakeh Steel,5230.0,5340.0,5220.0,5270.0,329122689880.0,62393229,6703,D,5310.0,5280.0,1082.6760132166874,1105.4474016399834,1080.605886996388,1090.956518097886,1099.2370229790843,1093.0266443181856,68132551001.61198
2022-08-24,S*Mobarakeh Steel,5330.0,5370.0,5280.0,5330.0,365888068740.0,68699416,5303,D,5270.0,5330.0,1103.3772754196837,1111.657780300882,1093.0266443181856,1103.3772754196837,1090.956518097886,1103.3772754196837,75743448479.3454
2022-08-27,S*Mobarakeh Steel,5380.0,5380.0,5300.0,5330.0,275201828410.0,51647450,5280,D,5330.0,5320.0,1113.7279065211815,1113.7279065211815,1097.1668967587848,1103.3772754196837,1103.3772754196837,1101.3071491993837,56970252086.59306
2022-08-28,S*Mobarakeh Steel,5350.0,5350.0,5240.0,5270.0,260408946750.0,49398850,4191,D,5330.0,5260.0,1107.5175278602828,1107.5175278602828,1084.7461394369873,1090.956518097886,1103.3772754196837,1088.8863918775862,53907938866.77758
2022-08-29,S*Mobarakeh Steel,5270.0,5280.0,5200.0,5230.0,261650169900.0,50011302,5179,D,5270.0,5210.0,1090.956518097886,1093.0266443181856,1076.4656345557887,1082.6760132166874,1090.956518097886,1078.5357607760884,54164887725.58335
2022-08-30,S*Mobarakeh Steel,5200.0,5280.0,5130.0,5170.0,234455073430.0,45326522,5325,D,5230.0,5130.0,1076.4656345557887,1093.0266443181856,1061.974751013692,1070.25525589489,1082.6760132166874,1061.974751013692,48535159498.97098
2022-08-31,S*Mobarakeh Steel,5160.0,5190.0,5120.0,5140.0,185444802610.0,36092715,3911,D,5170.0,5120.0,1068.1851296745906,1074.3955083354892,1059.9046247933923,1064.044877233991,1070.25525589489,1059.9046247933923,38389414830.12436
2022-09-03,S*Mobarakeh Steel,5120.0,5170.0,5020.0,5090.0,331643846300.0,65174611,5148,D,5140.0,5080.0,1059.9046247933923,1070.25525589489,1039.2033625903962,1053.6942461324932,1064.044877233991,1051.6241199121935,68654462202.66384
2022-09-04,S*Mobarakeh Steel,5100.0,5180.0,5070.0,5090.0,215396544090.0,42292675,3891,D,5090.0,5090.0,1055.7643723527929,1072.3253821151898,1049.5539936918942,1053.6942461324932,1053.6942461324932,1053.6942461324932,44589803368.26265
2022-09-05,S*Mobarakeh Steel,5150.0,5150.0,5050.0,5080.0,247383720220.0,48675596,4011,D,5090.0,5060.0,1066.115003454291,1066.115003454291,1045.4137412512948,1051.6241199121935,1053.6942461324932,1047.4838674715945,51211552570.26809
2022-09-06,S*Mobarakeh Steel,5080.0,5100.0,5020.0,5060.0,175608551800.0,34701518,3234,D,5080.0,5070.0,1051.6241199121935,1055.7643723527929,1039.2033625903962,1047.4838674715945,1051.6241199121935,1049.5539936918942,36353186759.001945
2022-09-07,S*Mobarakeh Steel,5080.0,5090.0,5020.0,5060.0,215291219330.0,42583792,3401,D,5060.0,5040.0,1051.6241199121935,1053.6942461324932,1039.2033625903962,1047.4838674715945,1047.4838674715945,1043.3436150309954,44567999813.53038
2022-09-10,S*Mobarakeh Steel,5050.0,5070.0,4990.0,5030.0,253873785990.0,50441468,3581,D,5060.0,5040.0,1045.4137412512948,1049.5539936918942,1032.992983929497,1041.2734888106959,1047.4838674715945,1043.3436150309954,52555078102.46268
2022-09-11,S*Mobarakeh Steel,5040.0,5060.0,5020.0,5030.0,189855163190.0,37750629,3062,D,5030.0,5030.0,1043.3436150309954,1047.4838674715945,1039.2033625903962,1041.2734888106959,1041.2734888106959,1041.2734888106959,39302415137.887726
2022-09-12,S*Mobarakeh Steel,5100.0,5170.0,5050.0,5100.0,275376150730.0,53997996,5170,D,5030.0,5130.0,1055.7643723527929,1070.25525589489,1045.4137412512948,1055.7643723527929,1041.2734888106959,1061.974751013692,57006339007.13461
2022-09-13,S*Mobarakeh Steel,5160.0,5230.0,5120.0,5180.0,400648290970.0,77278407,4958,D,5100.0,5220.0,1068.1851296745906,1082.6760132166874,1059.9046247933923,1072.3253821151898,1055.7643723527929,1080.605886996388,82939253225.5218
2022-09-14,S*Mobarakeh Steel,5250.0,5250.0,5120.0,5170.0,232827879720.0,45054451,3908,D,5180.0,5150.0,1086.8162656572867,1086.8162656572867,1059.9046247933923,1070.25525589489,1072.3253821151898,1066.115003454291,48198309862.51321
2022-09-18,S*Mobarakeh Steel,5170.0,5190.0,5080.0,5110.0,178779610790.0,34970851,3165,D,5170.0,5110.0,1070.25525589489,1074.3955083354892,1051.6241199121935,1057.8344985730923,1070.25525589489,1057.8344985730923,37009635995.13352
2022-09-19,S*Mobarakeh Steel,5110.0,5120.0,5080.0,5100.0,210164540620.0,41222453,2704,D,5110.0,5090.0,1057.8344985730923,1059.9046247933923,1051.6241199121935,1055.7643723527929,1057.8344985730923,1053.6942461324932,43506712611.46811
2022-09-20,S*Mobarakeh Steel,5100.0,5110.0,5060.0,5080.0,151667409260.0,29849060,2366,D,5100.0,5070.0,1055.7643723527929,1057.8344985730923,1047.4838674715945,1051.6241199121935,1055.7643723527929,1049.5539936918942,31397068067.40355
2022-09-21,S*Mobarakeh Steel,5050.0,5080.0,4990.0,5020.0,246375980990.0,49116423,4401,D,5080.0,4990.0,1045.4137412512948,1051.6241199121935,1032.992983929497,1039.2033625903962,1051.6241199121935,1032.992983929497,51002937829.94333
2022-09-24,S*Mobarakeh Steel,4990.0,4990.0,4860.0,4910.0,232389135810.0,47330516,4780,D,5020.0,4880.0,1032.992983929497,1032.992983929497,1006.0813430656026,1016.4319741671005,1039.2033625903962,1010.2215955062019,48107484335.30443
2022-09-26,S*Mobarakeh Steel,4880.0,5020.0,4870.0,4950.0,245442683220.0,49543805,4308,D,4910.0,4920.0,1010.2215955062019,1039.2033625903962,1008.1514692859022,1024.7124790482992,1016.4319741671005,1018.5021003874002,50809733411.44092
2022-09-28,S*Mobarakeh Steel,4990.0,5110.0,4950.0,5040.0,224675735280.0,44592048,3552,D,4950.0,5020.0,1032.992983929497,1057.8344985730923,1024.7124790482992,1043.3436150309954,1024.7124790482992,1039.2033625903962,46510713066.82185
2022-10-01,S*Mobarakeh Steel,5060.0,5060.0,4900.0,4930.0,209322592000.0,42451061,3400,D,5040.0,4900.0,1047.4838674715945,1047.4838674715945,1014.3618479468008,1020.5722266076997,1043.3436150309954,1014.3618479468008,43332418620.027405
2022-10-02,S*Mobarakeh Steel,4920.0,4970.0,4870.0,4930.0,173876232690.0,35283387,2643,D,4930.0,4940.0,1018.5021003874002,1028.8527314888981,1008.1514692859022,1020.5722266076997,1020.5722266076997,1022.6423528279996,35994574837.848236
2022-10-03,S*Mobarakeh Steel,4930.0,4980.0,4900.0,4930.0,128730444420.0,26126619,2143,D,4930.0,4910.0,1020.5722266076997,1030.9228577091978,1014.3618479468008,1020.5722266076997,1020.5722266076997,1016.4319741671005,26648826834.46616
2022-10-04,S*Mobarakeh Steel,4910.0,4960.0,4900.0,4920.0,108470642630.0,22066425,2104,D,4930.0,4920.0,1016.4319741671005,1026.7826052685987,1014.3618479468008,1018.5021003874002,1020.5722266076997,1018.5021003874002,22454792144.11099
2022-10-08,S*Mobarakeh Steel,4920.0,4980.0,4899.0,4914.0,141391370083.0,28772541,2848,D,4920.0,4902.0,1018.5021003874002,1030.9228577091978,1014.1548353247708,1017.2600246552204,1018.5021003874002,1014.7758731908609,29269798253.290184
2022-10-09,S*Mobarakeh Steel,4914.0,4920.0,4880.0,4909.0,270569610422.0,55112475,2578,D,4914.0,4901.0,1017.2600246552204,1018.5021003874002,1010.2215955062019,1016.2249615450706,1017.2600246552204,1014.568860568831,56011324495.08285
2022-10-10,S*Mobarakeh Steel,4909.0,4920.0,4879.0,4897.0,162276887259.0,33137450,2719,D,4909.0,4910.0,1016.2249615450706,1018.5021003874002,1010.0145828841718,1013.7408100807111,1016.2249615450706,1016.4319741671005,33593363926.3457
2022-10-11,S*Mobarakeh Steel,4921.0,5060.0,4904.0,4979.0,185088976799.0,37174234,2794,D,4897.0,5015.0,1018.7091130094299,1047.4838674715945,1015.189898434921,1030.7158450871675,1013.7408100807111,1038.1682994802463,38315754396.00331
2022-10-12,S*Mobarakeh Steel,5055.0,5090.0,5018.0,5058.0,165804890175.0,32782519,2532,D,4979.0,5065.0,1046.4488043614444,1053.6942461324932,1038.7893373463362,1047.0698422275345,1030.7158450871675,1048.5189305817444,34323705060.5162
2022-10-15,S*Mobarakeh Steel,5070.0,5080.0,4940.0,5030.0,147769564460.0,29365546,2299,D,5058.0,5040.0,1049.5539936918942,1051.6241199121935,1022.6423528279996,1041.2734888106959,1047.0698422275345,1043.3436150309954,30590164995.089703
2022-10-16,S*Mobarakeh Steel,5040.0,5040.0,4930.0,4990.0,187280095670.0,37568225,2303,D,5030.0,5010.0,1043.3436150309954,1043.3436150309954,1020.5722266076997,1032.992983929497,1041.2734888106959,1037.1332363700965,38769343658.668335
2022-10-17,S*Mobarakeh Steel,5000.0,5000.0,4910.0,4980.0,148598209630.0,29816705,2078,D,4990.0,5000.0,1035.063110149797,1035.063110149797,1016.4319741671005,1030.9228577091978,1032.992983929497,1035.063110149797,30761705004.463863
2022-10-18,S*Mobarakeh Steel,5000.0,5010.0,4910.0,4950.0,138832419600.0,28056860,2405,D,4980.0,4930.0,1035.063110149797,1037.1332363700965,1016.4319741671005,1024.7124790482992,1030.9228577091978,1020.5722266076997,28740063204.159527
2022-10-19,S*Mobarakeh Steel,4940.0,4960.0,4880.0,4910.0,107777591770.0,21968294,2687,D,4950.0,4890.0,1022.6423528279996,1026.7826052685987,1010.2215955062019,1016.4319741671005,1024.7124790482992,1012.2917217265014,22311321868.382267
2022-10-22,S*Mobarakeh Steel,4901.0,4910.0,4859.0,4884.0,229284145937.0,46946435,3411,D,4910.0,4874.0,1014.568860568831,1016.4319741671005,1005.8743304435725,1011.0496459943214,1016.4319741671005,1008.9795197740219,47464712240.31823
2022-10-23,S*Mobarakeh Steel,4854.0,4855.0,4643.0,4732.0,370118817921.0,78221679,6549,D,4884.0,4699.0,1004.8392673334226,1005.0462799554529,961.1596040851016,979.5837274457677,1011.0496459943214,972.7523109187792,76619266960.45534
2022-10-24,S*Mobarakeh Steel,4640.0,4640.0,4416.0,4474.0,1403405133900.0,313694377,17347,D,4732.0,4471.0,960.5385662190114,960.5385662190114,914.1677388843007,926.1744709620383,979.5837274457677,925.5534330959483,290522576538.94525
2022-10-25,S*Mobarakeh Steel,4474.0,4493.0,4378.0,4432.0,574775783609.0,129681942,8398,D,4474.0,4388.0,926.1744709620383,930.1077107806075,906.3012592471622,917.4799408367802,926.1744709620383,908.3713854674618,118985842044.22365
2022-10-26,S*Mobarakeh Steel,4424.0,4444.0,4214.0,4311.0,667857561633.0,154912131,8843,D,4432.0,4285.0,915.8238398605404,919.9640923011397,872.3511892342486,892.431413571155,917.4799408367802,887.0490853983761,138254944976.18256
2022-10-29,S*Mobarakeh Steel,4370.0,4404.0,4319.0,4361.0,758034735976.0,173822689,6457,D,4311.0,4342.0,904.6451582709226,911.6835874199412,894.0875145473943,902.7820446726529,892.431413571155,898.8488048540835,156922758284.17975
2022-10-30,S*Mobarakeh Steel,4394.0,4550.0,4365.0,4487.0,857329089916.0,191063150,6832,D,4361.0,4550.0,909.6134611996417,941.9074302363151,903.6100951607727,928.8656350484277,902.7820446726529,941.9074302363151,177477942846.07
2022-10-31,S*Mobarakeh Steel,4550.0,4590.0,4517.0,4549.0,534376504795.0,117473603,5381,D,4487.0,4580.0,941.9074302363151,950.1879351175138,935.0760137093265,941.7004176142854,928.8656350484277,948.1178088972138,110622681408.8181
2022-11-01,S*Mobarakeh Steel,4580.0,4645.0,4560.0,4611.0,419710974654.0,91024869,4478,D,4549.0,4582.0,948.1178088972138,961.5736293291612,943.9775564566148,954.5352001801427,941.7004176142854,948.5318341412739,86885469357.87439
2022-11-02,S*Mobarakeh Steel,4611.0,4669.0,4522.0,4610.0,525215981446.0,113926621,4848,D,4611.0,4666.0,954.5352001801427,966.5419322578804,936.1110768194764,954.3281875581127,954.5352001801427,965.9208943917905,108726337451.17497
2022-11-05,S*Mobarakeh Steel,4660.0,4932.0,4660.0,4914.0,1238879152487.0,252089157,7470,D,4610.0,4932.0,964.6788186596109,1020.9862518517593,964.6788186596109,1017.2600246552204,954.3281875581127,1020.9862518517593,256463621734.58777
2022-11-06,S*Mobarakeh Steel,4944.0,5050.0,4850.0,4949.0,761510439861.0,153882871,8739,D,4914.0,4985.0,1023.4704033161191,1045.4137412512948,1004.0112168453031,1024.505466426269,1017.2600246552204,1031.9579208193477,157642272858.8133
2022-11-07,S*Mobarakeh Steel,4985.0,5249.0,4950.0,5128.0,954036565584.0,186032836,10364,D,4949.0,5214.0,1031.9579208193477,1086.609253035257,1024.7124790482992,1061.5607257696315,1024.505466426269,1079.3638112642084,197497610954.00116
2022-11-08,S*Mobarakeh Steel,5221.0,5347.0,5034.0,5166.0,925203619945.0,179079767,10808,D,5128.0,5156.0,1080.8128996184178,1106.8964899941927,1042.1015392988156,1069.4272054067703,1061.5607257696315,1067.3570791864706,191528827276.42447
2022-11-09,S*Mobarakeh Steel,5149.0,5260.0,5021.0,5157.0,680771015779.0,132021163,7188,D,5166.0,5160.0,1065.9079908322608,1088.8863918775862,1039.410375212426,1067.5640918085007,1069.4272054067703,1068.1851296745906,140928192978.4096
2022-11-12,S*Mobarakeh Steel,5160.0,5340.0,5100.0,5210.0,565638299160.0,108555719,7146,D,5157.0,5110.0,1068.1851296745906,1105.4474016399834,1055.7643723527929,1078.5357607760884,1067.5640918085007,1057.8344985730923,117094267429.67818
2022-11-13,S*Mobarakeh Steel,5110.0,5160.0,5020.0,5080.0,461236437200.0,90819243,6412,D,5210.0,5080.0,1057.8344985730923,1068.1851296745906,1039.2033625903962,1051.6241199121935,1078.5357607760884,1051.6241199121935,95481764240.52872
2022-11-14,S*Mobarakeh Steel,5080.0,5110.0,4920.0,5030.0,416324833280.0,82687906,4976,D,5080.0,5080.0,1051.6241199121935,1057.8344985730923,1018.5021003874002,1041.2734888106959,1051.6241199121935,1051.6241199121935,86184495353.47852
2022-11-15,S*Mobarakeh Steel,5030.0,5100.0,5000.0,5040.0,366174324130.0,72657034,3830,D,5030.0,5070.0,1041.2734888106959,1055.7643723527929,1035.063110149797,1043.3436150309954,1041.2734888106959,1049.5539936918942,75802706958.19952
2022-11-16,S*Mobarakeh Steel,5080.0,5110.0,5010.0,5060.0,243801306180.0,48226617,3079,D,5040.0,5040.0,1051.6241199121935,1057.8344985730923,1037.1332363700965,1047.4838674715945,1043.3436150309954,1043.3436150309954,50469947646.650734
2022-11-19,S*Mobarakeh Steel,5040.0,5040.0,4820.0,4900.0,523601572860.0,106945198,5745,D,5060.0,4920.0,1043.3436150309954,1043.3436150309954,997.8008381844045,1014.3618479468008,1047.4838674715945,1018.5021003874002,108392134496.75941
2022-11-20,S*Mobarakeh Steel,4860.0,5050.0,4850.0,4980.0,251140080480.0,50420114,3135,D,4900.0,4960.0,1006.0813430656026,1045.4137412512948,1004.0112168453031,1030.9228577091978,1014.3618479468008,1026.7826052685987,51989166556.97983
2022-11-21,S*Mobarakeh Steel,4990.0,5010.0,4920.0,4980.0,311526832330.0,62515328,3290,D,4980.0,4950.0,1032.992983929497,1037.1332363700965,1018.5021003874002,1030.9228577091978,1030.9228577091978,1024.7124790482992,64489986393.32083
2022-11-22,S*Mobarakeh Steel,4950.0,4990.0,4910.0,4950.0,158310638970.0,31997103,2560,D,4980.0,4930.0,1024.7124790482992,1032.992983929497,1016.4319741671005,1024.7124790482992,1030.9228577091978,1020.5722266076997,32772300468.417965
2022-11-23,S*Mobarakeh Steel,4950.0,4970.0,4900.0,4930.0,230020810690.0,46624018,3450,D,4950.0,4920.0,1024.7124790482992,1028.8527314888981,1014.3618479468008,1020.5722266076997,1024.7124790482992,1018.5021003874002,47617211142.39381
2022-11-26,S*Mobarakeh Steel,4990.0,5000.0,4880.0,4912.0,200478624168.0,40813436,3099,D,4930.0,4900.0,1032.992983929497,1035.063110149797,1010.2215955062019,1016.8459994111604,1020.5722266076997,1014.3618479468008,41501605649.97646
2022-11-27,S*Mobarakeh Steel,4900.0,4970.0,4871.0,4918.0,312633356598.0,63563986,3372,D,4912.0,4950.0,1014.3618479468008,1028.8527314888981,1008.3584819079324,1018.0880751433402,1016.8459994111604,1024.7124790482992,64719050883.37929
2022-11-28,S*Mobarakeh Steel,4930.0,4945.0,4910.0,4922.0,325225129077.0,66075060,3900,D,4918.0,4921.0,1020.5722266076997,1023.6774159381491,1016.4319741671005,1018.91612563146,1018.0880751433402,1018.7091130094299,67325706720.26175
2022-12-03,S*Mobarakeh Steel,4969.0,5040.0,4949.0,4984.0,191634806729.0,38451481,2198,D,4922.0,4990.0,1028.645718866868,1043.3436150309954,1024.505466426269,1031.7509081973176,1018.91612563146,1032.992983929497,39670823813.1748
2022-12-04,S*Mobarakeh Steel,4950.0,5020.0,4933.0,4987.0,370304089737.0,74246594,4110,D,4984.0,4981.0,1024.7124790482992,1039.2033625903962,1021.1932644737898,1032.3719460634077,1031.7509081973176,1031.1298703312275,76657620564.87375
2022-12-05,S*Mobarakeh Steel,5000.0,5000.0,4929.0,4959.0,370762515248.0,74759233,3729,D,4987.0,4988.0,1035.063110149797,1035.063110149797,1020.3652139856699,1026.5755926465686,1032.3719460634077,1032.5789586854373,76752520431.91129
2022-12-06,S*Mobarakeh Steel,4962.0,4963.0,4921.0,4940.0,262695442028.0,53175287,3228,D,4959.0,4922.0,1027.1966305126587,1027.4036431346885,1018.7091130094299,1022.6423528279996,1026.5755926465686,1018.91612563146,54381272249.53548
2022-12-07,S*Mobarakeh Steel,4915.0,4920.0,4815.0,4865.0,256559863198.0,52737862,5099,D,4940.0,4817.0,1017.4670372772505,1018.5021003874002,996.7657750742545,1007.1164061757524,1022.6423528279996,997.1798003183145,53111129988.265656
2022-12-10,S*Mobarakeh Steel,4819.0,4819.0,4706.0,4756.0,345762181236.0,72699016,4638,D,4865.0,4740.0,997.5938255623743,997.5938255623743,974.201399272989,984.5520303744869,1007.1164061757524,981.2398284220075,71577135736.46239
2022-12-11,S*Mobarakeh Steel,4759.0,4880.0,4759.0,4795.0,337452117742.0,70375438,4971,D,4756.0,4806.0,985.1730682405768,1010.2215955062019,985.1730682405768,992.6255226336555,984.5520303744869,994.9026614759847,69856847703.33398
2022-12-12,S*Mobarakeh Steel,4800.0,5030.0,4800.0,4965.0,469991376180.0,94668209,5576,D,4795.0,5020.0,993.6605857438052,1041.2734888106959,993.6605857438052,1027.817668378748,992.6255226336555,1039.2033625903962,97294147114.4908
2022-12-13,S*Mobarakeh Steel,5051.0,5312.0,5051.0,5287.0,1841278845326.0,348239330,11985,D,4965.0,5312.0,1045.620753873325,1099.6510482231442,1045.620753873325,1094.4757326723952,1027.817668378748,1099.6510482231442,381167961659.2313
2022-12-14,S*Mobarakeh Steel,5380.0,5647.0,5360.0,5467.0,1130962784485.0,206867820,10860,D,5287.0,5438.0,1113.7279065211815,1169.0002766031805,1109.5876540805823,1131.7380046377878,1094.4757326723952,1125.7346385989192,234123571434.54376
2022-12-17,S*Mobarakeh Steel,5450.0,5460.0,5320.0,5390.0,528401436320.0,97960083,6174,D,5467.0,5410.0,1128.2187900632787,1130.2889162835781,1101.3071491993837,1115.7980327414812,1131.7380046377878,1119.93828518208,109385766816.99979
2022-12-18,S*Mobarakeh Steel,5470.0,5720.0,5470.0,5620.0,939687870320.0,167058795,7676,D,5390.0,5630.0,1132.3590425038778,1184.1121980113676,1132.3590425038778,1163.4109358083715,1115.7980327414812,1165.4810620286714,194527249924.69168
2022-12-19,S*Mobarakeh Steel,5700.0,5740.0,5500.0,5630.0,786143009800.0,139743574,6804,D,5620.0,5580.0,1179.9719455707686,1188.252450451967,1138.5694211647765,1165.4810620286714,1163.4109358083715,1155.1304309271736,162741525749.22208
2022-12-20,S*Mobarakeh Steel,5630.0,5650.0,5490.0,5550.0,439309298680.0,79175063,4437,D,5630.0,5530.0,1165.4810620286714,1169.6213144692706,1136.499294944477,1148.9200522662748,1165.4810620286714,1144.7797998256756,90942569801.88934
2022-12-21,S*Mobarakeh Steel,5490.0,5610.0,5450.0,5530.0,362671842750.0,65637455,4222,D,5550.0,5540.0,1136.499294944477,1161.340809588072,1128.2187900632787,1144.7797998256756,1148.9200522662748,1146.8499260459748,75077649104.11462
2022-12-24,S*Mobarakeh Steel,5600.0,5910.0,5570.0,5830.0,1127137514960.0,193191975,10551,D,5530.0,5910.0,1159.2706833677726,1223.44459619706,1153.060304706874,1206.8835864346634,1144.7797998256756,1223.44459619706,233331692360.20218
2022-12-25,S*Mobarakeh Steel,6000.0,6050.0,5830.0,5930.0,835853304270.0,140889964,9149,D,5830.0,5880.0,1242.0757321797564,1252.4263632812542,1206.8835864346634,1227.5848486376592,1206.8835864346634,1217.2342175361612,173032184149.33817
2022-12-26,S*Mobarakeh Steel,5890.0,5940.0,5760.0,5880.0,708241517020.0,120347075,8243,D,5930.0,5880.0,1219.3043437564609,1229.6549748579587,1192.3927028925661,1217.2342175361612,1227.5848486376592,1217.2342175361612,146614933468.7863
2022-12-28,S*Mobarakeh Steel,6100.0,6290.0,6100.0,6280.0,2584212227560.0,411315121,12332,D,5880.0,6290.0,1262.7769943827523,1302.1093925684443,1262.7769943827523,1300.0392663481452,1217.2342175361612,1302.1093925684443,534964549109.0776
2022-12-31,S*Mobarakeh Steel,5870.0,6250.0,5850.0,5970.0,2074518348440.0,347343782,18877,D,6280.0,5910.0,1215.1640913158617,1293.8288876872462,1211.0238388752625,1235.8653535188578,1300.0392663481452,1223.44459619706,429451482759.82526
2023-01-01,S*Mobarakeh Steel,5870.0,6090.0,5700.0,5840.0,1234269617780.0,211337374,11497,D,5970.0,5920.0,1215.1640913158617,1260.7068681624526,1179.9719455707686,1208.9537126549628,1235.8653535188578,1225.5147224173597,255509389868.5536
2023-01-02,S*Mobarakeh Steel,6000.0,6030.0,5940.0,5980.0,762209973230.0,127510359,7775,D,5840.0,5960.0,1242.0757321797564,1248.2861108406548,1229.6549748579587,1237.9354797391572,1208.9537126549628,1233.795227298558,157787085095.72748
2023-01-03,S*Mobarakeh Steel,6020.0,6050.0,5850.0,5940.0,896675120360.0,150830117,8137,D,5980.0,5900.0,1246.2159846203558,1252.4263632812542,1211.0238388752625,1229.6549748579587,1237.9354797391572,1221.37446997676,185623067774.75308
2023-01-04,S*Mobarakeh Steel,5930.0,5930.0,5760.0,5800.0,499673095060.0,86151879,6707,D,5940.0,5880.0,1227.5848486376592,1227.5848486376592,1192.3927028925661,1200.6732077737645,1229.6549748579587,1217.2342175361612,103438637566.19576
2023-01-07,S*Mobarakeh Steel,5880.0,5990.0,5800.0,5900.0,615325795490.0,104310491,7624,D,5800.0,5930.0,1217.2342175361612,1240.0056059594565,1200.6732077737645,1221.37446997676,1200.6732077737645,1227.5848486376592,127380206327.05545
2023-01-08,S*Mobarakeh Steel,6050.0,6220.0,5960.0,6080.0,1291643168700.0,212355054,11173,D,5900.0,6010.0,1252.4263632812542,1287.6185090263475,1233.795227298558,1258.6367419421529,1221.37446997676,1244.145858400056,267386439079.67218
2023-01-09,S*Mobarakeh Steel,6050.0,6290.0,6010.0,6130.0,1085120802290.0,176884698,9445,D,6080.0,6210.0,1252.4263632812542,1302.1093925684443,1244.145858400056,1268.9873730436511,1258.6367419421529,1285.5483828060478,224633702501.30606
2023-01-10,S*Mobarakeh Steel,6410.0,6550.0,6380.0,6500.0,2692696671570.0,414261588,18219,D,6130.0,6460.0,1326.9509072120397,1355.932674296234,1320.740528551141,1345.582043194736,1268.9873730436511,1337.3015383135375,557422198313.05
2023-01-11,S*Mobarakeh Steel,6480.0,6530.0,6300.0,6420.0,869126197930.0,135329474,10207,D,6500.0,6350.0,1341.4417907541365,1351.7924218556345,1304.179518788744,1329.0210334323392,1345.582043194736,1314.5301498902422,179920093108.41876
2023-01-14,S*Mobarakeh Steel,6240.0,6470.0,6060.0,6300.0,1018707640060.0,161647166,9167,D,6420.0,6430.0,1291.7587614669462,1339.3716645338375,1254.4964895015537,1304.179518788744,1329.0210334323392,1331.0911596526391,210885339650.77267
2023-01-16,S*Mobarakeh Steel,6430.0,6560.0,6380.0,6460.0,761003309590.0,117797090,8144,D,6300.0,6470.0,1331.0911596526391,1358.0028005165339,1320.740528551141,1337.3015383135375,1304.179518788744,1339.3716645338375,157537290491.70285
2023-01-17,S*Mobarakeh Steel,6510.0,6560.0,6360.0,6440.0,946843758930.0,147135689,9549,D,6460.0,6390.0,1347.6521694150356,1358.0028005165339,1316.6002761105417,1333.1612858729384,1337.3015383135375,1322.8106547714406,196008609188.80212
2023-01-18,S*Mobarakeh Steel,6410.0,6460.0,6350.0,6400.0,637187728960.0,99567404,7617,D,6440.0,6380.0,1326.9509072120397,1337.3015383135375,1314.5301498902422,1324.8807809917403,1333.1612858729384,1320.740528551141,131905902497.32469
2023-01-21,S*Mobarakeh Steel,6190.0,6310.0,6100.0,6140.0,1583039003060.0,257670035,14448,D,6400.0,6130.0,1281.4081303654489,1306.2496450090437,1262.7769943827523,1271.0574992639508,1324.8807809917403,1268.9873730436511,327709054799.1435
2023-01-22,S*Mobarakeh Steel,6130.0,6290.0,6110.0,6180.0,814437533830.0,131724234,7806,D,6140.0,6240.0,1268.9873730436511,1302.1093925684443,1264.847120603052,1279.3380041451492,1271.0574992639508,1291.7587614669462,168598849357.76205
2023-01-23,S*Mobarakeh Steel,6240.0,6380.0,6110.0,6230.0,852041899700.0,136778785,7263,D,6180.0,6260.0,1291.7587614669462,1320.740528551141,1264.847120603052,1289.688635246647,1279.3380041451492,1295.8990139075456,176383427736.28464
2023-01-24,S*Mobarakeh Steel,6220.0,6270.0,6140.0,6210.0,455517365500.0,73351074,5084,D,6230.0,6210.0,1287.6185090263475,1297.969140127845,1271.0574992639508,1285.5483828060478,1289.688635246647,1285.5483828060478,94297844212.33435
2023-01-25,S*Mobarakeh Steel,6200.0,6200.0,6030.0,6080.0,719736194500.0,118382059,6761,D,6210.0,6100.0,1283.4782565857479,1283.4782565857479,1248.2861108406548,1258.6367419421529,1285.5483828060478,1262.7769943827523,148994476793.30984
2023-01-28,S*Mobarakeh Steel,6140.0,6180.0,6020.0,6080.0,765625435350.0,125951557,6878,D,6080.0,6030.0,1271.0574992639508,1279.3380041451492,1246.2159846203558,1258.6367419421529,1258.6367419421529,1248.2861108406548,158494128864.63266
2023-01-29,S*Mobarakeh Steel,6010.0,6020.0,5790.0,5870.0,1112787029200.0,189522032,9240,D,6080.0,5970.0,1244.145858400056,1246.2159846203558,1198.6030815534648,1215.1640913158617,1258.6367419421529,1235.8653535188578,230360960675.62097
2023-01-30,S*Mobarakeh Steel,5800.0,6010.0,5680.0,5870.0,813328770150.0,138509344,7765,D,5870.0,5970.0,1200.6732077737645,1244.145858400056,1175.8316931301695,1215.1640913158617,1215.1640913158617,1235.8653535188578,168369321281.15366
2023-01-31,S*Mobarakeh Steel,5970.0,6100.0,5910.0,5990.0,540280991020.0,90202536,5095,D,5870.0,5990.0,1235.8653535188578,1262.7769943827523,1223.44459619706,1240.0056059594565,1215.1640913158617,1240.0056059594565,111844984583.99513
2023-02-01,S*Mobarakeh Steel,6000.0,6030.0,5960.0,5990.0,589616040120.0,98408845,4478,D,5990.0,5980.0,1242.0757321797564,1248.2861108406548,1233.795227298558,1240.0056059594565,1240.0056059594565,1237.9354797391572,122057962456.16292
2023-02-05,S*Mobarakeh Steel,5980.0,6000.0,5890.0,5950.0,936777854100.0,157450063,5581,D,5990.0,5950.0,1237.9354797391572,1242.0757321797564,1219.3043437564609,1231.7251010782581,1240.0056059594565,1231.7251010782581,193924839836.83972
2023-02-06,S*Mobarakeh Steel,5950.0,6080.0,5940.0,6000.0,547903510110.0,91392166,4885,D,5950.0,6050.0,1231.7251010782581,1258.6367419421529,1229.6549748579587,1242.0757321797564,1231.7251010782581,1252.4263632812542,113422942247.28947
2023-02-07,S*Mobarakeh Steel,6050.0,6270.0,6050.0,6180.0,648202833750.0,104857562,5796,D,6000.0,6250.0,1252.4263632812542,1297.969140127845,1252.4263632812542,1279.3380041451492,1242.0757321797564,1293.8288876872462,134186168221.83739
2023-02-08,S*Mobarakeh Steel,6220.0,6380.0,6200.0,6270.0,644619084580.0,102835863,5958,D,6180.0,6210.0,1287.6185090263475,1320.740528551141,1283.4782565857479,1297.969140127845,1279.3380041451492,1285.5483828060478,133444286909.45796
2023-02-12,S*Mobarakeh Steel,6220.0,6300.0,6200.0,6260.0,537581611410.0,85916203,4999,D,6270.0,6280.0,1287.6185090263475,1304.179518788744,1283.4782565857479,1295.8990139075456,1297.969140127845,1300.0392663481452,111286178933.07484
2023-02-13,S*Mobarakeh Steel,6290.0,6410.0,6260.0,6320.0,666607514800.0,105500295,5363,D,6260.0,6290.0,1302.1093925684443,1326.9509072120397,1295.8990139075456,1308.3197712293431,1295.8990139075456,1302.1093925684443,137996169503.62296
2023-02-14,S*Mobarakeh Steel,6310.0,6350.0,6240.0,6300.0,640598665600.0,101760189,5002,D,6320.0,6260.0,1306.2496450090437,1314.5301498902422,1291.7587614669462,1304.179518788744,1308.3197712293431,1295.8990139075456,132612009434.74915
2023-02-15,S*Mobarakeh Steel,6260.0,6330.0,6210.0,6270.0,445507459850.0,71012495,4058,D,6300.0,6270.0,1295.8990139075456,1310.3898974496428,1285.5483828060478,1297.969140127845,1304.179518788744,1297.969140127845,92225667397.45535
2023-02-19,S*Mobarakeh Steel,6300.0,6580.0,6290.0,6420.0,1331841386560.0,207471282,10562,D,6270.0,6550.0,1304.179518788744,1362.1430529571328,1302.1093925684443,1329.0210334323392,1297.969140127845,1355.932674296234,275707977559.8023
2023-02-20,S*Mobarakeh Steel,6830.0,6860.0,6700.0,6860.0,2505567764270.0,365385476,8715,D,6420.0,6860.0,1413.8962084646228,1420.1065871255216,1386.9845676007278,1420.1065871255216,1329.0210334323392,1420.1065871255216,518684152555.27594
2023-02-21,S*Mobarakeh Steel,7340.0,7340.0,7280.0,7340.0,5502494011290.0,749737326,19217,D,6860.0,7340.0,1519.4726456999017,1519.4726456999017,1507.0518883781042,1519.4726456999017,1420.1065871255216,1519.4726456999017,1139085712981.2917
2023-02-22,S*Mobarakeh Steel,7380.0,7700.0,7250.0,7440.0,3247614786220.0,436560018,24118,D,7340.0,7640.0,1527.7531505811007,1593.997189630687,1500.8415097172053,1540.1739079028976,1519.4726456999017,1581.57643230889,672297252238.6682
2023-02-25,S*Mobarakeh Steel,7960.0,7960.0,7960.0,7960.0,2116680494600.0,265914635,6964,D,7440.0,7960.0,1647.8204713584769,1647.8204713584769,1647.8204713584769,1647.8204713584769,1540.1739079028976,1647.8204713584769,438179579186.8173
2023-02-26,S*Mobarakeh Steel,8510.0,8510.0,8220.0,8480.0,7304527404450.0,861116981,36474,D,7960.0,8510.0,1761.6774134749544,1761.6774134749544,1701.643753086266,1755.4670348140558,1647.8204713584769,1761.6774134749544,1512129370684.8882
2023-02-27,S*Mobarakeh Steel,8370.0,8750.0,8070.0,8450.0,4432543800570.0,524418093,29988,D,8480.0,8450.0,1732.6956463907597,1811.3604427621444,1670.5918597817722,1749.256656153157,1755.4670348140558,1749.256656153157,917592514418.6371
2023-02-28,S*Mobarakeh Steel,8550.0,8700.0,8270.0,8570.0,2360615169270.0,275533774,17938,D,8450.0,8480.0,1769.9579183561527,1801.0098116606466,1711.9943841877641,1774.0981707967521,1749.256656153157,1755.4670348140558,488677135794.2792
2023-03-01,S*Mobarakeh Steel,8490.0,8560.0,8200.0,8350.0,3171957615060.0,379717791,18891,D,8570.0,8220.0,1757.5371610343552,1772.0280445764527,1697.5035006456667,1728.555393950161,1774.0981707967521,1701.643753086266,656635262861.467
2023-03-04,S*Mobarakeh Steel,8210.0,8230.0,8020.0,8110.0,1733561550510.0,213687956,14240,D,8350.0,8050.0,1699.5736268659662,1703.7138793065656,1660.2412286802742,1678.8723646629703,1728.555393950161,1666.451607341173,358869122021.3969
2023-03-05,S*Mobarakeh Steel,8050.0,8350.0,8000.0,8080.0,1190305085530.0,147265490,10816,D,8110.0,8070.0,1666.451607341173,1728.555393950161,1656.1009762396752,1672.6619860020717,1678.8723646629703,1670.5918597817722,246408176771.16037
2023-03-06,S*Mobarakeh Steel,8070.0,8070.0,7760.0,7940.0,1643957876640.0,206946906,11062,D,8080.0,7960.0,1670.5918597817722,1670.5918597817722,1606.4179469524847,1643.680218917878,1672.6619860020717,1647.8204713584769,340320030550.0509
2023-03-07,S*Mobarakeh Steel,8010.0,8490.0,8010.0,8440.0,4636956055790.0,549719790,20825,D,7940.0,8490.0,1658.171102459975,1757.5371610343552,1658.171102459975,1747.1865299328576,1643.680218917878,1757.5371610343552,959908431346.7865
2023-03-11,S*Mobarakeh Steel,8440.0,8490.0,8100.0,8260.0,2430862780590.0,294411392,20572,D,8440.0,8120.0,1747.1865299328576,1757.5371610343552,1676.8022384426713,1709.9242579674644,1747.1865299328576,1680.94249088327,503219278004.9737
2023-03-12,S*Mobarakeh Steel,8000.0,8060.0,7780.0,7920.0,1738974076590.0,219466342,13905,D,8260.0,7900.0,1656.1009762396752,1668.5217335614727,1610.558199393084,1639.5399664772785,1709.9242579674644,1635.399714036679,359989583237.02325
2023-03-13,S*Mobarakeh Steel,7920.0,8100.0,7880.0,7940.0,1874264149280.0,235952241,15895,D,7920.0,7930.0,1639.5399664772785,1676.8022384426713,1631.2594615960802,1643.680218917878,1639.5399664772785,1641.610092697578,387996335919.2041
2023-03-19,S*Mobarakeh Steel,5770.0,6060.0,5770.0,5890.0,5248841901830.0,891831928,25825,D,5260.0,6000.0,1803.6388719604274,1894.2896991473463,1803.6388719604274,1841.149559072256,1644.2184517351552,1875.5343555914321,1640730552325.0063
2023-03-25,S*Mobarakeh Steel,6150.0,6300.0,5910.0,6230.0,2845098629170.0,456619517,25586,D,5890.0,6300.0,1922.4227144812176,1969.3110733710034,1847.4013402575606,1947.429839222437,1841.149559072256,1969.3110733710034,889346704009.0704
2023-03-26,S*Mobarakeh Steel,6380.0,6570.0,6110.0,6320.0,2293861386440.0,362716933,29399,D,6230.0,6180.0,1994.318198112223,2053.710119372618,1909.9191521106086,1975.5628545563081,1947.429839222437,1931.8003862591752,717035972872.1357
2023-03-28,S*Mobarakeh Steel,6430.0,6460.0,6210.0,6310.0,2013357236110.0,319285689,25730,D,6340.0,6320.0,2009.947651075485,2019.3253228534415,1941.1780580371321,1972.436963963656,1981.8146357416133,1975.5628545563081,629353444400.486
2023-03-29,S*Mobarakeh Steel,6330.0,6400.0,6250.0,6310.0,1651511976380.0,261767907,21753,D,6310.0,6320.0,1978.6887451489606,2000.5699792975277,1953.6816204077415,1972.436963963656,1972.436963963656,1975.5628545563081,516244575061.8993
2023-04-03,S*Mobarakeh Steel,6240.0,6300.0,6000.0,6210.0,2013119001210.0,324399386,24873,D,6310.0,6300.0,1950.5557298150889,1969.3110733710034,1875.5343555914321,1941.1780580371321,1972.436963963656,1969.3110733710034,629278974777.2109
2023-04-04,S*Mobarakeh Steel,6300.0,6410.0,6160.0,6270.0,1685141103880.0,268808210,20456,D,6210.0,6180.0,1969.3110733710034,2003.69586989018,1925.54860507387,1959.9334015930463,1941.1780580371321,1931.8003862591752,526756672391.03503
2023-04-05,S*Mobarakeh Steel,6230.0,6280.0,6100.0,6210.0,2089704801620.0,336729315,20790,D,6270.0,6230.0,1947.429839222437,1963.0592921856992,1906.793261517956,1941.1780580371321,1959.9334015930463,1947.429839222437,653218858080.448
2023-04-08,S*Mobarakeh Steel,6220.0,6630.0,6180.0,6450.0,3499509067480.0,542465282,29235,D,6210.0,6430.0,1944.3039486297846,2072.4654629285324,1931.8003862591752,2016.1994322607893,1941.1780580371321,2009.947651075485,1093908247293.7457
2023-04-09,S*Mobarakeh Steel,6570.0,6570.0,6350.0,6420.0,2029892784170.0,316354456,21988,D,6450.0,6370.0,2053.710119372618,2053.710119372618,1984.9405263342658,2006.8217604828324,2016.1994322607893,1991.1923075195705,634522275812.9965
2023-04-10,S*Mobarakeh Steel,6400.0,6490.0,6110.0,6260.0,2187607400190.0,349421340,25972,D,6420.0,6170.0,2000.5699792975277,2028.7029946313996,1909.9191521106086,1956.807511000394,2006.8217604828324,1928.6744956665227,683822139267.0667
2023-04-11,S*Mobarakeh Steel,6220.0,6320.0,6130.0,6200.0,1377931966390.0,222345202,14217,D,6260.0,6230.0,1944.3039486297846,1975.5628545563081,1916.1709332959133,1938.0521674444794,1956.807511000394,1947.429839222437,430726457105.3506
2023-04-15,S*Mobarakeh Steel,6300.0,6410.0,6260.0,6330.0,2213780467540.0,349695944,22662,D,6200.0,6290.0,1969.3110733710034,2003.69586989018,1956.807511000394,1978.6887451489606,1938.0521674444794,1966.185182778351,692003553768.0887
2023-04-16,S*Mobarakeh Steel,6400.0,6420.0,6250.0,6320.0,1935944442670.0,306540311,18765,D,6330.0,6290.0,2000.5699792975277,2006.8217604828324,1953.6816204077415,1975.5628545563081,1978.6887451489606,1966.185182778351,605155052123.9822
2023-04-17,S*Mobarakeh Steel,6330.0,6460.0,6270.0,6340.0,2219063608240.0,350123370,19831,D,6320.0,6320.0,1978.6887451489606,2019.3253228534415,1959.9334015930463,1981.8146357416133,1975.5628545563081,1975.5628545563081,693655005749.4677
2023-04-18,S*Mobarakeh Steel,6310.0,6500.0,6260.0,6370.0,2566986246960.0,403022157,24710,D,6340.0,6300.0,1972.436963963656,2031.8288852240512,1956.807511000394,1991.1923075195705,1981.8146357416133,1969.3110733710034,802411816084.032
2023-04-19,S*Mobarakeh Steel,6370.0,6410.0,6230.0,6310.0,1583916262900.0,250828258,16527,D,6370.0,6300.0,1991.1923075195705,2003.69586989018,1947.429839222437,1972.436963963656,1991.1923075195705,1969.3110733710034,495114894574.8235
2023-04-24,S*Mobarakeh Steel,6310.0,6340.0,6210.0,6280.0,1510387193840.0,240649139,14505,D,6310.0,6320.0,1972.436963963656,1981.8146357416133,1941.1780580371321,1963.0592921856992,1972.436963963656,1975.5628545563081,472130512048.70935
2023-04-25,S*Mobarakeh Steel,6240.0,6490.0,6240.0,6390.0,2123572147670.0,332099309,16769,D,6280.0,6340.0,1950.5557298150889,2028.7029946313996,1950.5557298150889,1997.4440887048752,1963.0592921856992,1981.8146357416133,663805419922.0277
2023-04-26,S*Mobarakeh Steel,6330.0,6500.0,6250.0,6400.0,2233264838470.0,349071534,17351,D,6390.0,6490.0,1978.6887451489606,2031.8288852240512,1953.6816204077415,2000.5699792975277,1997.4440887048752,2028.7029946313996,698094154947.4725
2023-04-29,S*Mobarakeh Steel,6670.0,6840.0,6670.0,6840.0,7012763736540.0,1025644709,28194,D,6400.0,6840.0,2084.969025299142,2138.109165374233,2084.969025299142,2138.109165374233,2000.5699792975277,2138.109165374233,2192113219254.4182
2023-04-30,S*Mobarakeh Steel,7060.0,7290.0,6880.0,7050.0,4477107510650.0,634600863,30140,D,6840.0,7110.0,2206.878758412585,2278.7742420435898,2150.6127277448422,2203.752867819933,2138.109165374233,2222.508211375847,1399494824983.4177
2023-05-01,S*Mobarakeh Steel,7150.0,7170.0,6890.0,7070.0,3050000331340.0,431638871,22946,D,7050.0,7120.0,2235.011773746456,2241.2635549317615,2153.7386183374947,2210.0046490052378,2203.752867819933,2225.6341019684996,953396734332.2369
2023-05-02,S*Mobarakeh Steel,7180.0,7370.0,7120.0,7280.0,2705467767180.0,371862610,18811,D,7070.0,7350.0,2244.3894455244135,2303.781366784809,2225.6341019684996,2275.6483514509373,2210.0046490052378,2297.529585599504,845699624215.2222
2023-05-03,S*Mobarakeh Steel,7340.0,7340.0,7140.0,7240.0,2298557054950.0,317542345,18767,D,7280.0,7210.0,2294.4036950068516,2294.4036950068516,2231.885883153804,2263.1447890803283,2275.6483514509373,2253.767117302371,718503787474.298
2023-05-06,S*Mobarakeh Steel,7260.0,7360.0,7090.0,7230.0,2234693932710.0,308938513,19750,D,7240.0,7240.0,2269.396570265633,2300.6554761921566,2216.2564301905422,2260.018898487675,2263.1447890803283,2263.1447890803283,698540874171.5555
2023-05-07,S*Mobarakeh Steel,7230.0,7250.0,6730.0,6880.0,3997894227690.0,580962258,30154,D,7230.0,6730.0,2260.018898487675,2266.27067967298,2103.7243688550566,2150.6127277448422,2260.018898487675,2103.7243688550566,1249697995675.5452
2023-05-08,S*Mobarakeh Steel,6540.0,6870.0,6400.0,6480.0,2776594816510.0,428610795,20532,D,6880.0,6400.0,2044.3324475946615,2147.48683715219,2000.5699792975277,2025.5771040387463,2150.6127277448422,2000.5699792975277,867933161653.5988
2023-05-09,S*Mobarakeh Steel,6170.0,6800.0,6170.0,6580.0,1890052079370.0,287446777,20856,D,6480.0,6730.0,1928.6744956665227,2125.605603003623,1928.6744956665227,2056.8360099652705,2025.5771040387463,2103.7243688550566,590809601452.5765
2023-05-10,S*Mobarakeh Steel,6820.0,6820.0,6420.0,6560.0,2096274772860.0,319702220,16084,D,6580.0,6620.0,2131.8573841889283,2131.8573841889283,2006.8217604828324,2050.584228779966,2056.8360099652705,2069.33957233588,655272559209.7594
2023-05-13,S*Mobarakeh Steel,6560.0,6610.0,6200.0,6420.0,2717886991480.0,423664181,19008,D,6560.0,6520.0,2050.584228779966,2066.213681743228,1938.0521674444794,2006.8217604828324,2050.584228779966,2038.080666409356,849581737855.9629
2023-05-14,S*Mobarakeh Steel,6460.0,6790.0,6460.0,6670.0,1523085572110.0,228292468,13592,D,6420.0,6700.0,2019.3253228534415,2122.479712410971,2019.3253228534415,2084.969025299142,2006.8217604828324,2094.346697077099,476099886166.3228
2023-05-15,S*Mobarakeh Steel,6750.0,6760.0,6590.0,6680.0,1261697714760.0,188982290,10152,D,6670.0,6730.0,2109.976150040361,2113.102040633013,2059.9619005579225,2088.0949158917942,2084.969025299142,2103.7243688550566,394392901733.9299
2023-05-20,S*Mobarakeh Steel,6500.0,6520.0,6380.0,6440.0,1272714440960.0,197492942,11166,D,6680.0,6470.0,2031.8288852240512,2038.080666409356,1994.318198112223,2013.073541668137,2088.0949158917942,2022.4512134460945,397836609812.9706
2023-05-21,S*Mobarakeh Steel,6380.0,6570.0,6320.0,6440.0,1905657025340.0,295904651,12351,D,6440.0,6530.0,1994.318198112223,2053.710119372618,1975.5628545563081,2013.073541668137,2013.073541668137,2041.2065570020081,595687536833.2238
2023-05-22,S*Mobarakeh Steel,6530.0,6580.0,6360.0,6410.0,1235376975570.0,192852613,12317,D,6440.0,6380.0,2041.2065570020081,2056.8360099652705,1988.066416926918,2003.69586989018,2013.073541668137,1994.318198112223,386165326631.362
2023-05-23,S*Mobarakeh Steel,6440.0,6450.0,6310.0,6370.0,1152876798980.0,181098784,11495,D,6410.0,6340.0,2013.073541668137,2016.1994322607893,1972.436963963656,1991.1923075195705,2003.69586989018,1981.8146357416133,360376674041.8779
2023-05-24,S*Mobarakeh Steel,6450.0,6460.0,6320.0,6360.0,927961435990.0,145969153,9183,D,6370.0,6330.0,2016.1994322607893,2019.3253228534415,1975.5628545563081,1988.066416926918,1991.1923075195705,1978.6887451489606,290070592310.53406
2023-05-27,S*Mobarakeh Steel,6300.0,6370.0,6170.0,6250.0,1137412879310.0,181880942,11296,D,6360.0,6300.0,1969.3110733710034,1991.1923075195705,1928.6744956665227,1953.6816204077415,1988.066416926918,1969.3110733710034,355542821939.6794
2023-05-28,S*Mobarakeh Steel,6220.0,6250.0,6070.0,6130.0,1045888233340.0,170660998,10058,D,6250.0,6210.0,1944.3039486297846,1953.6816204077415,1897.4155897399992,1916.1709332959133,1953.6816204077415,1941.1780580371321,326933218956.333
2023-05-29,S*Mobarakeh Steel,6210.0,6230.0,6110.0,6140.0,752948297630.0,122716152,7651,D,6130.0,6120.0,1941.1780580371321,1947.429839222437,1909.9191521106086,1919.2968238885658,1916.1709332959133,1913.0450427032606,235363400031.52466
2023-05-30,S*Mobarakeh Steel,6200.0,6210.0,6120.0,6140.0,903794608510.0,147161500,7310,D,6140.0,6150.0,1938.0521674444794,1941.1780580371321,1913.0450427032606,1919.2968238885658,1919.2968238885658,1922.4227144812176,282516306443.13556
2023-05-31,S*Mobarakeh Steel,6150.0,6150.0,6020.0,6100.0,811105276080.0,132886502,6705,D,6140.0,6140.0,1922.4227144812176,1922.4227144812176,1881.7861367767373,1906.793261517956,1919.2968238885658,1919.2968238885658,253542635214.91895
2023-06-03,S*Mobarakeh Steel,6140.0,6160.0,6090.0,6120.0,414735237480.0,67822579,5756,D,6100.0,6100.0,1919.2968238885658,1925.54860507387,1903.6673709253034,1913.0450427032606,1906.793261517956,1906.793261517956,129641697728.01857
2023-06-06,S*Mobarakeh Steel,6150.0,6150.0,6100.0,6130.0,702581765230.0,114689026,6008,D,6120.0,6130.0,1922.4227144812176,1922.4227144812176,1906.793261517956,1916.1709332959133,1913.0450427032606,1916.1709332959133,219619373050.15646
2023-06-07,S*Mobarakeh Steel,6130.0,6200.0,6090.0,6130.0,746408573560.0,121742996,6172,D,6130.0,6140.0,1916.1709332959133,1938.0521674444794,1903.6673709253034,1916.1709332959133,1916.1709332959133,1919.2968238885658,233319153836.6291
2023-06-10,S*Mobarakeh Steel,6060.0,6100.0,5820.0,5890.0,1228038798250.0,208352537,10322,D,6130.0,5870.0,1894.2896991473463,1906.793261517956,1819.2683249236893,1841.149559072256,1916.1709332959133,1834.8977778869512,383871492686.18164
2023-06-11,S*Mobarakeh Steel,5860.0,5860.0,5740.0,5820.0,785385098990.0,134906296,9300,D,5890.0,5810.0,1831.771887294299,1831.771887294299,1794.26120018247,1819.2683249236893,1841.149559072256,1816.1424343310366,245502789254.22043
2023-06-12,S*Mobarakeh Steel,5700.0,5700.0,5460.0,5520.0,1397220009370.0,253173030,15366,D,5820.0,5510.0,1781.7576378118606,1781.7576378118606,1706.736263588203,1725.4916071441173,1819.2683249236893,1722.365716551465,436755688315.53625
2023-06-13,S*Mobarakeh Steel,5500.0,5700.0,5500.0,5590.0,535405416970.0,95755494,6673,D,5520.0,5630.0,1719.2398259588124,1781.7576378118606,1719.2398259588124,1747.3728412926844,1725.4916071441173,1759.876403663294,167361875616.16513
2023-06-14,S*Mobarakeh Steel,5730.0,5910.0,5680.0,5820.0,365445544530.0,62838935,6240,D,5590.0,5800.0,1791.1353095898173,1847.4013402575606,1775.505856626556,1819.2683249236893,1747.3728412926844,1813.0165437383844,114234278977.3056
2023-06-17,S*Mobarakeh Steel,5820.0,5910.0,5750.0,5810.0,366496391920.0,63127519,5687,D,5820.0,5750.0,1819.2683249236893,1847.4013402575606,1797.3870907751225,1816.1424343310366,1819.2683249236893,1797.3870907751225,114562762374.377
2023-06-18,S*Mobarakeh Steel,5790.0,5820.0,5590.0,5770.0,700113177290.0,121290120,5627,D,5810.0,5780.0,1809.890653145732,1819.2683249236893,1747.3728412926844,1803.6388719604274,1816.1424343310366,1806.7647625530794,218847719468.2784
2023-06-19,S*Mobarakeh Steel,5820.0,5820.0,5680.0,5710.0,566527478590.0,99238817,5748,D,5770.0,5690.0,1819.2683249236893,1819.2683249236893,1775.505856626556,1784.8835284045128,1803.6388719604274,1778.6317472192081,177090291580.35577
2023-06-20,S*Mobarakeh Steel,5710.0,5770.0,5640.0,5680.0,262440230040.0,46171020,4077,D,5710.0,5700.0,1784.8835284045128,1803.6388719604274,1763.0022942559465,1775.505856626556,1784.8835284045128,1781.7576378118606,82035944621.55644
2023-06-21,S*Mobarakeh Steel,5700.0,5750.0,5570.0,5660.0,420564575410.0,74345505,6119,D,5680.0,5640.0,1781.7576378118606,1797.3870907751225,1741.1210601073797,1769.254075441251,1775.505856626556,1763.0022942559465,131463884987.69646
2023-06-24,S*Mobarakeh Steel,5600.0,5660.0,5540.0,5580.0,458262281810.0,82124904,7530,D,5660.0,5620.0,1750.4987318853366,1769.254075441251,1731.743388329422,1744.2469507000321,1769.254075441251,1756.750513070641,143247775567.7296
2023-06-25,S*Mobarakeh Steel,5620.0,5780.0,5580.0,5650.0,375208908800.0,66455705,5943,D,5580.0,5600.0,1756.750513070641,1806.7647625530794,1744.2469507000321,1766.1281848485985,1744.2469507000321,1750.4987318853366,117286199829.72874
2023-06-26,S*Mobarakeh Steel,5600.0,5730.0,5560.0,5690.0,516200388690.0,90734114,5471,D,5650.0,5690.0,1750.4987318853366,1791.1353095898173,1737.995169514727,1778.6317472192081,1766.1281848485985,1778.6317472192081,161358593892.95767
2023-06-27,S*Mobarakeh Steel,5700.0,5750.0,5570.0,5620.0,326438966470.0,58122823,4637,D,5690.0,5620.0,1781.7576378118606,1797.3870907751225,1741.1210601073797,1756.750513070641,1778.6317472192081,1756.750513070641,102041249436.37407
2023-06-28,S*Mobarakeh Steel,5620.0,5640.0,5540.0,5580.0,242127726360.0,43415863,4089,D,5620.0,5570.0,1756.750513070641,1763.0022942559465,1731.743388329422,1744.2469507000321,1756.750513070641,1741.1210601073797,75686478204.90352
2023-07-01,S*Mobarakeh Steel,5560.0,5580.0,5490.0,5520.0,294346431610.0,53327532,6061,D,5580.0,5500.0,1737.995169514727,1744.2469507000321,1716.1139353661601,1725.4916071441173,1744.2469507000321,1719.2398259588124,92009474155.0498
2023-07-02,S*Mobarakeh Steel,5500.0,5660.0,5490.0,5580.0,263771620220.0,47231036,4386,D,5520.0,5600.0,1719.2398259588124,1769.254075441251,1716.1139353661601,1744.2469507000321,1725.4916071441173,1750.4987318853366,82452122625.43762
2023-07-03,S*Mobarakeh Steel,5640.0,5880.0,5590.0,5740.0,605475180490.0,105465938,6428,D,5580.0,5830.0,1763.0022942559465,1838.0236684796034,1747.3728412926844,1794.26120018247,1744.2469507000321,1822.3942155163415,189264917077.81967
2023-07-04,S*Mobarakeh Steel,5870.0,6030.0,5840.0,5930.0,773796643330.0,130524700,8122,D,5740.0,5900.0,1834.8977778869512,1884.9120273693889,1825.520106108994,1853.6531214428653,1794.26120018247,1844.275449664908,241880364801.1241
2023-07-05,S*Mobarakeh Steel,5870.0,5980.0,5850.0,5910.0,393681573340.0,66622061,4641,D,5930.0,5890.0,1834.8977778869512,1869.2825744061274,1828.6459967016465,1847.4013402575606,1853.6531214428653,1841.149559072256,123060552660.40965
2023-07-08,S*Mobarakeh Steel,5900.0,5930.0,5760.0,5830.0,379839246810.0,65120779,5495,D,5910.0,5770.0,1844.275449664908,1853.6531214428653,1800.5129813677747,1822.3942155163415,1847.4013402575606,1803.6388719604274,118733592832.3547
2023-07-09,S*Mobarakeh Steel,5770.0,5850.0,5730.0,5800.0,412802169770.0,71151549,4266,D,5830.0,5800.0,1803.6388719604274,1828.6459967016465,1791.1353095898173,1813.0165437383844,1822.3942155163415,1813.0165437383844,129037441911.05363
2023-07-10,S*Mobarakeh Steel,5800.0,5880.0,5750.0,5770.0,437017503480.0,75699210,4154,D,5800.0,5750.0,1813.0165437383844,1838.0236684796034,1797.3870907751225,1803.6388719604274,1813.0165437383844,1797.3870907751225,136606890295.25636
2023-07-11,S*Mobarakeh Steel,5720.0,5780.0,5570.0,5670.0,850373519530.0,149920504,6515,D,5770.0,5580.0,1788.009418997165,1806.7647625530794,1741.1210601073797,1772.379966033903,1803.6388719604274,1744.2469507000321,265817458493.9528
2023-07-12,S*Mobarakeh Steel,5570.0,5600.0,5370.0,5470.0,580084861150.0,106044406,7687,D,5670.0,5520.0,1741.1210601073797,1750.4987318853366,1678.6032482543317,1709.8621541808554,1772.379966033903,1725.4916071441173,181328181040.8851
2023-07-15,S*Mobarakeh Steel,5530.0,5600.0,5470.0,5530.0,414984014580.0,75064706,5105,D,5470.0,5510.0,1728.61749773677,1750.4987318853366,1709.8621541808554,1728.61749773677,1709.8621541808554,1722.365716551465,129719462727.67429
2023-07-16,S*Mobarakeh Steel,5520.0,5520.0,5270.0,5340.0,529456947970.0,99060289,6711,D,5530.0,5340.0,1725.4916071441173,1725.4916071441173,1647.3443423278077,1669.2255764763747,1728.61749773677,1669.2255764763747,165502449287.38672
2023-07-17,S*Mobarakeh Steel,5280.0,5340.0,5000.0,5140.0,907932231800.0,176626718,9791,D,5340.0,5260.0,1650.4702329204601,1669.2255764763747,1562.9452963261936,1606.7077646233265,1669.2255764763747,1644.2184517351552,283809682214.9506
2023-07-18,S*Mobarakeh Steel,5260.0,5490.0,5260.0,5460.0,1223447932340.0,224243595,9760,D,5140.0,5490.0,1644.2184517351552,1716.1139353661601,1644.2184517351552,1706.736263588203,1606.7077646233265,1716.1139353661601,382436438230.1619
2023-07-24,S*Mobarakeh Steel,5010.0,5050.0,4990.0,5020.0,286859922500.0,57109828,3685,D,4960.0,5050.0,1723.9412662453424,1737.7052683710535,1717.0592651824863,1727.3822667767702,1706.7362635882032,1737.7052683710535,98708514576.78458
2023-07-25,S*Mobarakeh Steel,5070.0,5140.0,4980.0,5030.0,357380335300.0,71003596,6135,D,5020.0,5010.0,1744.5872694339093,1768.6742731539039,1713.6182646510588,1730.8232673081982,1727.3822667767702,1723.9412662453424,122974592368.91557
2023-07-26,S*Mobarakeh Steel,5000.0,5030.0,4920.0,5000.0,278767916960.0,55747071,4389,D,5030.0,5000.0,1720.5002657139148,1730.8232673081982,1692.9722614624918,1720.5002657139148,1730.8232673081982,1720.5002657139148,95924055040.43889
2023-07-29,S*Mobarakeh Steel,5000.0,5030.0,4970.0,4990.0,328165918750.0,65750231,4100,D,5000.0,4990.0,1720.5002657139148,1730.8232673081982,1710.177264119631,1717.0592651824863,1720.5002657139148,1717.0592651824863,112921910081.52518
2023-07-30,S*Mobarakeh Steel,4990.0,5020.0,4900.0,4940.0,648448927660.0,131186888,5611,D,4990.0,4920.0,1717.0592651824863,1727.3822667767702,1686.090260399636,1699.8542625253478,1717.0592651824863,1692.9722614624918,223131310468.18655
2023-07-31,S*Mobarakeh Steel,4900.0,5040.0,4890.0,4970.0,323903370810.0,65185000,3457,D,4940.0,4960.0,1686.090260399636,1734.2642678396257,1682.6492598682084,1710.177264119631,1699.8542625253478,1706.7362635882032,111455167108.84752
2023-08-01,S*Mobarakeh Steel,5040.0,5160.0,4960.0,5010.0,568271495760.0,113361598,5019,D,4970.0,5160.0,1734.2642678396257,1775.55627421676,1706.7362635882032,1723.9412662453424,1710.177264119631,1775.55627421676,195542251890.54474
2023-08-05,S*Mobarakeh Steel,5140.0,5360.0,5140.0,5300.0,729924724230.0,137682646,7365,D,5010.0,5360.0,1768.6742731539039,1844.3762848453166,1768.6742731539039,1823.7302816567494,1723.9412662453424,1844.3762848453166,251167136397.7742
2023-08-06,S*Mobarakeh Steel,5380.0,5400.0,5250.0,5340.0,461207779340.0,86390288,4993,D,5300.0,5390.0,1851.258285908172,1858.1402869710278,1806.5252789996102,1837.4942837824608,1823.7302816567494,1854.6992864396,158701621380.7589
2023-08-07,S*Mobarakeh Steel,5430.0,5430.0,5310.0,5370.0,451874959030.0,84210683,3384,D,5340.0,5350.0,1868.4632885653111,1868.4632885653111,1827.171282188177,1847.8172853767442,1837.4942837824608,1840.9352843138886,155490197416.1158
2023-08-08,S*Mobarakeh Steel,5340.0,5390.0,5220.0,5350.0,458090474400.0,85572351,3271,D,5370.0,5340.0,1837.4942837824608,1854.6992864396,1796.2022774053269,1840.9352843138886,1847.8172853767442,1837.4942837824608,157628956585.2426
2023-08-09,S*Mobarakeh Steel,5350.0,5400.0,5270.0,5320.0,313332478140.0,58903565,3338,D,5350.0,5320.0,1840.9352843138886,1858.1402869710278,1813.4072800624658,1830.6122827196048,1840.9352843138886,1830.6122827196048,107817722379.33388
2023-08-12,S*Mobarakeh Steel,5200.0,5310.0,5110.0,5160.0,554045895380.0,107356345,4451,D,5320.0,5130.0,1789.320276342471,1827.171282188177,1758.3512715596205,1775.55627421676,1830.6122827196048,1765.2332726224765,190647222043.79874
2023-08-13,S*Mobarakeh Steel,5120.0,5220.0,5100.0,5170.0,303011290920.0,58579340,3139,D,5160.0,5180.0,1761.7922720910487,1796.2022774053269,1754.9102710281927,1778.9972747481877,1775.55627421676,1782.4382752796157,104266201308.43526
2023-08-14,S*Mobarakeh Steel,5180.0,5250.0,5120.0,5170.0,359684109890.0,69543411,3425,D,5170.0,5160.0,1782.4382752796157,1806.5252789996102,1761.7922720910487,1778.9972747481877,1778.9972747481877,1775.55627421676,123767321327.76355
2023-08-15,S*Mobarakeh Steel,5120.0,5180.0,5080.0,5120.0,332716507350.0,64986507,2926,D,5170.0,5100.0,1761.7922720910487,1782.4382752796157,1748.028269965337,1761.7922720910487,1778.9972747481877,1754.9102710281927,114487767860.6161
2023-08-16,S*Mobarakeh Steel,5090.0,5140.0,5080.0,5110.0,318954306680.0,62458561,3092,D,5120.0,5100.0,1751.469270496765,1768.6742731539039,1748.028269965337,1758.3512715596205,1761.7922720910487,1754.9102710281927,109752193878.70747
2023-08-19,S*Mobarakeh Steel,5070.0,5110.0,5010.0,5050.0,379251242390.0,75146488,4036,D,5110.0,5050.0,1744.5872694339093,1758.3512715596205,1723.9412662453424,1737.7052683710535,1758.3512715596205,1737.7052683710535,130500372660.86545
2023-08-20,S*Mobarakeh Steel,5050.0,5080.0,5040.0,5050.0,373197419020.0,73867748,3473,D,5050.0,5050.0,1737.7052683710535,1748.028269965337,1734.2642678396257,1737.7052683710535,1737.7052683710535,1737.7052683710535,128417251717.53142
2023-08-21,S*Mobarakeh Steel,5060.0,5110.0,5040.0,5060.0,263109900620.0,52038276,2807,D,5050.0,5070.0,1741.1462689024816,1758.3512715596205,1734.2642678396257,1741.1462689024816,1737.7052683710535,1744.5872694339093,90536130785.73433
2023-08-22,S*Mobarakeh Steel,5070.0,5070.0,4970.0,5000.0,385567565300.0,77110559,3725,D,5060.0,4990.0,1744.5872694339093,1744.5872694339093,1710.177264119631,1720.5002657139148,1741.1462689024816,1717.0592651824863,132673819709.8634
2023-08-23,S*Mobarakeh Steel,4960.0,5050.0,4950.0,5000.0,348934801190.0,69737133,3823,D,5000.0,5040.0,1706.7362635882032,1737.7052683710535,1703.2952630567756,1720.5002657139148,1720.5002657139148,1734.2642678396257,120068483632.84538
2023-08-26,S*Mobarakeh Steel,5110.0,5310.0,5050.0,5220.0,801176126890.0,153494477,5931,D,5000.0,5260.0,1758.3512715596205,1827.171282188177,1737.7052683710535,1796.2022774053269,1720.5002657139148,1809.9662795310378,275684747839.57794
2023-08-27,S*Mobarakeh Steel,5340.0,5580.0,5270.0,5500.0,1282123166740.0,233151626,9017,D,5220.0,5520.0,1837.4942837824608,1920.0782965367289,1813.4072800624658,1892.5502922853057,1796.2022774053269,1899.4322933481615,441178649810.8271
2023-08-28,S*Mobarakeh Steel,5590.0,5690.0,5480.0,5580.0,929474239300.0,166512551,7310,D,5500.0,5550.0,1923.5192970681567,1957.9293023824348,1885.6682912224503,1920.0782965367289,1892.5502922853057,1909.755294942445,319832135137.9777
2023-08-29,S*Mobarakeh Steel,5630.0,5730.0,5520.0,5610.0,739763385740.0,131877599,5665,D,5580.0,5530.0,1937.283299193868,1971.6933045081457,1899.4322933481615,1930.401298131012,1920.0782965367289,1902.8732938795895,254552620346.21896
2023-08-30,S*Mobarakeh Steel,5510.0,5730.0,5510.0,5620.0,708472236280.0,125955299,5462,D,5610.0,5610.0,1895.9912928167337,1971.6933045081457,1895.9912928167337,1933.8422986624396,1930.401298131012,1930.401298131012,243785334154.13425
2023-09-02,S*Mobarakeh Steel,5660.0,5720.0,5490.0,5590.0,750707152930.0,134370385,5570,D,5620.0,5590.0,1947.6063007881512,1968.252303976718,1889.1092917538779,1923.5192970681567,1933.8422986624396,1923.5192970681567,258318371217.8803
2023-09-03,S*Mobarakeh Steel,5590.0,5660.0,5520.0,5600.0,359584676330.0,64217517,3701,D,5590.0,5600.0,1923.5192970681567,1947.6063007881512,1899.4322933481615,1926.9602975995842,1923.5192970681567,1926.9602975995842,123733106234.48338
2023-09-04,S*Mobarakeh Steel,5550.0,5740.0,5530.0,5670.0,569980974380.0,100566866,4414,D,5600.0,5660.0,1909.755294942445,1975.134305039574,1902.8732938795895,1951.0473013195788,1926.9602975995842,1947.6063007881512,196130483574.53317
2023-09-05,S*Mobarakeh Steel,5690.0,5800.0,5590.0,5680.0,686716882640.0,120871716,5165,D,5670.0,5620.0,1957.9293023824348,1995.780308228141,1923.5192970681567,1954.4883018510072,1951.0473013195788,1933.8422986624396,236299315810.4702
2023-09-09,S*Mobarakeh Steel,5590.0,5760.0,5550.0,5610.0,440403930660.0,78512848,4207,D,5680.0,5550.0,1923.5192970681567,1982.0163061024296,1909.755294942445,1930.401298131012,1954.4883018510072,1909.755294942445,151543015944.39645
2023-09-10,S*Mobarakeh Steel,5520.0,5600.0,5470.0,5570.0,615543299200.0,110475841,3824,D,5610.0,5550.0,1899.4322933481615,1926.9602975995842,1882.2272906910223,1916.637296005301,1930.401298131012,1909.755294942445,211808481966.40393
2023-09-11,S*Mobarakeh Steel,5530.0,5600.0,5500.0,5550.0,412089056980.0,74309985,3419,D,5570.0,5590.0,1902.8732938795895,1926.9602975995842,1892.5502922853057,1909.755294942445,1916.637296005301,1923.5192970681567,141799866406.3773
2023-09-12,S*Mobarakeh Steel,5600.0,5600.0,5530.0,5560.0,400713351140.0,72110806,2838,D,5550.0,5550.0,1926.9602975995842,1926.9602975995842,1902.8732938795895,1913.1962954738729,1909.755294942445,1909.755294942445,137885485422.2966
2023-09-13,S*Mobarakeh Steel,5560.0,5600.0,5530.0,5560.0,576948771280.0,103681013,5175,D,5560.0,5560.0,1913.1962954738729,1926.9602975995842,1902.8732938795895,1913.1962954738729,1913.1962954738729,1913.1962954738729,198528102858.1113
2023-09-17,S*Mobarakeh Steel,5560.0,5660.0,5530.0,5570.0,462779827120.0,83045619,4871,D,5560.0,5560.0,1913.1962954738729,1947.6063007881512,1902.8732938795895,1916.637296005301,1913.1962954738729,1913.1962954738729,159242563105.3999
2023-09-18,S*Mobarakeh Steel,5550.0,5610.0,5530.0,5570.0,841007473450.0,151092451,4354,D,5570.0,5560.0,1909.755294942445,1930.401298131012,1902.8732938795895,1916.637296005301,1916.637296005301,1913.1962954738729,289390716307.6226
2023-09-19,S*Mobarakeh Steel,5570.0,5620.0,5550.0,5600.0,694572642810.0,124079974,3278,D,5570.0,5610.0,1916.637296005301,1933.8422986624396,1909.755294942445,1926.9602975995842,1916.637296005301,1930.401298131012,239002483302.44418
2023-09-20,S*Mobarakeh Steel,5610.0,5650.0,5530.0,5590.0,714668257920.0,127810415,3542,D,5600.0,5600.0,1930.401298131012,1944.1653002567234,1902.8732938795895,1923.5192970681567,1926.9602975995842,1926.9602975995842,245917385529.73206
2023-09-23,S*Mobarakeh Steel,5550.0,5610.0,5550.0,5590.0,384804733880.0,68876272,3201,D,5590.0,5580.0,1909.755294942445,1930.401298131012,1909.755294942445,1923.5192970681567,1923.5192970681567,1920.0782965367289,132411329377.70242
2023-09-25,S*Mobarakeh Steel,5580.0,5610.0,5490.0,5540.0,625239052600.0,112842856,4224,D,5590.0,5540.0,1920.0782965367289,1930.401298131012,1889.1092917538779,1906.314294411017,1923.5192970681567,1906.314294411017,215144791226.6032
2023-09-26,S*Mobarakeh Steel,5560.0,5560.0,5500.0,5520.0,455205434330.0,82486265,4196,D,5540.0,5510.0,1913.1962954738729,1913.1962954738729,1892.5502922853057,1899.4322933481615,1906.314294411017,1895.9912928167337,156636214143.83658
2023-09-27,S*Mobarakeh Steel,5500.0,5540.0,5460.0,5500.0,493620180690.0,89692328,3700,D,5520.0,5510.0,1892.5502922853057,1906.314294411017,1878.7862901595945,1892.5502922853057,1899.4322933481615,1895.9912928167337,169854730407.7791
2023-09-30,S*Mobarakeh Steel,5510.0,5550.0,5340.0,5410.0,570334130350.0,105515003,6119,D,5500.0,5350.0,1895.9912928167337,1909.755294942445,1837.4942837824608,1861.5812875024553,1892.5502922853057,1840.9352843138886,196252004562.57785
2023-10-01,S*Mobarakeh Steel,5410.0,5430.0,5280.0,5310.0,570268323740.0,107429619,4875,D,5410.0,5300.0,1861.5812875024553,1868.4632885653111,1816.8482805938936,1827.171282188177,1861.5812875024553,1823.7302816567494,196229360504.5797
2023-10-02,S*Mobarakeh Steel,5280.0,5350.0,5250.0,5300.0,576615417190.0,108710565,4104,D,5310.0,5300.0,1816.8482805938936,1840.9352843138886,1806.5252789996102,1823.7302816567494,1827.171282188177,1823.7302816567494,198413395698.02692
2023-10-04,S*Mobarakeh Steel,5310.0,5360.0,5290.0,5300.0,457959894210.0,86346374,3694,D,5300.0,5310.0,1827.171282188177,1844.3762848453166,1820.2892811253216,1823.7302816567494,1823.7302816567494,1827.171282188177,157584023934.9242
2023-10-07,S*Mobarakeh Steel,5300.0,5350.0,5260.0,5290.0,536383135250.0,101466441,3916,D,5300.0,5290.0,1823.7302816567494,1840.9352843138886,1809.9662795310378,1820.2892811253216,1823.7302816567494,1820.2892811253216,184569465344.4175
2023-10-08,S*Mobarakeh Steel,5260.0,5270.0,5080.0,5130.0,694376466380.0,135307065,6297,D,5290.0,5150.0,1809.9662795310378,1813.4072800624658,1748.028269965337,1765.2332726224765,1820.2892811253216,1772.115273685332,238934978982.4558
2023-10-09,S*Mobarakeh Steel,5080.0,5400.0,5080.0,5230.0,360610966990.0,68912694,4532,D,5130.0,5180.0,1748.028269965337,1858.1402869710278,1748.028269965337,1799.6432779367544,1765.2332726224765,1782.4382752796157,124086252905.12935
2023-10-10,S*Mobarakeh Steel,5230.0,5290.0,5190.0,5240.0,304420550580.0,58044386,3111,D,5230.0,5260.0,1799.6432779367544,1820.2892811253216,1785.8792758110433,1803.0842784681824,1799.6432779367544,1809.9662795310378,104751127632.33324
2023-10-11,S*Mobarakeh Steel,5300.0,5300.0,5190.0,5220.0,254034855800.0,48623209,3041,D,5240.0,5230.0,1823.7302816567494,1823.7302816567494,1785.8792758110433,1796.2022774053269,1803.0842784681824,1799.6432779367544,87413407380.89919
2023-10-14,S*Mobarakeh Steel,5220.0,5230.0,5050.0,5140.0,357513300850.0,69556400,3455,D,5220.0,5150.0,1796.2022774053269,1799.6432779367544,1737.7052683710535,1768.6742731539039,1796.2022774053269,1772.115273685332,123020345821.73671
2023-10-15,S*Mobarakeh Steel,5120.0,5250.0,5110.0,5180.0,376248755790.0,72600489,3218,D,5140.0,5240.0,1761.7922720910487,1806.5252789996102,1758.3512715596205,1782.4382752796157,1768.6742731539039,1803.0842784681824,129467216862.24495
2023-10-16,S*Mobarakeh Steel,5200.0,5290.0,5200.0,5240.0,254318726760.0,48551498,3016,D,5180.0,5280.0,1789.320276342471,1820.2892811253216,1789.320276342471,1803.0842784681824,1782.4382752796157,1816.8482805938936,87511087393.32088
2023-10-18,S*Mobarakeh Steel,5240.0,5280.0,5190.0,5230.0,463799376820.0,88764855,2908,D,5240.0,5260.0,1803.0842784681824,1816.8482805938936,1785.8792758110433,1799.6432779367544,1803.0842784681824,1809.9662795310378,159593390211.3516
2023-10-21,S*Mobarakeh Steel,5210.0,5240.0,5180.0,5210.0,462595759440.0,88739679,3320,D,5230.0,5190.0,1792.761276873899,1803.0842784681824,1782.4382752796157,1792.761276873899,1799.6432779367544,1785.8792758110433,159179225406.93002
2023-10-22,S*Mobarakeh Steel,5300.0,5440.0,5300.0,5370.0,514261021560.0,95757133,5329,D,5210.0,5380.0,1823.7302816567494,1871.9042890967387,1823.7302816567494,1847.8172853767442,1792.761276873899,1851.258285908172,176957244848.05783
2023-10-23,S*Mobarakeh Steel,5380.0,5460.0,5350.0,5390.0,463064870970.0,85893078,4015,D,5370.0,5390.0,1851.258285908172,1878.7862901595945,1840.9352843138886,1854.6992864396,1847.8172853767442,1854.6992864396,159340646709.3329
2023-10-24,S*Mobarakeh Steel,5360.0,5400.0,5280.0,5320.0,519055203910.0,97500089,3586,D,5390.0,5300.0,1844.3762848453166,1858.1402869710278,1816.8482805938936,1830.6122827196048,1854.6992864396,1823.7302816567494,178606923249.46902
2023-10-25,S*Mobarakeh Steel,5330.0,5390.0,5320.0,5350.0,329141791540.0,61496230,2980,D,5320.0,5350.0,1834.053283251033,1854.6992864396,1830.6122827196048,1840.9352843138886,1830.6122827196048,1840.9352843138886,113257707960.42477
2023-10-28,S*Mobarakeh Steel,5330.0,5330.0,5160.0,5200.0,634709280980.0,122006100,5596,D,5350.0,5160.0,1834.053283251033,1834.053283251033,1775.55627421676,1789.320276342471,1840.9352843138886,1775.55627421676,218403497315.43555
2023-10-29,S*Mobarakeh Steel,5170.0,5270.0,5160.0,5230.0,298969240230.0,57169267,3255,D,5200.0,5260.0,1778.9972747481877,1813.4072800624658,1775.55627421676,1799.6432779367544,1789.320276342471,1809.9662795310378,102875331451.20044
2023-10-30,S*Mobarakeh Steel,5250.0,5400.0,5250.0,5350.0,322140648670.0,60200487,3317,D,5230.0,5390.0,1806.5252789996102,1858.1402869710278,1806.5252789996102,1840.9352843138886,1799.6432779367544,1854.6992864396,110848614326.79755
2023-10-31,S*Mobarakeh Steel,5400.0,5420.0,5330.0,5360.0,457528960280.0,85290364,3689,D,5350.0,5370.0,1858.1402869710278,1865.0222880338833,1834.053283251033,1844.3762848453166,1840.9352843138886,1847.8172853767442,157435739546.7102
2023-11-01,S*Mobarakeh Steel,5330.0,5410.0,5220.0,5350.0,431903022110.0,80699528,3521,D,5360.0,5390.0,1834.053283251033,1861.5812875024553,1796.2022774053269,1840.9352843138886,1844.3762848453166,1854.6992864396,148617852860.57956
2023-11-04,S*Mobarakeh Steel,5440.0,5630.0,5440.0,5510.0,648678032760.0,117686304,4911,D,5350.0,5500.0,1871.9042890967387,1937.283299193868,1871.9042890967387,1895.9912928167337,1840.9352843138886,1892.5502922853057,223210145545.27188
2023-11-05,S*Mobarakeh Steel,5580.0,5600.0,5510.0,5530.0,481131304090.0,86997345,3855,D,5510.0,5550.0,1920.0782965367289,1926.9602975995842,1895.9912928167337,1902.8732938795895,1895.9912928167337,1909.755294942445,165557307306.0254
2023-11-06,S*Mobarakeh Steel,5570.0,5580.0,5500.0,5540.0,398758116190.0,71995985,3821,D,5530.0,5540.0,1916.637296005301,1920.0782965367289,1892.5502922853057,1906.314294411017,1902.8732938795895,1906.314294411017,137212688972.09499
2023-11-07,S*Mobarakeh Steel,5520.0,5820.0,5520.0,5660.0,662535144710.0,117065433,5807,D,5540.0,5720.0,1899.4322933481615,2002.6623092909967,1899.4322933481615,1947.6063007881512,1906.314294411017,1968.252303976718,227978378503.6724
2023-11-08,S*Mobarakeh Steel,5780.0,5780.0,5600.0,5660.0,582585749420.0,102966683,4525,D,5660.0,5630.0,1988.8983071652851,1988.8983071652851,1926.9602975995842,1947.6063007881512,1947.6063007881512,1937.283299193868,200467787335.65002
2023-11-11,S*Mobarakeh Steel,5600.0,5690.0,5600.0,5640.0,297273997000.0,52665345,3387,D,5660.0,5640.0,1926.9602975995842,1957.9293023824348,1926.9602975995842,1940.7242997252959,1947.6063007881512,1940.7242997252959,102291998165.6675
2023-11-12,S*Mobarakeh Steel,5620.0,5650.0,5570.0,5620.0,368392376120.0,65526288,3061,D,5640.0,5600.0,1933.8422986624396,1944.1653002567234,1916.637296005301,1933.8422986624396,1940.7242997252959,1926.9602975995842,126763836200.28806
2023-11-13,S*Mobarakeh Steel,5660.0,5660.0,5560.0,5600.0,524151242290.0,93677090,3756,D,5620.0,5580.0,1947.6063007881512,1947.6063007881512,1913.1962954738729,1926.9602975995842,1933.8422986624396,1920.0782965367289,180360470326.84467
2023-11-14,S*Mobarakeh Steel,5600.0,5610.0,5500.0,5540.0,283574463940.0,51152018,2790,D,5600.0,5540.0,1926.9602975995842,1930.401298131012,1892.5502922853057,1906.314294411017,1926.9602975995842,1906.314294411017,97577988111.69017
2023-11-15,S*Mobarakeh Steel,5530.0,5540.0,5420.0,5490.0,341105648300.0,62185182,3588,D,5540.0,5490.0,1902.8732938795895,1906.314294411017,1865.0222880338833,1889.1092917538779,1906.314294411017,1889.1092917538779,117374471707.33339
2023-11-18,S*Mobarakeh Steel,5440.0,5490.0,5370.0,5410.0,300027017790.0,55412956,3714,D,5490.0,5420.0,1871.9042890967387,1889.1092917538779,1847.8172853767442,1861.5812875024553,1889.1092917538779,1865.0222880338833,103239312765.80966
2023-11-19,S*Mobarakeh Steel,5400.0,5420.0,5350.0,5380.0,556748833810.0,103415167,3661,D,5410.0,5380.0,1858.1402869710278,1865.0222880338833,1840.9352843138886,1851.258285908172,1861.5812875024553,1851.258285908172,191577303301.20343
2023-11-20,S*Mobarakeh Steel,5350.0,5400.0,5310.0,5350.0,334029511660.0,62435692,3173,D,5380.0,5310.0,1840.9352843138886,1858.1402869710278,1827.171282188177,1840.9352843138886,1851.258285908172,1827.171282188177,114939572713.46382
2023-11-21,S*Mobarakeh Steel,5350.0,5360.0,5300.0,5330.0,335285989050.0,62888319,3521,D,5350.0,5310.0,1840.9352843138886,1844.3762848453166,1823.7302816567494,1834.053283251033,1840.9352843138886,1827.171282188177,115371926650.13551
2023-11-22,S*Mobarakeh Steel,5300.0,5390.0,5290.0,5340.0,470867411890.0,88214879,3378,D,5330.0,5320.0,2462.035880236612,2503.84403669346,2457.3905295191844,2480.6172831063222,2475.971932388895,2471.3265816714666,218734426963.64743
2023-11-25,S*Mobarakeh Steel,5320.0,5360.0,5290.0,5320.0,323305470280.0,60727272,3511,D,5340.0,5300.0,2471.3265816714666,2489.9079845411775,2457.3905295191844,2471.3265816714666,2480.6172831063222,2462.035880236612,150186729831.34558
2023-11-26,S*Mobarakeh Steel,5320.0,5350.0,5290.0,5310.0,230714850580.0,43468629,3112,D,5320.0,5320.0,2471.3265816714666,2485.2626338237496,2457.3905295191844,2466.681230954039,2471.3265816714666,2471.3265816714666,107175139666.29976
2023-11-27,S*Mobarakeh Steel,5350.0,5360.0,5290.0,5310.0,294804347440.0,55531768,3188,D,5310.0,5310.0,2485.2626338237496,2489.9079845411775,2457.3905295191844,2466.681230954039,2466.681230954039,2466.681230954039,136946958688.11705
2023-11-28,S*Mobarakeh Steel,5310.0,5370.0,5280.0,5320.0,310101486940.0,58268193,3183,D,5310.0,5360.0,2466.681230954039,2494.553335258605,2452.7451788017565,2471.3265816714666,2466.681230954039,2489.9079845411775,144053016483.2085
2023-11-29,S*Mobarakeh Steel,5400.0,5570.0,5380.0,5480.0,897344085390.0,163757573,6352,D,5320.0,5500.0,2508.4893874108875,2587.460349607157,2499.1986859760323,2545.652193150308,2471.3265816714666,2554.942894585163,416847799084.58234
2023-12-02,S*Mobarakeh Steel,5560.0,5700.0,5540.0,5610.0,1057221262910.0,188412697,7381,D,5480.0,5560.0,2582.8149988897285,2647.8499089337147,2573.5242974548732,2606.0417524768663,2545.652193150308,2582.8149988897285,491116355213.8649
2023-12-03,S*Mobarakeh Steel,5600.0,6000.0,5540.0,5910.0,3308544093640.0,560194269,16579,D,5610.0,6000.0,2601.396401759439,2787.2104304565414,2573.5242974548732,2745.4022739996935,2606.0417524768663,2787.2104304565414,1536934767903.1318
2023-12-04,S*Mobarakeh Steel,6320.0,6320.0,6150.0,6260.0,4086786702170.0,653013205,24614,D,5910.0,6240.0,2935.8616534142234,2935.8616534142234,2856.890691217955,2907.9895491096586,2745.4022739996935,2898.698847674803,1898455753889.886
2023-12-05,S*Mobarakeh Steel,6240.0,6350.0,6140.0,6230.0,1605023947130.0,257715593,12522,D,6260.0,6200.0,2898.698847674803,2949.797705566507,2852.245340500528,2894.053496957376,2907.9895491096586,2880.117444805093,745589914428.8774
2023-12-06,S*Mobarakeh Steel,6190.0,6230.0,6120.0,6170.0,629741503270.0,102142632,5891,D,6230.0,6150.0,2875.472094087666,2894.053496957376,2842.9546390656724,2866.1813926528102,2894.053496957376,2856.890691217955,292537014400.921
2023-12-09,S*Mobarakeh Steel,6140.0,6190.0,6030.0,6090.0,1097368512390.0,180278913,7530,D,6170.0,6030.0,2852.245340500528,2875.472094087666,2801.146482608824,2829.0185869133898,2866.1813926528102,2801.146482608824,509766160631.3311
2023-12-10,S*Mobarakeh Steel,6050.0,6170.0,6010.0,6100.0,635303843850.0,104171513,5341,D,6090.0,6090.0,2810.4371840436797,2866.1813926528102,2791.8557811739693,2833.6639376308176,2829.0185869133898,2829.0185869133898,295120916681.309
2023-12-11,S*Mobarakeh Steel,6100.0,6150.0,6070.0,6090.0,674740233810.0,110779742,4487,D,6100.0,6080.0,2833.6639376308176,2856.890691217955,2819.727885478535,2829.0185869133898,2833.6639376308176,2824.373236195962,313440502920.65295
2023-12-12,S*Mobarakeh Steel,6070.0,6100.0,6040.0,6080.0,719296475570.0,118383637,4391,D,6090.0,6070.0,2819.727885478535,2833.6639376308176,2805.791833326252,2824.373236195962,2829.0185869133898,2819.727885478535,334138439883.22217
2023-12-13,S*Mobarakeh Steel,6060.0,6100.0,6030.0,6070.0,445641488610.0,73469939,3286,D,6080.0,6070.0,2815.0825347611067,2833.6639376308176,2801.146482608824,2819.727885478535,2824.373236195962,2819.727885478535,207016100882.99536
2023-12-16,S*Mobarakeh Steel,6100.0,6190.0,6070.0,6140.0,535942341330.0,87352283,4729,D,6070.0,6150.0,2833.6639376308176,2875.472094087666,2819.727885478535,2852.245340500528,2819.727885478535,2856.890691217955,248964013979.71268
2023-12-18,S*Mobarakeh Steel,6170.0,6410.0,6170.0,6310.0,1200106530850.0,190143256,9752,D,6140.0,6310.0,2866.1813926528102,2977.6698098710717,2866.1813926528102,2931.2163026967964,2852.245340500528,2931.2163026967964,557491573407.356
2023-12-19,S*Mobarakeh Steel,6350.0,6580.0,6280.0,6390.0,1294093914360.0,202528370,7525,D,6310.0,6350.0,2949.797705566507,3056.640772067341,2917.280250544514,2968.379108436217,2931.2163026967964,2949.797705566507,601152009349.0878
2023-12-20,S*Mobarakeh Steel,6350.0,6480.0,6300.0,6370.0,980725153050.0,153877890,5259,D,6390.0,6340.0,2949.797705566507,3010.1872648930644,2926.5709519793686,2959.088407001362,2968.379108436217,2945.152354849079,455581229332.008
2023-12-23,S*Mobarakeh Steel,6370.0,6380.0,6300.0,6350.0,941287376220.0,148221279,4916,D,6370.0,6340.0,2959.088407001362,2963.7337577187895,2926.5709519793686,2949.797705566507,2959.088407001362,2945.152354849079,437260998842.9092
2023-12-24,S*Mobarakeh Steel,6340.0,6370.0,6250.0,6300.0,883284123080.0,140109578,5589,D,6350.0,6280.0,2945.152354849079,2959.088407001362,2903.3441983922307,2926.5709519793686,2949.797705566507,2917.280250544514,410316453484.206
2023-12-25,S*Mobarakeh Steel,6290.0,6350.0,6200.0,6270.0,662003973830.0,105551246,4492,D,6300.0,6240.0,2921.9256012619408,2949.797705566507,2880.117444805093,2912.6348998270855,2926.5709519793686,2898.698847674803,307524063477.10925
2023-12-26,S*Mobarakeh Steel,6230.0,6270.0,6170.0,6210.0,476493645930.0,76730771,3980,D,6270.0,6200.0,2894.053496957376,2912.6348998270855,2866.1813926528102,2884.7627955225207,2912.6348998270855,2880.117444805093,221348009997.06036
2023-12-27,S*Mobarakeh Steel,6270.0,6270.0,6190.0,6220.0,768386352510.0,123557080,4970,D,6210.0,6220.0,2912.6348998270855,2912.6348998270855,2875.472094087666,2889.408146239948,2884.7627955225207,2889.408146239948,356942409389.3882
2023-12-30,S*Mobarakeh Steel,6280.0,6330.0,6250.0,6280.0,413007029830.0,65778615,3774,D,6220.0,6280.0,2917.280250544514,2940.5070041316512,2903.3441983922307,2917.280250544514,2889.408146239948,2917.280250544514,191856250232.34204
2023-12-31,S*Mobarakeh Steel,6300.0,6300.0,6180.0,6230.0,498910921170.0,80066614,3884,D,6280.0,6190.0,2926.5709519793686,2926.5709519793686,2870.826743370238,2894.053496957376,2917.280250544514,2875.472094087666,231761620558.9509
2024-01-01,S*Mobarakeh Steel,6230.0,6230.0,6150.0,6200.0,417831898480.0,67436187,3320,D,6230.0,6180.0,2894.053496957376,2894.053496957376,2856.890691217955,2880.117444805093,2894.053496957376,2870.826743370238,194097570936.81912
2024-01-02,S*Mobarakeh Steel,6180.0,6220.0,6100.0,6160.0,446092828520.0,72415054,3753,D,6200.0,6150.0,2870.826743370238,2889.408146239948,2833.6639376308176,2861.536041935383,2880.117444805093,2856.890691217955,207225764100.4676
2024-01-03,S*Mobarakeh Steel,6180.0,6230.0,6100.0,6160.0,510237384690.0,82800015,3654,D,6160.0,6190.0,2870.826743370238,2894.053496957376,2833.6639376308176,2861.536041935383,2861.536041935383,2875.472094087666,237023160102.80585
2024-01-06,S*Mobarakeh Steel,6180.0,6230.0,6140.0,6180.0,412010001770.0,66717283,3445,D,6160.0,6200.0,2870.826743370238,2894.053496957376,2852.245340500528,2870.826743370238,2861.536041935383,2880.117444805093,191393095730.9604
2024-01-07,S*Mobarakeh Steel,6130.0,6220.0,6130.0,6200.0,279873553090.0,45124110,3056,D,6180.0,6200.0,2847.5999897831,2889.408146239948,2847.5999897831,2880.117444805093,2870.826743370238,2880.117444805093,130011081063.56345
2024-01-08,S*Mobarakeh Steel,6190.0,6220.0,6160.0,6190.0,479904849470.0,77523673,3612,D,6200.0,6170.0,2875.472094087666,2889.408146239948,2861.536041935383,2875.472094087666,2880.117444805093,2866.1813926528102,222932633678.2434
2024-01-09,S*Mobarakeh Steel,6170.0,6300.0,6150.0,6230.0,532235215560.0,85498692,3976,D,6190.0,6200.0,2866.1813926528102,2926.5709519793686,2856.890691217955,2894.053496957376,2875.472094087666,2880.117444805093,247241924044.1863
2024-01-10,S*Mobarakeh Steel,6240.0,6290.0,6240.0,6260.0,481666026740.0,76889340,3570,D,6230.0,6260.0,2898.698847674803,2921.9256012619408,2898.698847674803,2907.9895491096586,2894.053496957376,2907.9895491096586,223750762287.71457
2024-01-13,S*Mobarakeh Steel,6260.0,6380.0,6230.0,6310.0,736421610760.0,116692973,5231,D,6260.0,6280.0,2907.9895491096586,2963.7337577187895,2894.053496957376,2931.2163026967964,2907.9895491096586,2917.280250544514,342093665787.3133
2024-01-14,S*Mobarakeh Steel,6310.0,6380.0,6300.0,6340.0,695842408130.0,109819493,5116,D,6310.0,6360.0,2931.2163026967964,2963.7337577187895,2926.5709519793686,2945.152354849079,2931.2163026967964,2954.443056283934,323243202982.3223
2024-01-15,S*Mobarakeh Steel,6340.0,6360.0,6270.0,6320.0,598168081220.0,94699573,3483,D,6340.0,6300.0,2945.152354849079,2954.443056283934,2912.6348998270855,2935.8616534142234,2945.152354849079,2926.5709519793686,277870052523.75995
2024-01-16,S*Mobarakeh Steel,6270.0,6330.0,6210.0,6270.0,728649735130.0,116133373,3743,D,6320.0,6260.0,2912.6348998270855,2940.5070041316512,2884.7627955225207,2912.6348998270855,2935.8616534142234,2907.9895491096586,338483356983.9554
2024-01-17,S*Mobarakeh Steel,6250.0,6280.0,6210.0,6240.0,314644339790.0,50417391,2739,D,6270.0,6250.0,2903.3441983922307,2917.280250544514,2884.7627955225207,2898.698847674803,2912.6348998270855,2903.3441983922307,146163330957.80005
2024-01-20,S*Mobarakeh Steel,6250.0,6310.0,6180.0,6240.0,632437891640.0,101403368,4387,D,6240.0,6190.0,2903.3441983922307,2931.2163026967964,2870.826743370238,2898.698847674803,2898.698847674803,2875.472094087666,293789581365.8253
2024-01-21,S*Mobarakeh Steel,6170.0,6250.0,6130.0,6230.0,844313812030.0,135632320,4969,D,6240.0,6250.0,2866.1813926528102,2903.3441983922307,2847.5999897831,2894.053496957376,2898.698847674803,2903.3441983922307,392213377244.7567
2024-01-22,S*Mobarakeh Steel,6250.0,6260.0,6170.0,6220.0,770439114340.0,123935142,4412,D,6230.0,6200.0,2903.3441983922307,2907.9895491096586,2866.1813926528102,2889.408146239948,2894.053496957376,2880.117444805093,357895989253.358
2024-01-23,S*Mobarakeh Steel,6190.0,6230.0,6080.0,6150.0,876521206620.0,142462396,5373,D,6220.0,6190.0,2875.472094087666,2894.053496957376,2824.373236195962,2856.890691217955,2889.408146239948,2875.472094087666,407174841601.2696
2024-01-24,S*Mobarakeh Steel,6150.0,6230.0,6150.0,6180.0,276792968980.0,44754505,2855,D,6150.0,6200.0,2856.890691217955,2894.053496957376,2856.890691217955,2870.826743370238,2856.890691217955,2880.117444805093,128580041703.015
2024-01-27,S*Mobarakeh Steel,6220.0,6250.0,6150.0,6190.0,482056297820.0,77880140,3453,D,6180.0,6210.0,2889.408146239948,2903.3441983922307,2856.890691217955,2875.472094087666,2870.826743370238,2884.7627955225207,223932056891.86148
2024-01-28,S*Mobarakeh Steel,6200.0,6230.0,6160.0,6190.0,627040536870.0,101305577,4424,D,6190.0,6200.0,2880.117444805093,2894.053496957376,2861.536041935383,2875.472094087666,2875.472094087666,2880.117444805093,291282320780.5223
2024-01-29,S*Mobarakeh Steel,6190.0,6190.0,6120.0,6150.0,489988050450.0,79686813,3980,D,6190.0,6160.0,2875.472094087666,2875.472094087666,2842.9546390656724,2856.890691217955,2875.472094087666,2861.536041935383,227616634168.88434
2024-01-30,S*Mobarakeh Steel,6110.0,6180.0,6110.0,6140.0,526567574850.0,85702902,6275,D,6150.0,6120.0,2838.309288348245,2870.826743370238,2838.309288348245,2852.245340500528,2856.890691217955,2842.9546390656724,244609106160.35425
2024-01-31,S*Mobarakeh Steel,6140.0,6150.0,6080.0,6110.0,495797020190.0,81097347,3966,D,6140.0,6110.0,2852.245340500528,2856.890691217955,2824.373236195962,2838.309288348245,2852.245340500528,2838.309288348245,230315104343.80676
2024-02-03,S*Mobarakeh Steel,6100.0,6170.0,6080.0,6120.0,687313926660.0,112289458,4916,D,6110.0,6100.0,2833.6639376308176,2866.1813926528102,2824.373236195962,2842.9546390656724,2838.309288348245,2833.6639376308176,319281424230.7991
2024-02-04,S*Mobarakeh Steel,6130.0,6170.0,5990.0,6050.0,525813035240.0,86951296,6068,D,6120.0,6000.0,2847.5999897831,2866.1813926528102,2782.565079739114,2810.4371840436797,2842.9546390656724,2787.2104304565414,244258596048.4902
2024-02-05,S*Mobarakeh Steel,6020.0,6080.0,5970.0,6000.0,630079381730.0,104949166,5836,D,6050.0,6020.0,2796.501131891397,2824.373236195962,2773.2743783042592,2787.2104304565414,2810.4371840436797,2796.501131891397,292693970795.57745
2024-02-06,S*Mobarakeh Steel,5970.0,6030.0,5940.0,5990.0,532025403110.0,88840127,4258,D,6000.0,6000.0,2773.2743783042592,2801.146482608824,2759.338326151976,2782.565079739114,2787.2104304565414,2787.2104304565414,247144458802.67307
2024-02-13,S*Mobarakeh Steel,6040.0,6040.0,5970.0,6000.0,528729083590.0,88077560,3353,D,5990.0,6000.0,2805.791833326252,2805.791833326252,2773.2743783042592,2787.2104304565414,2782.565079739114,2787.2104304565414,245613202777.96283
2024-02-14,S*Mobarakeh Steel,6010.0,6020.0,5940.0,5970.0,486126085530.0,81472457,4777,D,6000.0,5940.0,2791.8557811739693,2796.501131891397,2759.338326151976,2773.2743783042592,2787.2104304565414,2759.338326151976,225822616017.70416
2024-02-17,S*Mobarakeh Steel,5990.0,5990.0,5830.0,5880.0,777774071690.0,132344831,6377,D,5970.0,5880.0,2782.565079739114,2782.565079739114,2708.239468260273,2731.466221847411,2773.2743783042592,2731.466221847411,361303334192.17035
2024-02-18,S*Mobarakeh Steel,5880.0,5960.0,5820.0,5910.0,475446797670.0,80442772,4599,D,5880.0,5910.0,2731.466221847411,2768.6290275868314,2703.5941175428457,2745.4022739996935,2731.466221847411,2745.4022739996935,220861712265.49747
2024-02-19,S*Mobarakeh Steel,5920.0,5980.0,5890.0,5930.0,797003921280.0,134372791,7361,D,5910.0,5920.0,2750.0476247171214,2777.9197290216866,2736.1115725648388,2754.6929754345488,2745.4022739996935,2750.0476247171214,370236273751.06335
2024-02-28,S*Mobarakeh Steel,4460.0,4500.0,4421.0,4466.0,311274776162.0,69702325,3862,D,4393.0,4454.0,2071.826419972696,2090.4078228424064,2053.7095521747287,2074.6136304031525,2040.702570165931,2069.03920954224,144598050476.12527
2024-03-02,S*Mobarakeh Steel,4460.0,4778.0,4450.0,4667.0,1310384875267.0,280794749,10217,D,4466.0,4778.0,2071.826419972696,2219.5485727868927,2067.181069255268,2167.9851798234463,2074.6136304031525,2219.5485727868927,608719732042.7794
2024-03-03,S*Mobarakeh Steel,4890.0,4983.0,4811.0,4890.0,1100158892268.0,224987668,10818,D,4667.0,4849.0,2271.5765008220815,2314.778262494158,2234.878230154404,2271.5765008220815,2167.9851798234463,2252.530562880628,511062389948.1474
2024-03-04,S*Mobarakeh Steel,4860.0,4900.0,4774.0,4820.0,727076382641.0,150857921,7126,D,4890.0,4776.0,2257.640448669799,2276.221851539509,2217.690432499922,2239.059045800089,2271.5765008220815,2218.619502643407,337752479572.60114
2024-03-05,S*Mobarakeh Steel,4732.0,5039.0,4732.0,4947.0,894183344684.0,180765641,7396,D,4820.0,4903.0,2198.1799594867257,2340.792226511752,2198.1799594867257,2298.0549999114187,2239.059045800089,2277.615456754738,415379524173.96027
2024-03-06,S*Mobarakeh Steel,4950.0,5009.0,4850.0,4895.0,626042756975.0,127890770,6493,D,4947.0,4890.0,2299.448605126647,2326.8561743594696,2252.9950979523715,2273.899176180795,2298.0549999114187,2271.5765008220815,290818817025.41504
2024-03-09,S*Mobarakeh Steel,4959.0,4962.0,4819.0,4858.0,541245005191.0,111423540,6113,D,4895.0,4820.0,3202.0448948735416,3203.9820061227088,3111.6463699124006,3136.8288161515757,3160.7198548913057,3112.2920736621236,349483929370.36597
2024-03-10,S*Mobarakeh Steel,4811.0,4899.0,4778.0,4820.0,879555043282.0,182483986,6715,D,4858.0,4800.0,3106.4807399146216,3163.3026698901954,3085.172516173781,3112.2920736621236,3136.8288161515757,3099.377998667675,567931989534.4636
2024-03-11,S*Mobarakeh Steel,4800.0,4850.0,4755.0,4790.0,836030111581.0,174553063,7108,D,4820.0,4800.0,3099.377998667675,3131.6631861537967,3070.321329930165,3092.92096117045,3112.2920736621236,3099.377998667675,539827777928.7151
2024-03-12,S*Mobarakeh Steel,4777.0,4849.0,4750.0,4794.0,358730776952.0,74826050,5158,D,4790.0,4756.0,3084.526812424059,3131.0174824040737,3067.0928111815533,3095.5037761693397,3092.92096117045,3070.9670336798877,231633807818.74786
2024-03-13,S*Mobarakeh Steel,4753.0,4810.0,4679.0,4734.0,455656272064.0,96253614,5467,D,4794.0,4689.0,3069.02992243072,3105.835036164899,3021.24784495126,3056.761551185994,3095.5037761693397,3027.704882448485,294218963456.26953
2024-03-16,S*Mobarakeh Steel,4750.0,4750.0,4633.0,4683.0,429215977284.0,91663566,5175,D,4734.0,4720.0,3067.0928111815533,3067.0928111815533,2991.545472464028,3023.8306599501498,3056.761551185994,3047.7216986898798,277146365973.05707
2024-03-17,S*Mobarakeh Steel,4719.0,4900.0,4719.0,4826.0,386562063770.0,80105704,4347,D,4683.0,4888.0,3047.0759949401577,3163.9483736399175,3047.0759949401577,3116.1662961604575,3023.8306599501498,3156.1999286432488,249604574076.73096
2024-03-18,S*Mobarakeh Steel,4890.0,5039.0,4870.0,4976.0,913387725068.0,183573778,8412,D,4826.0,5035.0,3157.4913361426934,3253.7011948513355,3144.577261148245,3213.0218586188225,3116.1662961604575,3251.1183798524467,589777879026.8496
2024-03-24,S*Mobarakeh Steel,5100.0,5220.0,5100.0,5168.0,732116540730.0,141665658,9020,D,4976.0,5199.0,3293.089123584404,3370.573573551096,3293.089123584404,3336.9969785655294,3213.0218586188225,3357.0137948069255,472730395583.17676
2024-03-25,S*Mobarakeh Steel,5288.0,5288.0,5109.0,5166.0,618173307489.0,119670589,9449,D,5168.0,5119.0,3414.481428532221,3414.481428532221,3298.900457331906,3335.705571066085,3336.9969785655294,3305.3574948291302,399156822623.9654
2024-03-26,S*Mobarakeh Steel,5150.0,5150.0,5095.0,5110.0,399635600296.0,78201793,5777,D,5166.0,5138.0,3325.3743110705263,3325.3743110705263,3289.8606048357924,3299.5461610816283,3335.705571066085,3317.6258660738563,258046205633.7023
2024-03-27,S*Mobarakeh Steel,5139.0,5151.0,5099.0,5110.0,438397952560.0,85790293,6114,D,5110.0,5111.0,3318.2715698235793,3326.0200148202484,3292.443419834682,3299.5461610816283,3299.5461610816283,3300.191864831351,283075201838.62897
2024-03-30,S*Mobarakeh Steel,5120.0,5120.0,5060.0,5090.0,365440037590.0,71784993,4739,D,5110.0,5110.0,3306.0031985788532,3306.0031985788532,3267.2609735955075,3286.63208608718,3299.5461610816283,3299.5461610816283,235966002570.56958
2024-04-02,S*Mobarakeh Steel,5060.0,5130.0,4950.0,5050.0,790540057970.0,156509693,7199,D,5090.0,5090.0,3267.2609735955075,3312.4602360760773,3196.2335611260396,3260.8039360982825,3286.63208608718,3286.63208608718,510454679737.018
2024-04-03,S*Mobarakeh Steel,5050.0,5130.0,5040.0,5080.0,336417595660.0,66251986,4811,D,5050.0,5070.0,3260.8039360982825,3312.4602360760773,3254.3468986010585,3280.1750485899556,3260.8039360982825,3273.7180110927316,217226102990.26706
2024-04-06,S*Mobarakeh Steel,5080.0,5190.0,4980.0,5070.0,1118587672520.0,220590452,8864,D,5080.0,5030.0,3280.1750485899556,3351.202461059423,3215.6046736177123,3273.7180110927316,3280.1750485899556,3247.8898611038344,722276254539.452
2024-04-07,S*Mobarakeh Steel,5040.0,5140.0,5030.0,5070.0,608031056590.0,119916819,4917,D,5070.0,5080.0,3254.3468986010585,3318.9172735733014,3247.8898611038344,3273.7180110927316,3273.7180110927316,3280.1750485899556,392607933187.8554
2024-04-08,S*Mobarakeh Steel,5070.0,5130.0,5060.0,5090.0,558698658650.0,109694903,5019,D,5070.0,5090.0,3273.7180110927316,3312.4602360760773,3267.2609735955075,3286.63208608718,3273.7180110927316,3286.63208608718,360753818855.1982
2024-04-09,S*Mobarakeh Steel,5090.0,5230.0,5090.0,5160.0,837639193230.0,162454953,6120,D,5090.0,5220.0,3286.63208608718,3377.03061104832,3286.63208608718,3331.8313485677504,3286.63208608718,3370.573573551096,540866767983.084
2024-04-13,S*Mobarakeh Steel,5160.0,5160.0,4960.0,5030.0,1255962291820.0,249799475,9784,D,5160.0,4980.0,3331.8313485677504,3331.8313485677504,3202.6905986232637,3247.8898611038344,3331.8313485677504,3215.6046736177123,810979561338.1536
2024-04-14,S*Mobarakeh Steel,4980.0,4980.0,4980.0,4980.0,225772493160.0,45335842,1614,D,5030.0,4980.0,3215.6046736177123,3215.6046736177123,3215.6046736177123,3215.6046736177123,3247.8898611038344,3215.6046736177123,145782145417.59418
2024-04-15,S*Mobarakeh Steel,4960.0,5020.0,4960.0,5000.0,440489462620.0,88091704,2347,D,4980.0,5020.0,3202.6905986232637,3241.43282360661,3202.6905986232637,3228.5187486121613,3215.6046736177123,3241.43282360661,284425697726.9531
2024-04-16,S*Mobarakeh Steel,5020.0,5050.0,4950.0,5020.0,1086985724930.0,216367168,6226,D,5000.0,5050.0,3241.43282360661,3260.8039360982825,3196.2335611260396,3241.43282360661,3228.5187486121613,3260.8039360982825,701870758482.0573
2024-04-17,S*Mobarakeh Steel,5070.0,5070.0,5070.0,5070.0,266730717630.0,52609609,1158,D,5020.0,5070.0,3273.7180110927316,3273.7180110927316,3273.7180110927316,3273.7180110927316,3241.43282360661,3273.7180110927316,172229024539.84628
2024-04-20,S*Mobarakeh Steel,5350.0,5420.0,5250.0,5410.0,1655859090710.0,305940802,7878,D,5070.0,5420.0,3454.515061015012,3499.714323495583,3389.944686042769,3493.257285998358,3273.7180110927316,3499.714323495583,1069194423883.4238
2024-04-21,S*Mobarakeh Steel,5610.0,5670.0,5450.0,5580.0,1936554021470.0,347115433,15208,D,5410.0,5530.0,3622.3980359428447,3661.1402609261904,3519.0854359872556,3603.026923451172,3493.257285998358,3570.74173596505,1250440193203.2346
2024-04-22,S*Mobarakeh Steel,5540.0,5630.0,5470.0,5550.0,1152280583050.0,207769889,9772,D,5580.0,5490.0,3577.1987734622744,3635.3121109372937,3531.9995109817037,3583.655810959499,3603.026923451172,3544.9135859761527,744031893207.7355
2024-04-23,S*Mobarakeh Steel,5510.0,5550.0,5370.0,5430.0,787485384200.0,145152634,8224,D,5550.0,5450.0,3557.8276609706013,3583.655810959499,3467.429136009461,3506.171360992807,3583.655810959499,3519.0854359872556,508482265429.5502
2024-04-24,S*Mobarakeh Steel,5440.0,5490.0,5330.0,5410.0,793777016330.0,146650782,6936,D,5430.0,5450.0,3512.628398490031,3544.9135859761527,3441.600986020564,3493.257285998358,3506.171360992807,3519.0854359872556,512544795887.7653
2024-04-27,S*Mobarakeh Steel,5450.0,5490.0,5360.0,5410.0,619337851850.0,114478780,5510,D,5410.0,5400.0,3519.0854359872556,3544.9135859761527,3460.972098512237,3493.257285998358,3493.257285998358,3486.800248501134,399908773284.58124
2024-04-28,S*Mobarakeh Steel,5370.0,5450.0,5270.0,5330.0,684554751930.0,128506701,6843,D,5410.0,5310.0,3467.429136009461,3519.0854359872556,3402.858761037218,3441.600986020564,3493.257285998358,3428.686911026115,442019570211.5104
2024-04-29,S*Mobarakeh Steel,5340.0,5350.0,5230.0,5270.0,557669665370.0,105735482,6119,D,5330.0,5240.0,3448.058023517788,3454.515061015012,3377.03061104832,3402.858761037218,3441.600986020564,3383.4876485455447,360089394035.863
2024-04-30,S*Mobarakeh Steel,5250.0,5270.0,5170.0,5210.0,603473603250.0,115886933,5503,D,5270.0,5190.0,3389.944686042769,3402.858761037218,3338.2883860649745,3364.116536053872,3402.858761037218,3351.202461059423,389665168477.03235
2024-05-01,S*Mobarakeh Steel,5210.0,5230.0,5150.0,5190.0,364071286170.0,70192844,4566,D,5210.0,5210.0,3364.116536053872,3377.03061104832,3325.3743110705263,3351.202461059423,3364.116536053872,3364.116536053872,235082194646.23767
2024-05-05,S*Mobarakeh Steel,5210.0,5220.0,5150.0,5170.0,317942866860.0,61442257,4357,D,5190.0,5150.0,3364.116536053872,3370.573573551096,3325.3743110705263,3338.2883860649745,3351.202461059423,3325.3743110705263,205296901329.00204
2024-05-06,S*Mobarakeh Steel,5130.0,5130.0,5060.0,5090.0,447413489830.0,87871170,5280,D,5170.0,5080.0,3312.4602360760773,3312.4602360760773,3267.2609735955075,3286.63208608718,3338.2883860649745,3280.1750485899556,288896568059.6303
2024-05-07,S*Mobarakeh Steel,5090.0,5130.0,5070.0,5090.0,314458405140.0,61780593,3832,D,5090.0,5100.0,3286.63208608718,3312.4602360760773,3273.7180110927316,3286.63208608718,3286.63208608718,3293.089123584404,203046971330.63376
2024-05-08,S*Mobarakeh Steel,5100.0,5110.0,5010.0,5050.0,362367617590.0,71733163,4850,D,5090.0,5050.0,3293.089123584404,3299.5461610816283,3234.9757861093854,3260.8039360982825,3286.63208608718,3260.8039360982825,233982129455.84735
2024-05-11,S*Mobarakeh Steel,5060.0,5080.0,4990.0,5010.0,527346192760.0,105190601,5300,D,5050.0,5010.0,3267.2609735955075,3280.1750485899556,3222.0617111149363,3234.9757861093854,3260.8039360982825,3234.9757861093854,340509414066.9806
2024-05-12,S*Mobarakeh Steel,5000.0,5110.0,4950.0,5010.0,573423039170.0,114511404,7046,D,5010.0,4980.0,3228.5187486121613,3299.5461610816283,3196.2335611260396,3234.9757861093854,3234.9757861093854,3215.6046736177123,370261406569.3021
2024-05-13,S*Mobarakeh Steel,4950.0,4990.0,4910.0,4940.0,796864854000.0,161323152,7197,D,5010.0,4970.0,3196.2335611260396,3222.0617111149363,3170.4054111371424,3189.7765236288155,3234.9757861093854,3209.147636120488,514538624249.8185
2024-05-14,S*Mobarakeh Steel,4940.0,5110.0,4940.0,5010.0,559701296780.0,111614869,5004,D,4940.0,4980.0,3189.7765236288155,3299.5461610816283,3189.7765236288155,3234.9757861093854,3189.7765236288155,3215.6046736177123,361401226055.3539
2024-05-15,S*Mobarakeh Steel,5010.0,5100.0,4910.0,5010.0,531930776860.0,106080462,4725,D,5010.0,5070.0,3234.9757861093854,3293.089123584404,3170.4054111371424,3234.9757861093854,3234.9757861093854,3273.7180110927316,343469697211.26843
2024-05-18,S*Mobarakeh Steel,5080.0,5110.0,4980.0,5020.0,481171789860.0,95827819,4798,D,5010.0,4980.0,3280.1750485899556,3299.5461610816283,3215.6046736177123,3241.43282360661,3234.9757861093854,3215.6046736177123,310694428973.25616
2024-05-19,S*Mobarakeh Steel,4980.0,4980.0,4760.0,4840.0,1264448082360.0,261324436,10184,D,5020.0,4830.0,3215.6046736177123,3215.6046736177123,3073.5498486787774,3125.2061486565717,3241.43282360661,3118.7491111593476,816458868109.1908
2024-05-21,S*Mobarakeh Steel,4840.0,4930.0,4810.0,4890.0,477990184410.0,97794909,4548,D,4840.0,4920.0,3125.2061486565717,3183.3194861315906,3105.835036164899,3157.4913361426934,3125.2061486565717,3176.8624486343665,308640054404.0539
2024-05-25,S*Mobarakeh Steel,4900.0,4900.0,4793.0,4802.0,604180197415.0,125824414,7119,D,4890.0,4796.0,3163.9483736399175,3163.9483736399175,3094.8580724196177,3100.6694061671196,3157.4913361426934,3096.795183668785,390121418978.90485
2024-05-26,S*Mobarakeh Steel,4794.0,4800.0,4706.0,4713.0,756405348427.0,160502143,5954,D,4802.0,4706.0,3095.5037761693397,3099.377998667675,3038.681846193766,3043.201772441823,3100.6694061671196,3038.681846193766,488413769789.41675
2024-05-27,S*Mobarakeh Steel,4687.0,4700.0,4619.0,4633.0,871981848575.0,188228947,6803,D,4713.0,4698.0,3026.41347494904,3034.8076236954307,2982.5056199679143,2991.545472464028,3043.201772441823,3033.5162161959865,563041949314.7755
2024-05-28,S*Mobarakeh Steel,4723.0,4725.0,4698.0,4724.0,170886365043.0,36172895,1278,D,4633.0,4725.0,3049.658809939047,3050.950217438492,3033.5162161959865,3050.30451368877,2991.545472464028,3050.950217438492,110341966684.70146
2024-05-29,S*Mobarakeh Steel,4818.0,4818.0,4818.0,4803.0,99335081274.0,20617493,706,D,4724.0,4818.0,3111.000666162679,3111.000666162679,3111.000666162679,3101.315109916842,3050.30451368877,3111.000666162679,64141034457.60436
2024-06-01,S*Mobarakeh Steel,4899.0,4899.0,4850.0,4894.0,722200916882.0,147554564,5565,D,4803.0,4899.0,3163.3026698901954,3163.3026698901954,3131.6631861537967,3160.074151141583,3101.315109916842,3163.3026698901954,466327840083.68604
2024-06-02,S*Mobarakeh Steel,4955.0,4955.0,4846.0,4889.0,310591044662.0,63522526,3405,D,4894.0,4900.0,3199.4620798746514,3199.4620798746514,3129.0803711549065,3156.845632392971,3160.074151141583,3163.9483736399175,200549802168.4608
2024-06-05,S*Mobarakeh Steel,4887.0,4940.0,4844.0,4874.0,309669020719.0,63531980,3205,D,4889.0,4889.0,3155.554224893526,3189.7765236288155,3127.7889636554614,3147.1600761471345,3156.845632392971,3156.845632392971,199954447851.1318
2024-06-08,S*Mobarakeh Steel,4889.0,4890.0,4777.0,4779.0,382950141459.0,80125306,3295,D,4874.0,4777.0,3156.845632392971,3157.4913361426934,3084.526812424059,3085.818219923504,3147.1600761471345,3084.526812424059,247272342296.81213
2024-06-09,S*Mobarakeh Steel,4763.0,4874.0,4741.0,4824.0,410940861464.0,85180576,4350,D,4779.0,4872.0,3075.4869599279446,3147.1600761471345,3061.281477434051,3114.874888661013,3085.818219923504,3145.8686686476894,265346055161.4713
2024-06-10,S*Mobarakeh Steel,4920.0,4920.0,4862.0,4919.0,446009397576.0,90678531,3088,D,4824.0,4920.0,3176.8624486343665,3176.8624486343665,3139.4116311504654,3176.216744884644,3114.874888661013,3176.8624486343665,287989940426.26624
2024-06-11,S*Mobarakeh Steel,4921.0,4985.0,4870.0,4906.0,402213337484.0,81983014,3388,D,4919.0,4920.0,3177.5081523840886,3218.8331923663245,3144.577261148245,3167.8225961382527,3176.216744884644,3176.8624486343665,259710660201.79288
2024-06-12,S*Mobarakeh Steel,4925.0,4980.0,4832.0,4878.0,503007695975.0,103122327,5049,D,4906.0,4907.0,3180.0909673829783,3215.6046736177123,3120.0405186587927,3149.7428911460247,3167.8225961382527,3168.4682998879744,324793955430.2987
2024-06-15,S*Mobarakeh Steel,4898.0,4898.0,4781.0,4796.0,343297864709.0,71583842,3938,D,4878.0,4781.0,3162.656966140473,3162.656966140473,3087.1096274229485,3096.795183668785,3149.7428911460247,3087.1096274229485,221668718514.3055
2024-06-16,S*Mobarakeh Steel,4724.0,4740.0,4701.0,4702.0,664325523028.0,141285927,4127,D,4796.0,4701.0,3050.30451368877,3060.635773684329,3035.4533274451537,3036.0990311948763,3096.795183668785,3035.4533274451537,428957481255.4956
2024-06-18,S*Mobarakeh Steel,4702.0,4702.0,4608.0,4623.0,506429794982.0,109536357,5307,D,4702.0,4611.0,3036.0990311948763,3036.0990311948763,2975.402878720968,2985.088434966804,3036.0990311948763,2977.3399899701353,327003617591.04
2024-06-19,S*Mobarakeh Steel,4600.0,4715.0,4600.0,4698.0,406615862522.0,86552563,3618,D,4623.0,4714.0,2970.2372487231883,3044.4931799412675,2970.2372487231883,3033.5162161959865,2985.088434966804,3043.847476191546,262553387127.07635
2024-06-22,S*Mobarakeh Steel,4788.0,4788.0,4689.0,4712.0,358297938879.0,76046689,3713,D,4698.0,4715.0,3091.6295536710054,3091.6295536710054,3027.704882448485,3042.556068692101,3033.5162161959865,3044.4931799412675,231354322651.98914
2024-06-23,S*Mobarakeh Steel,4750.0,4755.0,4712.0,4724.0,247890644290.0,52474243,2785,D,4712.0,4717.0,3067.0928111815533,3070.321329930165,3042.556068692101,3050.30451368877,3042.556068692101,3045.784587440713,160063918539.16263
2024-06-24,S*Mobarakeh Steel,4760.0,4818.0,4738.0,4781.0,535694559028.0,112051212,4428,D,4724.0,4818.0,3073.5498486787774,3111.000666162679,3059.3443661848837,3087.1096274229485,3050.30451368877,3111.000666162679,345899985470.28436
2024-06-26,S*Mobarakeh Steel,4876.0,4876.0,4850.0,4875.0,480639579232.0,98586455,2578,D,4781.0,4876.0,3148.4514836465796,3148.4514836465796,3131.6631861537967,3147.8057798968566,3087.1096274229485,3148.4514836465796,310350778575.11444
2024-06-29,S*Mobarakeh Steel,4940.0,4940.0,4823.0,4876.0,455316244691.0,93372361,4712,D,4875.0,4833.0,3189.7765236288155,3189.7765236288155,3114.2291849112908,3148.4514836465796,3147.8057798968566,3120.686222408515,293999406506.51514
2024-06-30,S*Mobarakeh Steel,4864.0,4920.0,4750.0,4820.0,810246055623.0,168110820,5040,D,4876.0,4833.0,3140.7030386499105,3176.8624486343665,3067.0928111815533,3112.2920736621236,3148.4514836465796,3120.686222408515,523178916313.5815
2024-07-01,S*Mobarakeh Steel,4850.0,4890.0,4800.0,4831.0,343358310915.0,71069254,2967,D,4820.0,4845.0,3131.6631861537967,3157.4913361426934,3099.377998667675,3119.3948149090697,3112.2920736621236,3128.434667405184,221707748856.17624
2024-07-02,S*Mobarakeh Steel,4820.0,4919.0,4820.0,4894.0,460138722361.0,94028165,3299,D,4831.0,4901.0,3112.2920736621236,3176.216744884644,3112.2920736621236,3160.074151141583,3119.3948149090697,3164.5940773896405,297113298420.9869
2024-07-03,S*Mobarakeh Steel,4913.0,5060.0,4900.0,4981.0,768245149969.0,154247179,6158,D,4894.0,5040.0,3172.3425223863096,3267.2609735955075,3163.9483736399175,3216.250377367435,3160.074151141583,3254.3468986010585,496058774041.05554
2024-07-06,S*Mobarakeh Steel,5279.0,5279.0,5279.0,5279.0,702502217614.0,133074866,1816,D,4981.0,5279.0,3408.67009478472,3408.67009478472,3408.67009478472,3408.67009478472,3216.250377367435,3408.67009478472,453608316101.68384
2024-07-07,S*Mobarakeh Steel,5529.0,5529.0,5281.0,5351.0,1835103237202.0,342928008,9493,D,5279.0,5296.0,3570.096032215328,3570.096032215328,3409.961502284164,3455.1607647647347,3408.67009478472,3419.647058530001,1184933041389.1052
2024-07-08,S*Mobarakeh Steel,5338.0,5400.0,5236.0,5305.0,1251246968558.0,235859639,7761,D,5351.0,5355.0,3446.766616018343,3486.800248501134,3380.904833546655,3425.458392277503,3455.1607647647347,3457.743579763625,807934859426.7269
2024-07-09,S*Mobarakeh Steel,5340.0,5360.0,5258.0,5285.0,593553336790.0,112303564,3866,D,5305.0,5264.0,3448.058023517788,3460.972098512237,3395.1103160405482,3412.544317283054,3425.458392277503,3398.984538538883,383259615225.56464
2024-07-10,S*Mobarakeh Steel,5264.0,5300.0,5198.0,5245.0,942389073284.0,179660233,6349,D,5285.0,5299.0,3398.984538538883,3422.229873528891,3356.3680910572025,3386.716167294157,3412.544317283054,3421.584169779168,608504158316.9268
2024-07-13,S*Mobarakeh Steel,5280.0,5280.0,5190.0,5220.0,777335152960.0,148804815,4484,D,5245.0,5190.0,3409.315798534442,3409.315798534442,3351.202461059423,3370.573573551096,3386.716167294157,3351.202461059423,501928223057.33246
2024-07-14,S*Mobarakeh Steel,5260.0,5260.0,5160.0,5200.0,757708602780.0,145796778,5240,D,5220.0,5190.0,3396.401723539993,3396.401723539993,3331.8313485677504,3357.659498556647,3370.573573551096,3351.202461059423,489255286011.99097
2024-07-22,S*Mobarakeh Steel,4767.0,4828.0,4670.0,4738.0,678344836591.0,143171023,5613,D,4800.0,4774.0,3334.5755895040706,3377.245845631561,3266.7228871374045,3314.289730033624,3357.6594985566476,3339.472176272799,474510621640.9641
2024-07-23,S*Mobarakeh Steel,4775.0,4810.0,4666.0,4711.0,635928867496.0,134981576,6836,D,4738.0,4670.0,3340.1716886683316,3364.6546225119737,3263.9248375552743,3295.4028953542424,3314.289730033624,3266.7228871374045,444840125490.4825
2024-07-24,S*Mobarakeh Steel,4706.0,4736.0,4643.0,4680.0,807393132925.0,172523541,7774,D,4711.0,4661.0,3291.9053333765796,3312.890705242559,3247.836052458024,3273.718011092731,3295.4028953542424,3260.4272755776115,564781504548.9658
2024-07-27,S*Mobarakeh Steel,4658.0,4679.0,4536.0,4589.0,418499908645.0,91193323,6502,D,4680.0,4572.0,3258.328738391013,3273.018498697198,3172.9882261360317,3210.0623830992613,3273.718011092731,3198.170672375207,292745873626.45276
2024-07-29,S*Mobarakeh Steel,4593.0,4593.0,4467.0,4511.0,798551904153.0,177022978,6710,D,4589.0,4476.0,3212.860432681392,3212.860432681392,3124.72187084428,3155.5004162477157,3210.0623830992613,3131.0174824040737,558596955431.212
2024-07-30,S*Mobarakeh Steel,4510.0,4530.0,4454.0,4479.0,619193415443.0,138228953,5613,D,4511.0,4480.0,3154.800903852183,3168.791151762836,3115.628209702356,3133.1160195906714,3155.5004162477157,3133.815531986204,433133469334.5669
2024-07-31,S*Mobarakeh Steel,4277.0,4450.0,4261.0,4321.0,935952777893.0,216601625,7167,D,4479.0,4380.0,2991.814515693079,3112.830160120225,2980.622317364557,3022.593061096515,3133.1160195906714,3063.8642924329406,654710569769.3566
2024-08-03,S*Mobarakeh Steel,4275.0,4318.0,4104.0,4175.0,984283327968.0,235772723,7872,D,4321.0,4104.0,2990.415490902014,3020.4945239099175,2870.7988712659335,2920.4642513487506,3022.593061096515,2870.7988712659335,688518388629.7297
2024-08-04,S*Mobarakeh Steel,4134.0,4200.0,4134.0,4164.0,324392277245.0,77910790,3728,D,4175.0,4190.0,2891.7842431319127,2937.952061237066,2891.7842431319127,2912.7696149978915,2920.4642513487506,2930.95693728174,226916418947.93658
2024-08-05,S*Mobarakeh Steel,4179.0,4200.0,4154.0,4175.0,590798859994.0,141494820,3582,D,4164.0,4154.0,2923.262300930881,2937.952061237066,2905.774491042565,2920.4642513487506,2912.7696149978915,2905.774491042565,413271125832.35266
2024-08-06,S*Mobarakeh Steel,4170.0,4195.0,4153.0,4169.0,501121402802.0,120207555,3991,D,4175.0,4176.0,2916.9666893710873,2934.4544992594033,2905.0749786470324,2916.267176975555,2920.4642513487506,2921.163763744283,350540632926.7015
2024-08-10,S*Mobarakeh Steel,4171.0,4200.0,4149.0,4167.0,237945571749.0,57100806,2937,D,4169.0,4151.0,2917.66620176662,2937.952061237066,2902.276929064902,2914.8681521844896,2916.267176975555,2903.6759538559672,166445876900.52545
2024-08-11,S*Mobarakeh Steel,4183.0,4199.0,4154.0,4165.0,317164457911.0,76157804,2778,D,4167.0,4188.0,2926.0603505130116,2937.2525488415336,2905.774491042565,2913.469127393424,2914.8681521844896,2929.557912490675,221860469731.13318
2024-08-12,S*Mobarakeh Steel,4175.0,4175.0,4124.0,4142.0,634456882416.0,153179931,5184,D,4165.0,4125.0,2920.4642513487506,2920.4642513487506,2884.789119176586,2897.3803422961737,2913.469127393424,2885.4886315721187,443810453680.9834
2024-08-13,S*Mobarakeh Steel,4101.0,4142.0,4101.0,4106.0,647105686265.0,157604551,3747,D,4142.0,4102.0,2868.7003340793353,2897.3803422961737,2868.7003340793353,2872.1978960569986,2897.3803422961737,2869.399846474868,452658448762.01984
2024-08-14,S*Mobarakeh Steel,4147.0,4147.0,4147.0,4147.0,311254246160.0,75055280,1466,D,4106.0,4147.0,2900.8779042738365,2900.8779042738365,2900.8779042738365,2900.8779042738365,2872.1978960569986,2900.8779042738365,217726203351.086
2024-08-17,S*Mobarakeh Steel,4229.0,4229.0,4229.0,4229.0,382293129313.0,90397997,1259,D,4147.0,4229.0,2958.237920707513,2958.237920707513,2958.237920707513,2958.237920707513,2900.8779042738365,2958.237920707513,267418782681.404
2024-08-18,S*Mobarakeh Steel,4313.0,4313.0,4313.0,4313.0,404175116013.0,93710901,1257,D,4229.0,4313.0,3016.996961932254,3016.996961932254,3016.996961932254,3016.996961932254,2958.237920707513,3016.996961932254,282725503616.9342
2024-08-19,S*Mobarakeh Steel,4399.0,4399.0,4289.0,4360.0,987717256069.0,226562176,5477,D,4313.0,4300.0,3077.1550279480607,3077.1550279480607,3000.208664439471,3049.874044522288,3016.996961932254,3007.90330079033,690920463901.7471
2024-08-20,S*Mobarakeh Steel,4365.0,4390.0,4285.0,4333.0,302535009048.0,69819162,2389,D,4360.0,4325.0,3053.371606499951,3070.859416388267,2997.4106148573405,3030.987209842907,3049.874044522288,3025.391110678646,211626988911.65384
2024-08-21,S*Mobarakeh Steel,4359.0,4417.0,4315.0,4346.0,540089366988.0,124274324,3625,D,4333.0,4347.0,3049.1745321267554,3089.746251067648,3018.3959867233193,3040.080870984831,3030.987209842907,3040.7803833803637,377799206903.4802
2024-08-24,S*Mobarakeh Steel,4394.0,4432.0,4390.0,4415.0,463359298138.0,104951259,3463,D,4346.0,4432.0,3073.6574659703974,3100.2389370006376,3070.859416388267,3088.347226276583,3040.080870984831,3100.2389370006376,324125572632.83276
2024-08-26,S*Mobarakeh Steel,4490.0,4500.0,4418.0,4446.0,646165928487.0,145344773,5295,D,4415.0,4419.0,3140.8106559415305,3147.8057798968566,3090.445763463181,3110.032110538095,3088.347226276583,3091.1452758587134,452001076547.5106
2024-08-27,S*Mobarakeh Steel,4430.0,4520.0,4410.0,4456.0,432185406719.0,96985528,3960,D,4446.0,4440.0,3098.8399122095725,3161.7960278075097,3084.8496642989194,3117.027234493421,3110.032110538095,3105.8350361648986,302319049168.2538
2024-08-28,S*Mobarakeh Steel,4526.0,4526.0,4445.0,4471.0,400363256352.0,89548041,3937,D,4456.0,4474.0,3165.9931021807056,3165.9931021807056,3109.332598142562,3127.5199204264104,3117.027234493421,3129.6184576130086,280059060534.03394
2024-08-31,S*Mobarakeh Steel,4525.0,4560.0,4511.0,4555.0,1287282708007.0,282592096,4002,D,4471.0,4560.0,3165.2935897851726,3189.776523628815,3155.5004162477157,3186.2789616511523,3127.5199204264104,3189.776523628815,900470210805.7139
2024-09-01,S*Mobarakeh Steel,4622.0,4625.0,4512.0,4566.0,737602957839.0,161547591,6639,D,4555.0,4542.0,3233.1462921518387,3235.2448293384364,3156.1999286432483,3193.9735980020105,3186.2789616511523,3177.1853005092275,515962411989.91595
2024-09-03,S*Mobarakeh Steel,4593.0,4593.0,4475.0,4493.0,553181289200.0,123127204,5222,D,4566.0,4475.0,3212.860432681392,3212.860432681392,3130.317970008541,3142.909193128128,3193.9735980020105,3130.317970008541,386957168772.1233
2024-09-07,S*Mobarakeh Steel,4464.0,4540.0,4359.0,4386.0,847914735858.0,193315269,6439,D,4493.0,4359.0,3122.623333657682,3175.7862757181624,3049.1745321267554,3068.0613668061364,3142.909193128128,3049.1745321267554,593126868087.4509
2024-09-08,S*Mobarakeh Steel,4380.0,4389.0,4255.0,4301.0,938593805323.0,218225663,7740,D,4386.0,4320.0,3063.8642924329406,3070.159903992734,2976.4252429913613,3008.6028131858625,3068.0613668061364,3021.8935487009826,656558001193.5833
2024-09-09,S*Mobarakeh Steel,4340.0,4399.0,4295.0,4333.0,538196098304.0,124215646,4895,D,4301.0,4299.0,3035.8837966116353,3077.1550279480607,3004.4057388126666,3030.987209842907,3008.6028131858625,3007.2037883947974,376474841990.9485
2024-09-10,S*Mobarakeh Steel,4339.0,4350.0,4252.0,4282.0,713203782816.0,166555374,5510,D,4333.0,4255.0,3035.1842842161027,3042.8789205669614,2974.326705804763,2995.3120776707424,3030.987209842907,2976.4252429913613,498894886620.5572
2024-09-11,S*Mobarakeh Steel,4290.0,4293.0,4205.0,4242.0,614373813989.0,144843351,6697,D,4282.0,4209.0,3000.9081768350034,3003.0067140216015,2941.44962321473,2967.331581849437,2995.3120776707424,2944.24767279686,429762098375.9668
2024-09-14,S*Mobarakeh Steel,4239.0,4250.0,4144.0,4179.0,675855020135.0,161737152,7078,D,4242.0,4145.0,2965.2330446628393,2972.9276810136985,2898.779367087239,2923.262300930881,2967.331581849437,2899.478879482772,472768964167.39105
2024-09-15,S*Mobarakeh Steel,4155.0,4179.0,4104.0,4136.0,607117948299.0,146800569,5573,D,4179.0,4140.0,2906.474003438098,2923.262300930881,2870.7988712659335,2893.183267922978,2923.262300930881,2895.981317505108,424686530385.4918
2024-09-16,S*Mobarakeh Steel,4140.0,4170.0,4108.0,4133.0,810690520990.0,196144834,6242,D,4136.0,4136.0,2895.981317505108,2916.9666893710873,2873.5969208480637,2891.0847307363797,2893.183267922978,2893.183267922978,567088068373.3147
2024-09-17,S*Mobarakeh Steel,4133.0,4227.0,4126.0,4172.0,1081895982060.0,259353622,7310,D,4133.0,4221.0,2891.0847307363797,2956.8388959164477,2886.1881439676513,2918.3657141621525,2891.0847307363797,2952.641821543252,756799650127.9231
2024-09-18,S*Mobarakeh Steel,4196.0,4238.0,4156.0,4177.0,987823628483.0,236510473,8062,D,4172.0,4204.0,2935.154011654936,2964.5335322673063,2907.1735158336305,2921.8632761398158,2918.3657141621525,2940.750110819197,690994872723.8828
2024-09-22,S*Mobarakeh Steel,4214.0,4214.0,4160.0,4176.0,557830517628.0,133591017,4491,D,4177.0,4161.0,2947.745234774523,2947.745234774523,2909.9715654157612,2921.163763744283,2921.8632761398158,2910.6710778112933,390209361687.17194
2024-09-23,S*Mobarakeh Steel,4165.0,4280.0,4155.0,4215.0,1046205936007.0,248234773,6400,D,4176.0,4248.0,2913.469127393424,2993.9130528796773,2906.474003438098,2948.444747170056,2921.163763744283,2971.528656222633,731834020516.7191
2024-09-24,S*Mobarakeh Steel,4279.0,4341.0,4240.0,4332.0,2356580479222.0,544049813,10332,D,4215.0,4341.0,2993.2135404841447,3036.5833090071683,2965.932557058372,3030.2876974473743,2948.444747170056,3036.5833090071683,1648457256286.026
2024-09-25,S*Mobarakeh Steel,4369.0,4394.0,4271.0,4312.0,1146148445381.0,265796396,7047,D,4332.0,4271.0,3056.169656082082,3073.6574659703974,2987.6174413198837,3016.297449536721,3030.2876974473743,2987.6174413198837,801745044664.4686
2024-09-28,S*Mobarakeh Steel,4269.0,4269.0,4269.0,4269.0,212452330431.0,49766299,1699,D,4312.0,4269.0,2986.218416528818,2986.218416528818,2986.218416528818,2986.218416528818,3016.297449536721,2986.218416528818,148613038596.27972
2024-09-29,S*Mobarakeh Steel,4227.0,4244.0,4227.0,4227.0,1398204953412.0,330772454,6061,D,4269.0,4227.0,2956.8388959164477,2968.730606640502,2956.8388959164477,2956.8388959164477,2986.218416528818,2956.8388959164477,978061696406.8242
2024-09-30,S*Mobarakeh Steel,4192.0,4246.0,4185.0,4193.0,811354000208.0,193504237,6476,D,4227.0,4185.0,2932.355962072805,2970.1296314315678,2927.4593753040767,2933.0554744683377,2956.8388959164477,2927.4593753040767,567552180310.484
2024-10-01,S*Mobarakeh Steel,4161.0,4162.0,4152.0,4154.0,482503699857.0,116152307,2984,D,4193.0,4152.0,2910.6710778112933,2911.3705902068264,2904.3754662515003,2905.774491042565,2933.0554744683377,2904.3754662515003,337517318940.3295
2024-10-02,S*Mobarakeh Steel,4113.0,4123.0,4113.0,4113.0,827044924799.0,201080066,4981,D,4154.0,4113.0,2877.0944828257275,2884.0896067810536,2877.0944828257275,2877.0944828257275,2905.774491042565,2877.0944828257275,578528176559.2563
2024-10-05,S*Mobarakeh Steel,4072.0,4090.0,4072.0,4072.0,1054628712858.0,258973062,6267,D,4113.0,4072.0,2848.414474608889,2861.0056977284767,2848.414474608889,2848.414474608889,2877.0944828257275,2848.414474608889,737725857328.799
2024-10-06,S*Mobarakeh Steel,4044.0,4045.0,4032.0,4035.0,244870441615.0,60681888,2501,D,4072.0,4032.0,2828.8281275339755,2829.527639929508,2820.433978787584,2822.5325159741815,2848.414474608889,2820.433978787584,171289909209.24286
2024-10-07,S*Mobarakeh Steel,3995.0,4070.0,3995.0,4019.0,1111427402081.0,276540748,7761,D,4035.0,4042.0,2794.552020152876,2847.0154498178235,2794.552020152876,2811.3403176456595,2822.5325159741815,2827.42910274291,777457244490.2933
2024-10-08,S*Mobarakeh Steel,4053.0,4059.0,4048.0,4059.0,679076256675.0,167321519,4571,D,4019.0,4058.0,2835.123739093769,2839.320813466965,2831.6261771161057,2839.320813466965,2811.3403176456595,2838.6213010714323,475022259056.06366
2024-10-12,S*Mobarakeh Steel,4145.0,4180.0,4100.0,4170.0,681502975384.0,163448790,3525,D,4059.0,4180.0,2899.478879482772,2923.961813326414,2868.0008216838028,2916.9666893710873,2839.320813466965,2923.961813326414,476719778873.48016
2024-10-13,S*Mobarakeh Steel,4268.0,4279.0,4132.0,4197.0,885238459713.0,210944204,8733,D,4170.0,4217.0,2985.5189041332856,2993.2135404841447,2890.385218340847,2935.8535240504684,2916.9666893710873,2949.843771961121,619235275571.4606
2024-10-14,S*Mobarakeh Steel,4190.0,4217.0,4072.0,4115.0,674778363554.0,163994110,6262,D,4197.0,4072.0,2930.95693728174,2949.843771961121,2848.414474608889,2878.493507616792,2935.8535240504684,2848.414474608889,472015829543.2497
2024-10-15,S*Mobarakeh Steel,4021.0,4111.0,3995.0,4029.0,578713164434.0,143640256,5836,D,4115.0,4011.0,2812.7393424367247,2875.695458034662,2794.552020152876,2818.335441600986,2878.493507616792,2805.744218481398,404817031979.49896
2024-10-16,S*Mobarakeh Steel,4075.0,4100.0,4034.0,4062.0,353400462078.0,86993787,3521,D,4029.0,4045.0,2850.5130117954873,2868.0008216838028,2821.833003578649,2841.419350653563,2818.335441600986,2829.527639929508,247208003810.52185
2024-10-19,S*Mobarakeh Steel,4046.0,4087.0,3941.0,3951.0,603194043139.0,152650185,6803,D,4062.0,3941.0,2830.2271523250406,2858.9071605418785,2756.778350794114,2763.77347474944,2841.419350653563,2756.778350794114,421941710087.1774
2024-10-20,S*Mobarakeh Steel,3911.0,3911.0,3833.0,3838.0,898873297310.0,234217009,6835,D,3951.0,3855.0,2735.792978928135,2735.792978928135,2681.2310120765896,2684.7285740542525,2763.77347474944,2696.6202847783075,628773013481.6365
2024-10-21,S*Mobarakeh Steel,3801.0,3900.0,3790.0,3849.0,552889992744.0,143653320,4952,D,3838.0,3840.0,2658.846615419545,2728.098342577276,2651.151979068686,2692.4232104051116,2684.7285740542525,2686.127598845318,386753403290.3765
2024-10-22,S*Mobarakeh Steel,3880.0,3953.0,3821.0,3856.0,649106338004.0,168350739,4692,D,3849.0,3849.0,2714.1080946666234,2765.1724995405057,2672.8368633301975,2697.31979717384,2692.4232104051116,2692.4232104051116,454057929452.59424
2024-10-23,S*Mobarakeh Steel,3790.0,3849.0,3771.0,3791.0,510886916128.0,134750554,5094,D,3856.0,3800.0,2651.151979068686,2692.4232104051116,2637.861243553566,2651.8514914642187,2697.31979717384,2658.1471030240123,357371730546.97754
2024-10-26,S*Mobarakeh Steel,3904.0,3904.0,3904.0,3891.0,109474792896.0,28041699,685,D,3791.0,3904.0,2730.8963921594063,2730.8963921594063,2730.8963921594063,2721.802731017482,2651.8514914642187,2730.8963921594063,76578974629.12004
2024-10-27,S*Mobarakeh Steel,4007.0,4007.0,4007.0,4007.0,430520013860.0,107441980,976,D,3891.0,4007.0,2802.946168899268,2802.946168899268,2802.946168899268,2802.946168899268,2721.802731017482,2802.946168899268,301154086219.9518
2024-10-28,S*Mobarakeh Steel,4127.0,4127.0,4127.0,4127.0,474233095395.0,114909885,1644,D,4007.0,4127.0,2886.8876563631843,2886.8876563631843,2886.8876563631843,2886.8876563631843,2802.946168899268,2886.8876563631843,331731928600.613
2024-10-29,S*Mobarakeh Steel,4127.0,4172.0,4029.0,4125.0,1777297376155.0,430816001,9865,D,4127.0,4045.0,2886.8876563631843,2918.3657141621525,2818.335441600986,2885.4886315721187,2886.8876563631843,2829.527639929508,1243241545168.0505
2024-10-30,S*Mobarakeh Steel,4100.0,4248.0,4055.0,4199.0,1305748794736.0,310944379,8123,D,4125.0,4248.0,2868.0008216838028,2971.528656222633,2836.522763884834,2937.2525488415336,2885.4886315721187,2971.528656222633,913387467369.63
2024-11-02,S*Mobarakeh Steel,4225.0,4324.0,4201.0,4292.0,1240418176572.0,289025822,6567,D,4199.0,4230.0,2955.4398711253825,3024.6915982831133,2938.651573632599,3002.307201626069,2937.2525488415336,2958.9374331030454,867687890156.1025
2024-11-03,S*Mobarakeh Steel,4200.0,4200.0,4164.0,4166.0,883831267936.0,212142328,7711,D,4292.0,4164.0,2937.952061237066,2937.952061237066,2912.7696149978915,2914.168639788957,3002.307201626069,2912.7696149978915,618250927480.5574
2024-11-04,S*Mobarakeh Steel,4114.0,4195.0,4086.0,4144.0,424933408509.0,102547957,3868,D,4166.0,4170.0,2877.79399522126,2934.4544992594033,2858.207648146346,2898.779367087239,2914.168639788957,2916.9666893710873,297246186527.97833
2024-11-05,S*Mobarakeh Steel,4195.0,4260.0,4152.0,4204.0,317619025131.0,75549465,2961,D,4144.0,4220.0,2934.4544992594033,2979.9228049690246,2904.3754662515003,2940.750110819197,2898.779367087239,2951.9423091477192,222178445136.12595
2024-11-06,S*Mobarakeh Steel,4173.0,4275.0,4104.0,4178.0,772436478828.0,184882653,5385,D,4204.0,4224.0,2919.0652265576855,2990.415490902014,2870.7988712659335,2922.5627885353483,2940.750110819197,2954.7403587298495,540328891701.76764
2024-11-09,S*Mobarakeh Steel,4220.0,4303.0,4220.0,4300.0,659303749349.0,153332821,2262,D,4178.0,4303.0,2951.9423091477192,3010.001837976928,2951.9423091477192,3007.90330079033,2922.5627885353483,3010.001837976928,461191145090.76685
2024-11-11,S*Mobarakeh Steel,4525.0,4528.0,4427.0,4476.0,2418492237969.0,540351588,12560,D,4300.0,4449.0,3165.2935897851726,3167.3921269717707,3096.7413750229744,3131.0174824040737,3007.90330079033,3112.1306477246926,1691765298958.7783
2024-11-12,S*Mobarakeh Steel,4481.0,4529.0,4423.0,4471.0,1263177164076.0,282506106,8087,D,4476.0,4446.0,3134.515044381737,3168.0916393673033,3093.943325440844,3127.5199204264104,3131.0174824040737,3110.032110538095,883608084024.923
2024-11-13,S*Mobarakeh Steel,4456.0,4542.0,4424.0,4507.0,929587030135.0,206241045,6637,D,4471.0,4541.0,3117.027234493421,3177.1853005092275,3094.6428378363767,3152.7023666655855,3127.5199204264104,3176.4857881136954,650257650305.8014
2024-11-16,S*Mobarakeh Steel,4599.0,4642.0,4596.0,4639.0,716207172210.0,154385692,2899,D,4507.0,4642.0,3217.057507054588,3247.136540062491,3214.9589698679897,3245.038002875893,3152.7023666655855,3247.136540062491,500995794730.2714
2024-11-17,S*Mobarakeh Steel,4770.0,4774.0,4596.0,4681.0,1580531254027.0,337643393,10050,D,4639.0,4629.0,3336.6741266906683,3339.472176272799,3214.9589698679897,3274.4175234882637,3245.038002875893,3238.042878920567,1105601203718.6262
2024-11-18,S*Mobarakeh Steel,4675.0,4821.0,4646.0,4799.0,2230157203194.0,464719408,10056,D,4681.0,4821.0,3270.2204491150683,3372.349258862833,3249.9345896446216,3356.9599861611146,3274.4175234882637,3372.349258862833,1560022607620.596
2024-11-19,S*Mobarakeh Steel,4870.0,4888.0,4669.0,4759.0,1306672296804.0,274540205,9928,D,4799.0,4679.0,3406.6253662439317,3419.2165893635192,3266.023374741872,3328.979490339809,3356.9599861611146,3273.018498697198,914033468513.496
2024-11-20,S*Mobarakeh Steel,4713.0,4750.0,4630.0,4674.0,1175101961308.0,251427364,8159,D,4759.0,4669.0,3296.801920145308,3322.6838787800157,3238.742391316099,3269.5209367195353,3328.979490339809,3266.023374741872,821998387949.6566
2024-11-23,S*Mobarakeh Steel,4648.0,4750.0,4621.0,4704.0,766153051981.0,162874404,6731,D,4674.0,4716.0,3251.3336144356867,3322.6838787800157,3232.4467797563057,3290.506308585514,3269.5209367195353,3298.9004573319057,535933556735.8686
2024-11-24,S*Mobarakeh Steel,4749.0,4845.0,4720.0,4831.0,1392567765371.0,288283205,6058,D,4704.0,4845.0,3321.984366384483,3389.1375563556157,3301.6985069140364,3379.344382818159,3290.506308585514,3389.1375563556157,974118413496.1965
2024-11-25,S*Mobarakeh Steel,4940.0,4975.0,4881.0,4969.0,1052253303962.0,211755059,4239,D,4831.0,4975.0,3455.5912339312167,3480.074167774859,3414.320002594791,3475.8770934016625,3379.344382818159,3480.074167774859,736064229361.5884
2024-11-26,S*Mobarakeh Steel,5118.0,5118.0,4905.0,5052.0,3678415761052.0,728121631,15502,D,4969.0,4926.0,3580.104440336025,3580.104440336025,3431.1083000875738,3533.9366222308713,3475.8770934016625,3445.798060393759,2573097420778.4844
2024-11-27,S*Mobarakeh Steel,5025.0,5127.0,4960.0,5056.0,1693284883743.0,334904157,9851,D,5052.0,5119.0,3515.0497875514898,3586.400051895819,3469.581481841869,3536.734671813002,3533.9366222308713,3580.8039527315577,1184473765346.265
2024-11-30,S*Mobarakeh Steel,5080.0,5200.0,4910.0,5000.0,1835262630720.0,366711772,10628,D,5056.0,4940.0,3553.522969305785,3637.464456769701,3434.6058620652375,3497.5619776631747,3536.734671813002,3455.5912339312167,1283788959246.4727
2024-12-01,S*Mobarakeh Steel,4970.0,5030.0,4880.0,4920.0,1209067983490.0,245884422,5581,D,5000.0,4900.0,3476.5766057971955,3518.5473495291535,3413.6204901992583,3441.6009860205636,3497.5619776631747,3427.6107381099105,845758041492.9021
2024-12-02,S*Mobarakeh Steel,5060.0,5060.0,5020.0,5060.0,894452694940.0,176818973,3200,D,4920.0,5060.0,3539.5327213951327,3539.5327213951327,3511.552225573827,3539.5327213951327,3441.6009860205636,3539.5327213951327,625680747328.1005
2024-12-03,S*Mobarakeh Steel,5210.0,5210.0,5080.0,5180.0,2601606953280.0,502169638,10661,D,5060.0,5140.0,3644.459580725028,3644.459580725028,3553.522969305785,3623.4742088590488,3539.5327213951327,3595.493713037743,1819856312123.2524
2024-12-04,S*Mobarakeh Steel,5160.0,5240.0,5110.0,5180.0,1527690010020.0,295065814,8491,D,5180.0,5150.0,3609.483960948396,3665.4449525910068,3574.5083411717637,3623.4742088590488,3623.4742088590488,3602.48883699307,1068638098540.3651
2024-12-07,S*Mobarakeh Steel,5150.0,5170.0,5030.0,5040.0,2323128535770.0,460636872,9153,D,5180.0,5040.0,3602.48883699307,3616.479084903722,3518.5473495291535,3525.5424734844796,3623.4742088590488,3525.5424734844796,1625057207186.695
2024-12-08,S*Mobarakeh Steel,5000.0,5060.0,4900.0,4960.0,1367565687140.0,275695761,7441,D,5040.0,5040.0,3497.5619776631747,3539.5327213951327,3427.6107381099105,3469.581481841869,3525.5424734844796,3525.5424734844796,956629149859.5353
2024-12-09,S*Mobarakeh Steel,5050.0,5100.0,5010.0,5100.0,1257888974110.0,246791361,4008,D,4960.0,5100.0,3532.5375974398057,3567.5132172164376,3504.557101618501,3567.5132172164376,3469.581481841869,3567.5132172164376,879908929593.7745
2024-12-10,S*Mobarakeh Steel,5250.0,5250.0,5090.0,5170.0,1552258068410.0,300049729,8695,D,5100.0,5110.0,3672.440076546333,3672.440076546333,3560.5180932611115,3616.479084903722,3567.5132172164376,3574.5083411717637,1085823759918.3397
2024-12-11,S*Mobarakeh Steel,5170.0,5320.0,5100.0,5250.0,2559374636970.0,487774081,9969,D,5170.0,5320.0,3616.479084903722,3721.405944233617,3567.5132172164376,3672.440076546333,3616.479084903722,3721.405944233617,1790314283372.3523
2024-12-14,S*Mobarakeh Steel,5400.0,5400.0,5400.0,5400.0,442129719600.0,81875874,1968,D,5250.0,5400.0,3777.366935876228,3777.366935876228,3777.366935876228,3777.366935876228,3672.440076546333,3777.366935876228,309275219293.5682
2024-12-15,S*Mobarakeh Steel,5560.0,5560.0,5560.0,5560.0,1669168183800.0,300210105,3354,D,5400.0,5560.0,3889.2889191614495,3889.2889191614495,3889.2889191614495,3889.2889191614495,3777.366935876228,3889.2889191614495,1167603834796.7954
2024-12-16,S*Mobarakeh Steel,5720.0,5720.0,5640.0,5710.0,6499460751180.0,1137332540,17917,D,5560.0,5710.0,4001.2109024466713,4001.2109024466713,3945.2499108040606,3994.215778491345,3889.2889191614495,3994.215778491345,4546453359728.261
2024-12-17,S*Mobarakeh Steel,5710.0,5870.0,5540.0,5650.0,4686074518510.0,829363375,18884,D,5710.0,5550.0,3994.215778491345,4106.137761776567,3875.2986712507973,3952.2450347593867,3994.215778491345,3882.2937952061234,3277967212087.3687
2024-12-18,S*Mobarakeh Steel,5590.0,5810.0,5490.0,5720.0,3856071921540.0,673823446,16422,D,5650.0,5790.0,3910.2742910274287,4064.1670180446085,3840.3230514741654,4001.2109024466713,3952.2450347593867,4050.176770133956,2697370107182.5757
2024-12-21,S*Mobarakeh Steel,5890.0,5890.0,5820.0,5890.0,1397273445910.0,237235861,5525,D,5720.0,5890.0,4120.12800968722,4120.12800968722,4071.1621419999346,4120.12800968722,4001.2109024466713,4120.12800968722,977410095362.6437
2024-12-22,S*Mobarakeh Steel,6050.0,6060.0,5860.0,6000.0,2992260487020.0,498989988,16841,D,5890.0,5950.0,4232.049992972441,4239.045116927767,4099.142637821241,4197.074373195809,4120.12800968722,4162.098753419177,2093123301333.0088
2024-12-23,S*Mobarakeh Steel,5950.0,6180.0,5900.0,6100.0,2107712502510.0,345580700,12073,D,6000.0,6180.0,4162.098753419177,4322.986604391684,4127.123133642545,4267.025612749073,4197.074373195809,4322.986604391684,1474371021724.8547
2024-12-24,S*Mobarakeh Steel,6280.0,6280.0,6140.0,6260.0,2480277977640.0,396486641,13701,D,6100.0,6280.0,4392.937843944947,4392.937843944947,4295.006108570378,4378.947596034294,4267.025612749073,4392.937843944947,1734985189725.7952
2024-12-25,S*Mobarakeh Steel,6350.0,6360.0,6080.0,6120.0,2877266873440.0,469959809,20244,D,6260.0,6090.0,4441.9037116322315,4448.898835587557,4253.03536483842,4281.015860659725,4378.947596034294,4260.030488793746,2012683843226.709
2024-12-28,S*Mobarakeh Steel,6090.0,6100.0,5940.0,5960.0,2029780951990.0,340480735,11704,D,6120.0,5940.0,4260.030488793746,4267.025612749073,4155.103629463851,4169.093877374504,4281.015860659725,4155.103629463851,1419856936133.0369
2024-12-29,S*Mobarakeh Steel,5830.0,5950.0,5790.0,5800.0,3170454417570.0,546547092,14201,D,5960.0,5790.0,4078.1572659552617,4162.098753419177,4050.176770133956,4057.1718940892824,4169.093877374504,4050.176770133956,2217772164561.4155
2024-12-30,S*Mobarakeh Steel,5710.0,5760.0,5630.0,5650.0,2205111376200.0,389949856,14047,D,5800.0,5630.0,3994.215778491345,4029.1913982679766,3938.2547868487345,3952.2450347593867,4057.1718940892824,3938.2547868487345,1542502741181.927
2024-12-31,S*Mobarakeh Steel,5680.0,5810.0,5650.0,5780.0,1732170602180.0,299910843,11033,D,5650.0,5790.0,3973.2304066253664,4064.1670180446085,3952.2450347593867,4043.1816461786298,3952.2450347593867,4050.176770133956,1211674807402.1384
2025-01-01,S*Mobarakeh Steel,5870.0,5920.0,5780.0,5850.0,1069343055640.0,182687907,9984,D,5780.0,5900.0,4106.137761776567,4141.113381553198,4043.1816461786298,4092.147513865914,4043.1816461786298,4127.123133642545,748018722496.924
2025-01-04,S*Mobarakeh Steel,6020.0,6020.0,6020.0,6020.0,1250010817860.0,207642993,3907,D,5850.0,6020.0,4211.064621106462,4211.064621106462,4211.064621106462,4211.064621106462,4092.147513865914,4211.064621106462,874398061642.9568
2025-01-05,S*Mobarakeh Steel,6130.0,6180.0,5950.0,6050.0,2314086580310.0,382460143,14441,D,6020.0,5990.0,4288.010984615052,4322.986604391684,4162.098753419177,4232.049992972441,4211.064621106462,4190.079249240483,1618732247262.571
2025-01-06,S*Mobarakeh Steel,6010.0,6060.0,5950.0,5990.0,1399155415880.0,233682750,8785,D,6050.0,5980.0,4204.069497151136,4239.045116927767,4162.098753419177,4190.079249240483,4232.049992972441,4183.084125285157,978726556684.6787
2025-01-07,S*Mobarakeh Steel,6010.0,6160.0,6010.0,6100.0,1947840975790.0,319395217,11014,D,5990.0,6150.0,4204.069497151136,4308.9963564810305,4204.069497151136,4267.025612749073,4190.079249240483,4302.001232525704,1362538907091.488
2025-01-08,S*Mobarakeh Steel,6160.0,6190.0,6020.0,6090.0,1319717126040.0,216741850,10326,D,6100.0,6070.0,4308.9963564810305,4329.98172834701,4211.064621106462,4260.030488793746,4267.025612749073,4246.040240883094,923158488261.6847
2025-01-11,S*Mobarakeh Steel,6070.0,6120.0,5910.0,5940.0,2135673088040.0,359801372,14067,D,6090.0,5910.0,4246.040240883094,4281.015860659725,4134.118257597872,4155.103629463851,4260.030488793746,4134.118257597872,1493929797889.4402
2025-01-12,S*Mobarakeh Steel,5910.0,5910.0,5770.0,5790.0,1961555465720.0,338538547,12248,D,5940.0,5770.0,4134.118257597872,4134.118257597872,4036.1865222233037,4050.176770133956,4155.103629463851,4036.1865222233037,1372132362795.9304
2025-01-13,S*Mobarakeh Steel,5750.0,5960.0,5750.0,5860.0,1608829958210.0,274647887,10415,D,5790.0,5850.0,4022.1962743126505,4169.093877374504,4022.1962743126505,4099.142637821241,4050.176770133956,4092.147513865914,1125396498072.146
2025-01-15,S*Mobarakeh Steel,5900.0,5980.0,5750.0,5830.0,1034211539250.0,177394846,8218,D,5860.0,5790.0,4127.123133642545,4183.084125285157,4022.1962743126505,4078.1572659552617,4099.142637821241,4050.176770133956,723443791308.2611
2025-01-18,S*Mobarakeh Steel,5800.0,5830.0,5660.0,5690.0,1421637670700.0,250028468,9125,D,5830.0,5670.0,4057.1718940892824,4078.1572659552617,3959.2401587147133,3980.2255305806925,4078.1572659552617,3966.2352826700394,994453172610.7921
2025-01-19,S*Mobarakeh Steel,5670.0,5770.0,5610.0,5670.0,778586674340.0,137314779,6550,D,5690.0,5690.0,3966.2352826700394,4036.1865222233037,3924.2645389380814,3966.2352826700394,3980.2255305806925,3980.2255305806925,544631029697.3608
2025-01-20,S*Mobarakeh Steel,5630.0,5650.0,5500.0,5520.0,2205206368180.0,399145970,10367,D,5670.0,5500.0,3938.2547868487345,3952.2450347593867,3847.3181754294915,3861.308423340144,3966.2352826700394,3847.3181754294915,1542569189249.4136
2025-01-21,S*Mobarakeh Steel,5530.0,5650.0,5430.0,5530.0,1049246500100.0,189657707,7862,D,5520.0,5610.0,3868.3035472954703,3952.2450347593867,3798.3523077422074,3868.3035472954703,3861.308423340144,3924.2645389380814,733960932789.184
2025-01-22,S*Mobarakeh Steel,5690.0,5690.0,5690.0,5690.0,957586373400.0,168292860,3576,D,5530.0,5690.0,3980.2255305806925,3980.2255305806925,3980.2255305806925,3980.2255305806925,3868.3035472954703,3980.2255305806925,669843537986.4421
2025-01-25,S*Mobarakeh Steel,5860.0,5860.0,5780.0,5850.0,3643852416080.0,622506316,17093,D,5690.0,5860.0,4099.142637821241,4099.142637821241,4043.1816461786298,4092.147513865914,3980.2255305806925,4099.142637821241,2548919932539.5
2025-01-26,S*Mobarakeh Steel,5910.0,5920.0,5690.0,5770.0,1950400472720.0,338184233,10921,D,5850.0,5720.0,4134.118257597872,4141.113381553198,3980.2255305806925,4036.1865222233037,4092.147513865914,4001.2109024466713,1364329306920.3506
2025-01-27,S*Mobarakeh Steel,5750.0,5760.0,5630.0,5660.0,1291131158690.0,227957397,8733,D,5770.0,5640.0,4022.1962743126505,4029.1913982679766,3938.2547868487345,3959.2401587147133,4036.1865222233037,3945.2499108040606,903162249762.0685
2025-01-29,S*Mobarakeh Steel,5660.0,5720.0,5590.0,5630.0,605035098620.0,107427281,5771,D,5660.0,5620.0,3959.2401587147133,4001.2109024466713,3910.2742910274287,3938.2547868487345,3959.2401587147133,3931.2596628934075,423229551217.0002
2025-02-01,S*Mobarakeh Steel,5690.0,5690.0,5470.0,5540.0,1381732267530.0,249544346,9513,D,5630.0,5590.0,3980.2255305806925,3980.2255305806925,3826.3328035635122,3875.2986712507973,3938.2547868487345,3910.2742910274287,966538848444.6499
2025-02-02,S*Mobarakeh Steel,5590.0,5650.0,5500.0,5550.0,1119216051800.0,201544001,7061,D,5540.0,5550.0,3910.2742910274287,3952.2450347593867,3847.3181754294915,3882.2937952061234,3875.2986712507973,3882.2937952061234,782905501513.1956
2025-02-03,S*Mobarakeh Steel,5600.0,5670.0,5520.0,5560.0,968699035490.0,174287088,6023,D,5550.0,5570.0,3917.2694149827553,3966.2352826700394,3861.308423340144,3889.2889191614495,3882.2937952061234,3896.2840431167765,677616982865.7628
2025-02-04,S*Mobarakeh Steel,5600.0,5650.0,5560.0,5600.0,863340434060.0,154238307,6218,D,5560.0,5580.0,3917.2694149827553,3952.2450347593867,3889.2889191614495,3917.2694149827553,3889.2889191614495,3903.2791670721026,603917335189.4954
2025-02-05,S*Mobarakeh Steel,5580.0,5700.0,5490.0,5600.0,1563250350240.0,279099354,8670,D,5600.0,5670.0,3903.2791670721026,3987.2206545360186,3840.3230514741654,3917.2694149827553,3917.2694149827553,3966.2352826700394,1093512997313.6128
2025-02-09,S*Mobarakeh Steel,5560.0,5760.0,5560.0,5710.0,2980855567750.0,521750179,15667,D,5600.0,5640.0,3889.2889191614495,4029.1913982679766,3889.2889191614495,3994.215778491345,3917.2694149827553,3945.2499108040606,2085145418933.5947
2025-02-11,S*Mobarakeh Steel,5680.0,5810.0,5540.0,5610.0,2495513189350.0,444920016,13501,D,5710.0,5540.0,3973.2304066253664,4064.1670180446085,3875.2986712507973,3924.2645389380814,3994.215778491345,3875.2986712507973,1745642409165.5042
2025-02-15,S*Mobarakeh Steel,5550.0,5550.0,5450.0,5460.0,1461007036080.0,267672236,6418,D,5610.0,5450.0,3882.2937952061234,3882.2937952061234,3812.34255565286,3819.337679608186,3924.2645389380814,3812.34255565286,1021992531698.3555
2025-02-16,S*Mobarakeh Steel,5380.0,5410.0,5300.0,5320.0,1899905668950.0,357058647,12684,D,5460.0,5390.0,3763.3766879655755,3784.3620598315542,3707.415696322965,3721.405944233617,3819.337679608186,3770.371811920902,1329007565773.2476
2025-02-17,S*Mobarakeh Steel,5400.0,5460.0,5330.0,5400.0,789926444300.0,146176556,6655,D,5320.0,5360.0,3777.366935876228,3819.337679608186,3728.401068188944,3777.366935876228,3721.405944233617,3749.3864400549232,552563339346.8695
2025-02-18,S*Mobarakeh Steel,5390.0,5500.0,5360.0,5420.0,640876726090.0,118322454,6176,D,5400.0,5400.0,3770.371811920902,3847.3181754294915,3749.3864400549232,3791.3571837868813,3777.366935876228,3777.366935876228,448301213908.3282
2025-02-19,S*Mobarakeh Steel,5440.0,5480.0,5370.0,5410.0,882695249930.0,163059347,5708,D,5420.0,5430.0,3805.3474316975335,3833.3279275188393,3756.3815640102493,3784.3620598315542,3791.3571837868813,3798.3523077422074,617456268803.8121
2025-02-22,S*Mobarakeh Steel,5480.0,5480.0,5310.0,5360.0,1335379309640.0,249200179,8098,D,5410.0,5310.0,3833.3279275188393,3833.3279275188393,3714.410820278291,3749.3864400549232,3784.3620598315542,3714.410820278291,934114379830.9926
2025-02-23,S*Mobarakeh Steel,5470.0,5520.0,5380.0,5480.0,1401028288690.0,255458459,8495,D,5360.0,5520.0,3826.3328035635122,3861.308423340144,3763.3766879655755,3833.3279275188393,3749.3864400549232,3861.308423340144,980036654430.5299
2025-02-24,S*Mobarakeh Steel,5570.0,5640.0,5560.0,5640.0,1783741186780.0,316409369,5825,D,5480.0,5640.0,3896.2840431167765,3945.2499108040606,3889.2889191614495,3945.2499108040606,3833.3279275188393,3945.2499108040606,1247749070574.703
2025-02-25,S*Mobarakeh Steel,5800.0,5800.0,5670.0,5780.0,3198357581850.0,553712902,14063,D,5640.0,5710.0,4057.1718940892824,4057.1718940892824,3966.2352826700394,4043.1816461786298,3945.2499108040606,3994.215778491345,2237290773849.859
2025-02-26,S*Mobarakeh Steel,5770.0,5870.0,5660.0,5760.0,1581299872460.0,274452321,9840,D,5780.0,5740.0,4036.1865222233037,4106.137761776567,3959.2401587147133,4029.1913982679766,4043.1816461786298,4015.2011503573244,1106138861839.9446
2025-03-01,S*Mobarakeh Steel,5740.0,5890.0,5710.0,5790.0,1172883256720.0,202739707,8086,D,5760.0,5710.0,4015.2011503573244,4120.12800968722,3994.215778491345,4050.176770133956,4029.1913982679766,3994.215778491345,820446376588.3256
2025-03-02,S*Mobarakeh Steel,5780.0,5880.0,5740.0,5820.0,1288587756850.0,221316885,8635,D,5790.0,5810.0,4043.1816461786298,4113.132885731893,4015.2011503573244,4071.1621419999346,4050.176770133956,4064.1670180446085,901383108648.168
2025-03-03,S*Mobarakeh Steel,5650.0,5650.0,5650.0,5650.0,1396311071950.0,247134703,4609,D,5820.0,5650.0,3952.2450347593867,3952.2450347593867,3952.2450347593867,3952.2450347593867,4071.1621419999346,3952.2450347593867,976736902848.4857
2025-03-04,S*Mobarakeh Steel,5570.0,5690.0,5500.0,5570.0,2220136804400.0,398476783,13107,D,5650.0,5510.0,3896.2840431167765,3980.2255305806925,3847.3181754294915,3896.2840431167765,3952.2450347593867,3854.313299384818,1553013214456.013
2025-03-05,S*Mobarakeh Steel,5460.0,5600.0,5410.0,5530.0,1557581806610.0,281756060,10082,D,5570.0,5560.0,3819.337679608186,3917.2694149827553,3784.3620598315542,3868.3035472954703,3896.2840431167765,3889.2889191614495,1089547780779.8103
2025-03-12,S*Mobarakeh Steel,3982.0,3982.0,3875.0,3922.0,940512933940.0,239818558,5849,D,3982.0,3880.0,2785.458359010952,2785.458359010952,2710.61053268896,2743.487615278994,2785.458359010952,2714.1080946666234,657900455449.7961
2025-03-15,S*Mobarakeh Steel,3970.0,4039.0,3960.0,4037.0,2568900505259.0,636287455,12360,D,3922.0,4039.0,3582.412831241283,3644.676429567643,3573.389121338912,3642.8716875871687,3539.099023709902,3644.676429567643,2318101292751.148
2025-03-16,S*Mobarakeh Steel,4080.0,4080.0,3985.0,4025.0,1297882423939.0,322477158,10655,D,4037.0,4015.0,3681.673640167364,3681.673640167364,3595.9483960948396,3632.0432357043233,3642.8716875871687,3623.0195258019526,1171171448101.1616
2025-03-17,S*Mobarakeh Steel,4015.0,4060.0,3931.0,3973.0,1000239970239.0,251768905,9365,D,4025.0,3934.0,3623.0195258019526,3663.626220362622,3547.220362622036,3585.119944211994,3632.0432357043233,3549.927475592747,902587532419.2928
2025-03-18,S*Mobarakeh Steel,3854.0,3950.0,3854.0,3866.0,2139247730368.0,553385492,12628,D,3973.0,3950.0,3477.7377963737795,3564.365411436541,3477.7377963737795,3488.5662482566245,3585.119944211994,3564.365411436541,1930395092814.6387
2025-03-29,S*Mobarakeh Steel,3981.0,3981.0,3981.0,3981.0,372249675075.0,93506575,1617,D,3866.0,3981.0,3592.338912133891,3592.338912133891,3592.338912133891,3592.338912133891,3488.5662482566245,3592.338912133891,335907307912.8661
2025-03-30,S*Mobarakeh Steel,4010.0,4100.0,3995.0,4086.0,893437486133.0,218633472,5299,D,3981.0,4100.0,3618.5076708507668,3699.7210599721056,3604.9721059972103,3687.0878661087863,3592.338912133891,3699.7210599721056,806212069076.7797
2025-04-05,S*Mobarakeh Steel,4100.0,4145.0,3997.0,4035.0,1207884220402.0,299347780,11243,D,4086.0,4006.0,3699.7210599721056,3740.3277545327755,3606.7768479776846,3641.0669456066944,3687.0878661087863,3614.8981868898186,1089959680055.9191
2025-04-06,S*Mobarakeh Steel,4024.0,4024.0,3914.0,3952.0,1179602447310.0,298463781,9393,D,4035.0,3942.0,3631.1408647140865,3631.1408647140865,3531.8800557880054,3566.170153417015,3641.0669456066944,3557.146443514644,1064439028465.2301
2025-04-07,S*Mobarakeh Steel,3943.0,3943.0,3835.0,3878.0,1148335863803.0,296110035,8808,D,3952.0,3920.0,3558.048814504881,3558.048814504881,3460.592747559275,3499.39470013947,3566.170153417015,3537.294281729428,1036224970544.6875
2025-04-08,S*Mobarakeh Steel,3994.0,3994.0,3994.0,3994.0,802173528106.0,200844649,1983,D,3878.0,3994.0,3604.0697350069736,3604.0697350069736,3604.0697350069736,3604.0697350069736,3499.39470013947,3604.0697350069736,723858120898.9985
2025-04-09,S*Mobarakeh Steel,4110.0,4110.0,3983.0,4048.0,1521873428004.0,375992788,8318,D,3994.0,4010.0,3708.744769874477,3708.744769874477,3594.1436541143653,3652.7977684797766,3604.0697350069736,3618.5076708507668,1373294432243.4978
2025-04-12,S*Mobarakeh Steel,4070.0,4080.0,4018.0,4048.0,1150787248025.0,284291026,8342,D,4048.0,4040.0,3672.6499302649927,3681.673640167364,3625.7266387726636,3652.7977684797766,3652.7977684797766,3645.5788005578797,1038437028552.5453
2025-04-13,S*Mobarakeh Steel,4169.0,4169.0,4169.0,4169.0,1821053827714.0,436808306,4864,D,4048.0,4169.0,3761.9846582984655,3761.9846582984655,3761.9846582984655,3761.9846582984655,3652.7977684797766,3761.9846582984655,1643266145789.3416
2025-04-14,S*Mobarakeh Steel,4294.0,4294.0,4200.0,4272.0,3989498745366.0,933921715,20726,D,4169.0,4259.0,3874.781032078103,3874.781032078103,3789.9581589958157,3854.928870292887,3761.9846582984655,3843.1980474198044,3600007933405.5815
2025-04-15,S*Mobarakeh Steel,4246.0,4246.0,4144.0,4152.0,2977239770021.0,717006083,13913,D,4272.0,4144.0,3831.4672245467223,3831.4672245467223,3739.4253835425384,3746.644351464435,3854.928870292887,3739.4253835425384,2686574799447.1226
2025-04-16,S*Mobarakeh Steel,4138.0,4198.0,4093.0,4131.0,1773892327972.0,429406051,12310,D,4152.0,4112.0,3734.0111576011154,3788.1534170153413,3693.404463040446,3727.6945606694558,3746.644351464435,3710.549511854951,1600708976566.0864
2025-04-19,S*Mobarakeh Steel,4170.0,4253.0,4150.0,4225.0,2805083820785.0,663964759,16102,D,4131.0,4240.0,3762.8870292887027,3837.783821478382,3744.839609483961,3812.5174337517433,3727.6945606694558,3826.0529986052998,2531226265059.8257
2025-04-20,S*Mobarakeh Steel,4351.0,4351.0,4351.0,4351.0,6028362246443.0,1385511893,13661,D,4225.0,4351.0,3926.2161785216176,3926.2161785216176,3926.2161785216176,3926.2161785216176,3812.5174337517433,3926.2161785216176,5439819209830.713
2025-04-21,S*Mobarakeh Steel,4479.0,4481.0,4280.0,4438.0,11138041580712.0,2509813619,52958,D,4351.0,4320.0,4041.7196652719663,4043.5244072524406,3862.147838214784,4004.7224546722455,3926.2161785216176,3898.2426778242675,10050645610489.07
2025-04-22,S*Mobarakeh Steel,4340.0,4360.0,4305.0,4310.0,4885073044542.0,1133517816,26178,D,4438.0,4305.0,3916.29009762901,3934.3375174337516,3884.707112970711,3889.218967921897,4004.7224546722455,3884.707112970711,4408148200583.925
2025-04-23,S*Mobarakeh Steel,4330.0,4439.0,4200.0,4389.0,9397860283503.0,2141175113,36567,D,4310.0,4439.0,3907.2663877266386,4005.6248256624826,3789.9581589958157,3960.5062761506274,3889.218967921897,4005.6248256624826,8480356490134.506
2025-04-26,S*Mobarakeh Steel,4520.0,4520.0,4300.0,4435.0,5455517828619.0,1229973497,27072,D,4389.0,4413.0,4078.7168758716875,4078.7168758716875,3880.1952580195257,4002.015341701534,3960.5062761506274,3982.163179916318,4922901025267.075
2025-04-27,S*Mobarakeh Steel,4302.0,4330.0,4302.0,4303.0,3570018125531.0,829568733,18190,D,4435.0,4302.0,3882.0,3907.2663877266386,3882.0,3882.902370990237,4002.015341701534,3882.0,3221480791099.8003
2025-04-28,S*Mobarakeh Steel,4289.0,4391.0,4174.0,4205.0,5049521874592.0,1200910375,28551,D,4303.0,4208.0,3870.2691771269174,3962.3110181311017,3766.4965132496513,3794.4700139470015,3882.902370990237,3797.1771269177125,4556542054199.476
2025-04-29,S*Mobarakeh Steel,4227.0,4324.0,4175.0,4254.0,2430352934280.0,571367300,14925,D,4205.0,4270.0,3814.3221757322176,3901.852161785216,3767.3988842398885,3838.686192468619,3794.4700139470015,3853.1241283124127,2193079983931.8828
2025-04-30,S*Mobarakeh Steel,4250.0,4313.0,4224.0,4271.0,2388555317182.0,559218234,16006,D,4254.0,4277.0,3835.076708507671,3891.926080892608,3811.615062761506,3854.02649930265,3838.686192468619,3859.4407252440724,2155363026801.6094
2025-05-03,S*Mobarakeh Steel,4143.0,4144.0,4143.0,4143.0,2089554113099.0,504357359,9256,D,4271.0,4143.0,3738.523012552301,3739.4253835425384,3738.523012552301,3738.523012552301,3854.02649930265,3738.523012552301,1885553014191.1477
2025-05-04,S*Mobarakeh Steel,4019.0,4098.0,4019.0,4034.0,2463887457014.0,610745794,20474,D,4143.0,4034.0,3626.6290097629008,3697.916317991632,3626.6290097629008,3640.1645746164572,3738.523012552301,3640.1645746164572,2223340564418.4907
2025-05-05,S*Mobarakeh Steel,4050.0,4118.0,3959.0,4019.0,1834531170688.0,456434400,16551,D,4034.0,3981.0,3654.602510460251,3715.9637377963736,3572.486750348675,3626.6290097629008,3640.1645746164572,3592.338912133891,1655427709114.555
2025-05-06,S*Mobarakeh Steel,4035.0,4085.0,3930.0,3989.0,2279819063508.0,571569344,17138,D,4019.0,4018.0,3641.0669456066944,3686.185495118549,3546.317991631799,3599.557880055788,3626.6290097629008,3625.7266387726636,2057242585899.1296
2025-05-07,S*Mobarakeh Steel,4098.0,4108.0,4027.0,4081.0,3083940271614.0,755752116,17264,D,3989.0,4059.0,3697.916317991632,3706.9400278940025,3633.8479776847976,3682.576011157601,3599.557880055788,3662.723849372385,2782858236728.393
2025-05-10,S*Mobarakeh Steel,3965.0,4035.0,3959.0,3960.0,1824184437410.0,460638534,12311,D,4081.0,3959.0,3577.9009762900973,3641.0669456066944,3572.486750348675,3573.389121338912,3682.576011157601,3572.486750348675,1646091117160.767
2025-05-11,S*Mobarakeh Steel,3900.0,3969.0,3867.0,3905.0,1560245505065.0,399515837,14154,D,3960.0,3889.0,3519.246861924686,3581.510460251046,3489.4686192468616,3523.7587168758714,3573.389121338912,3509.320781032078,1407920281418.4868
2025-05-12,S*Mobarakeh Steel,4022.0,4022.0,4018.0,4022.0,5158929784181.0,1282682469,13886,D,3905.0,4022.0,3629.3361227336122,3629.3361227336122,3625.7266387726636,3629.3361227336122,3523.7587168758714,3629.3361227336122,4655268577915.072
2025-05-13,S*Mobarakeh Steel,4070.0,4133.0,3964.0,4055.0,2585128337973.0,637495318,16508,D,4022.0,4063.0,3672.6499302649927,3729.49930264993,3576.99860529986,3659.114365411436,3629.3361227336122,3666.333333333333,2332744818226.682
2025-05-14,S*Mobarakeh Steel,4055.0,4093.0,3984.0,4045.0,2527950164584.0,624907638,15681,D,4055.0,4070.0,3659.114365411436,3693.404463040446,3595.0460251046024,3650.0906555090655,3659.114365411436,3672.6499302649927,2281148893285.7017
2025-05-17,S*Mobarakeh Steel,4000.0,4030.0,3924.0,3949.0,3878288173846.0,982120475,25888,D,4045.0,3933.0,3609.483960948396,3636.555090655509,3540.9037656903765,3563.4630404463037,3650.0906555090655,3549.0251046025105,3499654739858.245
2025-05-18,S*Mobarakeh Steel,3949.0,4000.0,3933.0,3964.0,1953170861052.0,492666837,14293,D,3949.0,3970.0,3563.4630404463037,3609.483960948396,3549.0251046025105,3576.99860529986,3563.4630404463037,3582.412831241283,1762484723989.7405
2025-05-19,S*Mobarakeh Steel,3962.0,3980.0,3873.0,3906.0,1475541956752.0,377752537,15171,D,3964.0,3880.0,3575.1938633193863,3591.436541143654,3494.8828451882846,3524.6610878661086,3576.99860529986,3501.1994421199443,1331486256650.689
2025-05-20,S*Mobarakeh Steel,3873.0,3910.0,3789.0,3819.0,2698399382999.0,706489656,22458,D,3906.0,3789.0,3494.8828451882846,3528.270571827057,3419.083682008368,3446.154811715481,3524.6610878661086,3419.083682008368,2434957323291.9844
2025-05-21,S*Mobarakeh Steel,3708.0,3779.0,3708.0,3733.0,1828185860440.0,489686303,15817,D,3819.0,3769.0,3345.991631799163,3410.059972105997,3345.991631799163,3368.5509065550905,3446.154811715481,3401.036262203626,1649701885222.7056
2025-05-24,S*Mobarakeh Steel,3770.0,3844.0,3685.0,3826.0,3437109934719.0,898279970,13518,D,3733.0,3844.0,3401.938633193863,3468.7140864714083,3325.2370990237096,3452.471408647141,3368.5509065550905,3468.7140864714083,3101548295346.155
2025-05-25,S*Mobarakeh Steel,3844.0,3892.0,3798.0,3838.0,2310659698921.0,602017691,16728,D,3826.0,3810.0,3468.7140864714083,3512.0278940027893,3427.205020920502,3463.299860529986,3452.471408647141,3438.033472803347,2085072280616.2998
2025-05-26,S*Mobarakeh Steel,3930.0,3943.0,3831.0,3878.0,2145322590013.0,553223232,12926,D,3838.0,3904.0,3546.317991631799,3558.048814504881,3456.983263598326,3499.39470013947,3463.299860529986,3522.8563458856343,1935876869928.0488
2025-05-27,S*Mobarakeh Steel,3919.0,3939.0,3847.0,3874.0,1664384709035.0,429619055,13625,D,3878.0,3849.0,3536.3919107391907,3554.439330543933,3471.42119944212,3495.7852161785213,3499.39470013947,3473.225941422594,1501892478027.399
2025-05-28,S*Mobarakeh Steel,3870.0,3873.0,3812.0,3833.0,1363847368342.0,355861133,11390,D,3874.0,3830.0,3492.175732217573,3494.8828451882846,3439.8382147838215,3458.7880055788005,3495.7852161785213,3456.080892608089,1230696300303.032
2025-05-31,S*Mobarakeh Steel,3900.0,3902.0,3786.0,3839.0,1445841088087.0,376636414,12036,D,3833.0,3793.0,3519.246861924686,3521.0516039051604,3416.3765690376567,3464.202231520223,3458.7880055788005,3422.6931659693164,1304685054382.5508
2025-06-01,S*Mobarakeh Steel,3829.0,3829.0,3728.0,3758.0,1426647063265.0,379638187,12537,D,3839.0,3764.0,3455.178521617852,3455.178521617852,3364.039051603905,3391.110181311018,3464.202231520223,3396.5244072524406,1287364923197.2874
2025-06-02,S*Mobarakeh Steel,3759.0,3815.0,3728.0,3752.0,1070277549343.0,285253540,11696,D,3758.0,3730.0,3392.0125523012553,3442.5453277545325,3364.039051603905,3385.6959553695956,3391.110181311018,3365.8437935843795,965787412029.1785
2025-06-03,S*Mobarakeh Steel,3739.0,3750.0,3641.0,3671.0,1625725433044.0,442898219,16624,D,3752.0,3643.0,3373.965132496513,3383.8912133891213,3285.5327754532773,3312.6039051603902,3385.6959553695956,3287.3375174337516,1467007468869.5508
2025-06-07,S*Mobarakeh Steel,3623.0,3656.0,3561.0,3572.0,1955138599101.0,547285520,13087,D,3671.0,3561.0,3269.29009762901,3299.0683403068338,3213.3430962343095,3223.2691771269174,3312.6039051603902,3213.3430962343095,1764260353721.544
2025-06-08,S*Mobarakeh Steel,3540.0,3654.0,3533.0,3576.0,1166551449390.0,326248760,11716,D,3572.0,3560.0,3194.3933054393306,3297.26359832636,3188.076708507671,3226.878661087866,3223.2691771269174,3212.4407252440724,1052662186548.5774
2025-06-09,S*Mobarakeh Steel,3575.0,3610.0,3469.0,3481.0,2228042526116.0,640103196,17285,D,3576.0,3471.0,3225.976290097629,3257.559274755927,3130.3249651324963,3141.153417015342,3226.878661087866,3132.1297071129707,2010520940581.6624
2025-06-10,S*Mobarakeh Steel,3480.0,3540.0,3450.0,3484.0,1042154635690.0,299150378,9805,D,3481.0,3514.0,3140.2510460251046,3194.3933054393306,3113.1799163179917,3143.860529986053,3141.153417015342,3170.931659693166,940410110587.7684
2025-06-11,S*Mobarakeh Steel,3530.0,3538.0,3483.0,3498.0,782987358378.0,223819973,7826,D,3484.0,3500.0,3185.3695955369594,3192.5885634588562,3142.9581589958157,3156.493723849372,3143.860529986053,3158.2984658298465,706545077922.6862
2025-06-28,S*Mobarakeh Steel,3394.0,3394.0,3394.0,3394.0,176118956804.0,51891266,774,D,3498.0,3394.0,3062.647140864714,3062.647140864714,3062.647140864714,3062.647140864714,3156.493723849372,3062.647140864714,158924637450.75034
2025-06-29,S*Mobarakeh Steel,3293.0,3293.0,3293.0,3293.0,182247686624.0,55343968,1156,D,3394.0,3293.0,2971.5076708507668,2971.5076708507668,2971.5076708507668,2971.5076708507668,3062.647140864714,2971.5076708507668,164455025447.31937
2025-06-30,S*Mobarakeh Steel,3195.0,3195.0,3195.0,3195.0,4389945371145.0,1374004811,9549,D,3293.0,3195.0,2883.075313807531,2883.075313807531,2883.075313807531,2883.075313807531,2971.5076708507668,2883.075313807531,3961359351646.883
2025-07-01,S*Mobarakeh Steel,3100.0,3100.0,3100.0,3100.0,5503445472100.0,1775304991,15736,D,3195.0,3100.0,2797.350069735007,2797.350069735007,2797.350069735007,2797.350069735007,2883.075313807531,2797.350069735007,4966149540374.756
2025-07-02,S*Mobarakeh Steel,3007.0,3164.0,3007.0,3070.0,2770870206978.0,902488855,17386,D,3100.0,3133.0,2713.4295676429565,2855.1018131101814,2713.4295676429565,2770.278940027894,2797.350069735007,2827.1283124128313,2500352892489.2134
2025-07-07,S*Mobarakeh Steel,3162.0,3162.0,3059.0,3126.0,1724057889809.0,551505681,12305,D,3070.0,3070.0,2853.297071129707,2853.297071129707,2760.3528591352856,2820.8117154811716,2770.278940027894,2770.278940027894,1555739825253.0305
2025-07-08,S*Mobarakeh Steel,3099.0,3099.0,3033.0,3035.0,996665279392.0,328355325,5071,D,3126.0,3033.0,2796.4476987447697,2796.4476987447697,2736.8912133891213,2738.6959553695956,2820.8117154811716,2736.8912133891213,899361835099.8939
2025-07-09,S*Mobarakeh Steel,2958.0,3048.0,2948.0,2997.0,1464792205107.0,488692789,9650,D,3035.0,3030.0,2669.213389121339,2750.4267782426778,2660.1896792189677,2704.405857740586,2738.6959553695956,2734.18410041841,1321785992613.9873
2025-07-12,S*Mobarakeh Steel,3086.0,3086.0,3047.0,3081.0,1325277087007.0,430154343,7749,D,2997.0,3086.0,2784.7168758716875,2784.7168758716875,2749.5244072524406,2780.205020920502,2704.405857740586,2784.7168758716875,1195891597341.0447
2025-07-15,S*Mobarakeh Steel,3151.0,3173.0,3133.0,3145.0,952054559446.0,302744835,5064,D,3081.0,3137.0,2843.370990237099,2863.223152022315,2827.1283124128313,2837.9567642956763,2780.205020920502,2830.7377963737795,859106415567.0321
2025-07-16,S*Mobarakeh Steel,3161.0,3197.0,3158.0,3167.0,1042398374830.0,329128355,6655,D,3145.0,3165.0,2852.39470013947,2884.8800557880054,2849.6875871687585,2857.8089260808924,2837.9567642956763,2856.004184100418,940630053716.8898
2025-07-19,S*Mobarakeh Steel,3192.0,3192.0,3168.0,3173.0,1370745680723.0,432007684,6674,D,3167.0,3170.0,2880.36820083682,2880.36820083682,2858.7112970711296,2863.223152022315,2857.8089260808924,2860.516039051604,1236921137277.2397
2025-07-20,S*Mobarakeh Steel,3204.0,3237.0,3189.0,3206.0,3102293331638.0,967631733,10625,D,3173.0,3202.0,2891.196652719665,2920.9748953974895,2877.6610878661086,2893.0013947001394,2863.223152022315,2889.391910739191,2799419505676.131
2025-07-21,S*Mobarakeh Steel,3229.0,3230.0,3192.0,3203.0,1620645105765.0,505986911,9010,D,3206.0,3197.0,2913.7559274755927,2914.65829846583,2880.36820083682,2890.294281729428,2893.0013947001394,2884.8800557880054,1462423128912.071
2025-07-22,S*Mobarakeh Steel,3176.0,3205.0,3132.0,3153.0,7416784182766.0,2352029765,27029,D,3203.0,3133.0,2865.9302649930264,2892.099023709902,2826.225941422594,2845.175732217573,2890.294281729428,2827.1283124128313,6692690887377.408
2025-07-23,S*Mobarakeh Steel,3153.0,3169.0,3128.0,3143.0,6311171161878.0,2008068299,17325,D,3153.0,3139.0,2845.175732217573,2859.6136680613668,2822.6164574616455,2836.152022315202,2845.175732217573,2832.542538354254,5695017770899.674
2025-07-26,S*Mobarakeh Steel,3143.0,3144.0,3113.0,3129.0,3531837076902.0,1128627528,11349,D,3143.0,3114.0,2836.152022315202,2837.054393305439,2809.080892608089,2823.5188284518827,2836.152022315202,2809.983263598326,3187027320440.1587
2025-07-27,S*Mobarakeh Steel,3113.0,3160.0,3083.0,3109.0,3795489150325.0,1220679235,13156,D,3129.0,3091.0,2809.080892608089,2851.492329149233,2782.009762900976,2805.471408647141,2823.5188284518827,2789.228730822873,3424939303012.9355
2025-07-28,S*Mobarakeh Steel,3106.0,3106.0,3016.0,3047.0,2354106029314.0,772717044,9392,D,3109.0,3016.0,2802.7642956764294,2802.7642956764294,2721.5509065550905,2749.5244072524406,2805.471408647141,2721.5509065550905,2124276988795.1995
2025-07-29,S*Mobarakeh Steel,0.0,2969.0,2956.0,2956.0,307359980880.0,103977646,2841,D,3047.0,2956.0,0.0,2679.1394700139467,2667.4086471408646,2667.4086471408646,2749.5244072524406,2667.4086471408646,277352730305.9414
2025-07-30,S*Mobarakeh Steel,2868.0,2883.0,2868.0,2868.0,1746212385046.0,608833714,9187,D,2956.0,2868.0,2588.0,2601.5355648535565,2588.0,2588.0,2667.4086471408646,2588.0,1575731399058.2454
2025-08-02,S*Mobarakeh Steel,2870.0,2899.0,2840.0,2860.0,2448939908203.0,856391638,11827,D,2868.0,2899.0,2870.0,2899.0,2840.0,2860.0,2868.0,2899.0,2448939908203.0
2025-08-06,S*Mobarakeh Steel,2435.0,2436.0,2424.0,2430.0,767179854617.0,315771032,5469,D,2580.0,2425.0,2435.0,2436.0,2424.0,2430.0,2580.0,2425.0,767179854617.0
2025-08-09,S*Mobarakeh Steel,2450.0,2479.0,2390.0,2420.0,1119417936936.0,462592592,10637,D,2430.0,2396.0,2450.0,2479.0,2390.0,2420.0,2430.0,2396.0,1119417936936.0
2025-08-10,S*Mobarakeh Steel,2420.0,2424.0,2359.0,2386.0,1386545751615.0,581203228,8075,D,2420.0,2382.0,2420.0,2424.0,2359.0,2386.0,2420.0,2382.0,1386545751615.0
2025-08-11,S*Mobarakeh Steel,2380.0,2386.0,2315.0,2329.0,1110141222164.0,476630183,7625,D,2386.0,2315.0,2380.0,2386.0,2315.0,2329.0,2386.0,2315.0,1110141222164.0
2025-08-12,S*Mobarakeh Steel,2317.0,2319.0,2260.0,2278.0,982470235171.0,431334834,6666,D,2329.0,2260.0,2317.0,2319.0,2260.0,2278.0,2329.0,2260.0,982470235171.0
2025-08-13,S*Mobarakeh Steel,2210.0,2220.0,2210.0,2210.0,198274418621.0,89712378,2599,D,2278.0,2210.0,2210.0,2220.0,2210.0,2210.0,2278.0,2210.0,198274418621.0
2025-08-16,S*Mobarakeh Steel,2201.0,2216.0,2144.0,2175.0,1031705287283.0,474299120,9368,D,2210.0,2216.0,2201.0,2216.0,2144.0,2175.0,2210.0,2216.0,1031705287283.0
2025-08-17,S*Mobarakeh Steel,2230.0,2240.0,2200.0,2236.0,598504875302.0,267715643,3337,D,2175.0,2240.0,2230.0,2240.0,2200.0,2236.0,2175.0,2240.0,598504875302.0
2025-08-18,S*Mobarakeh Steel,2300.0,2300.0,2198.0,2246.0,692643583865.0,308408580,8548,D,2236.0,2214.0,2300.0,2300.0,2198.0,2246.0,2236.0,2214.0,692643583865.0
2025-08-19,S*Mobarakeh Steel,2188.0,2240.0,2179.0,2192.0,746241383750.0,340440168,7106,D,2246.0,2179.0,2188.0,2240.0,2179.0,2192.0,2246.0,2179.0,746241383750.0
2025-08-20,S*Mobarakeh Steel,2200.0,2200.0,2128.0,2146.0,578124635504.0,269346030,5987,D,2192.0,2130.0,2200.0,2200.0,2128.0,2146.0,2192.0,2130.0,578124635504.0
2025-08-23,S*Mobarakeh Steel,2137.0,2167.0,2103.0,2126.0,476009817741.0,223907782,5339,D,2146.0,2131.0,2137.0,2167.0,2103.0,2126.0,2146.0,2131.0,476009817741.0
2025-08-25,S*Mobarakeh Steel,2104.0,2130.0,2063.0,2070.0,284873833081.0,137605834,4548,D,2126.0,2063.0,2104.0,2130.0,2063.0,2070.0,2126.0,2063.0,284873833081.0
2025-08-26,S*Mobarakeh Steel,2010.0,2119.0,2010.0,2064.0,474974280744.0,230162024,5921,D,2070.0,2107.0,2010.0,2119.0,2010.0,2064.0,2070.0,2107.0,474974280744.0
2025-08-27,S*Mobarakeh Steel,2050.0,2125.0,2050.0,2119.0,638247482966.0,301137789,5203,D,2064.0,2105.0,2050.0,2125.0,2050.0,2119.0,2064.0,2105.0,638247482966.0
2025-08-30,S*Mobarakeh Steel,2090.0,2182.0,2090.0,2167.0,694948754154.0,320769866,4739,D,2119.0,2182.0,2090.0,2182.0,2090.0,2167.0,2119.0,2182.0,694948754154.0
2025-08-31,S*Mobarakeh Steel,2220.0,2232.0,2203.0,2231.0,594299242682.0,266441546,2425,D,2167.0,2232.0,2220.0,2232.0,2203.0,2231.0,2167.0,2232.0,594299242682.0
2025-09-02,S*Mobarakeh Steel,2297.0,2297.0,2297.0,2297.0,482898057330.0,210229890,1717,D,2231.0,2297.0,2297.0,2297.0,2297.0,2297.0,2231.0,2297.0,482898057330.0
2025-09-03,S*Mobarakeh Steel,2365.0,2365.0,2350.0,2365.0,2515148246673.0,1063556441,9958,D,2297.0,2365.0,2365.0,2365.0,2350.0,2365.0,2297.0,2365.0,2515148246673.0
2025-09-06,S*Mobarakeh Steel,2389.0,2392.0,2299.0,2341.0,1469992947874.0,627957719,11476,D,2365.0,2317.0,2389.0,2392.0,2299.0,2341.0,2365.0,2317.0,1469992947874.0
2025-09-07,S*Mobarakeh Steel,2300.0,2410.0,2288.0,2371.0,846040620810.0,356894368,6892,D,2341.0,2366.0,2300.0,2410.0,2288.0,2371.0,2341.0,2366.0,846040620810.0
2025-09-08,S*Mobarakeh Steel,2420.0,2442.0,2400.0,2440.0,1332166533342.0,545926913,6032,D,2371.0,2442.0,2420.0,2442.0,2400.0,2440.0,2371.0,2442.0,1332166533342.0
2025-09-09,S*Mobarakeh Steel,2490.0,2490.0,2393.0,2417.0,1103403765666.0,456539640,8720,D,2440.0,2393.0,2490.0,2490.0,2393.0,2417.0,2440.0,2393.0,1103403765666.0
2025-09-13,S*Mobarakeh Steel,2416.0,2445.0,2384.0,2399.0,497544510669.0,207390461,4887,D,2417.0,2385.0,2416.0,2445.0,2384.0,2399.0,2417.0,2385.0,497544510669.0
2025-09-14,S*Mobarakeh Steel,2390.0,2470.0,2375.0,2460.0,1493964192872.0,607206778,6698,D,2399.0,2470.0,2390.0,2470.0,2375.0,2460.0,2399.0,2470.0,1493964192872.0
2025-09-15,S*Mobarakeh Steel,2510.0,2510.0,2387.0,2424.0,1121898422094.0,462860699,8896,D,2460.0,2394.0,2510.0,2510.0,2387.0,2424.0,2460.0,2394.0,1121898422094.0
2025-09-16,S*Mobarakeh Steel,2352.0,2360.0,2352.0,2352.0,884748487872.0,376157690,3698,D,2424.0,2352.0,2352.0,2360.0,2352.0,2352.0,2424.0,2352.0,884748487872.0
2025-09-17,S*Mobarakeh Steel,2309.0,2330.0,2282.0,2292.0,946445871624.0,412987132,6858,D,2352.0,2287.0,2309.0,2330.0,2282.0,2292.0,2352.0,2287.0,946445871624.0
2025-09-20,S*Mobarakeh Steel,2224.0,2224.0,2224.0,2224.0,641477471760.0,288434115,2654,D,2292.0,2224.0,2224.0,2224.0,2224.0,2224.0,2292.0,2224.0,641477471760.0
2025-09-21,S*Mobarakeh Steel,2158.0,2183.0,2158.0,2166.0,1096379702070.0,506113439,8502,D,2224.0,2170.0,2158.0,2183.0,2158.0,2166.0,2224.0,2170.0,1096379702070.0
2025-09-22,S*Mobarakeh Steel,2220.0,2230.0,2174.0,2228.0,1103979107845.0,495472183,6890,D,2166.0,2230.0,2220.0,2230.0,2174.0,2228.0,2166.0,2230.0,1103979107845.0
2025-09-23,S*Mobarakeh Steel,2254.0,2254.0,2168.0,2204.0,631374938627.0,286495757,5645,D,2228.0,2185.0,2254.0,2254.0,2168.0,2204.0,2228.0,2185.0,631374938627.0
2025-09-24,S*Mobarakeh Steel,2192.0,2192.0,2155.0,2169.0,871365891326.0,401786824,7100,D,2204.0,2190.0,2192.0,2192.0,2155.0,2169.0,2204.0,2190.0,871365891326.0
2025-09-27,S*Mobarakeh Steel,2180.0,2234.0,2180.0,2232.0,1103279964355.0,494355894,3951,D,2169.0,2234.0,2180.0,2234.0,2180.0,2232.0,2169.0,2234.0,1103279964355.0
2025-09-28,S*Mobarakeh Steel,2298.0,2298.0,2298.0,2298.0,324752592468.0,141319666,1372,D,2232.0,2298.0,2298.0,2298.0,2298.0,2298.0,2232.0,2298.0,324752592468.0
2025-09-29,S*Mobarakeh Steel,2366.0,2366.0,2366.0,2366.0,1388878803130.0,587015555,3875,D,2298.0,2366.0,2366.0,2366.0,2366.0,2366.0,2298.0,2366.0,1388878803130.0
2025-09-30,S*Mobarakeh Steel,2436.0,2436.0,2370.0,2423.0,3717103989262.0,1534295911,17297,D,2366.0,2408.0,2436.0,2436.0,2370.0,2423.0,2366.0,2408.0,3717103989262.0
2025-10-01,S*Mobarakeh Steel,2402.0,2466.0,2356.0,2403.0,1526697470602.0,635330990,10710,D,2423.0,2408.0,2402.0,2466.0,2356.0,2403.0,2423.0,2408.0,1526697470602.0
2025-10-04,S*Mobarakeh Steel,2475.0,2475.0,2475.0,2475.0,462142815750.0,186724370,1786,D,2403.0,2475.0,2475.0,2475.0,2475.0,2475.0,2403.0,2475.0,462142815750.0
2025-10-05,S*Mobarakeh Steel,2549.0,2549.0,2531.0,2549.0,3111544308841.0,1220875392,11186,D,2475.0,2549.0,2549.0,2549.0,2531.0,2549.0,2475.0,2549.0,3111544308841.0
2025-10-06,S*Mobarakeh Steel,2625.0,2625.0,2592.0,2624.0,6034956806498.0,2299625920,18824,D,2549.0,2625.0,2625.0,2625.0,2592.0,2624.0,2549.0,2625.0,6034956806498.0
2025-10-07,S*Mobarakeh Steel,2640.0,2702.0,2625.0,2690.0,1744371760195.0,648476853,6318,D,2624.0,2702.0,2640.0,2702.0,2625.0,2690.0,2624.0,2702.0,1744371760195.0
2025-10-08,S*Mobarakeh Steel,2750.0,2758.0,2625.0,2696.0,3408204962331.0,1264243317,18428,D,2690.0,2677.0,2750.0,2758.0,2625.0,2696.0,2690.0,2677.0,3408204962331.0
2025-10-11,S*Mobarakeh Steel,2696.0,2776.0,2640.0,2730.0,2495939151778.0,914191915,14319,D,2696.0,2729.0,2696.0,2776.0,2640.0,2730.0,2696.0,2729.0,2495939151778.0
2025-10-12,S*Mobarakeh Steel,2764.0,2811.0,2740.0,2807.0,2378865580858.0,847435114,9384,D,2730.0,2811.0,2764.0,2811.0,2740.0,2807.0,2730.0,2811.0,2378865580858.0
2025-10-13,S*Mobarakeh Steel,2855.0,2881.0,2772.0,2824.0,3230262244481.0,1143847647,16164,D,2807.0,2810.0,2855.0,2881.0,2772.0,2824.0,2807.0,2810.0,3230262244481.0
2025-10-14,S*Mobarakeh Steel,2819.0,2829.0,2740.0,2767.0,2283395679286.0,825145383,13884,D,2824.0,2740.0,2819.0,2829.0,2740.0,2767.0,2824.0,2740.0,2283395679286.0
2025-10-15,S*Mobarakeh Steel,2727.0,2747.0,2689.0,2710.0,1309240388759.0,483086062,8217,D,2767.0,2735.0,2727.0,2747.0,2689.0,2710.0,2767.0,2735.0,1309240388759.0
2025-10-18,S*Mobarakeh Steel,2791.0,2791.0,2754.0,2791.0,1267860369456.0,454281655,4224,D,2710.0,2791.0,2791.0,2791.0,2754.0,2791.0,2710.0,2791.0,1267860369456.0
2025-10-19,S*Mobarakeh Steel,2861.0,2874.0,2709.0,2816.0,2375422858927.0,843674097,14187,D,2791.0,2740.0,2861.0,2874.0,2709.0,2816.0,2791.0,2740.0,2375422858927.0
2025-10-20,S*Mobarakeh Steel,2738.0,2797.0,2732.0,2754.0,1257583586728.0,456646606,9083,D,2816.0,2732.0,2738.0,2797.0,2732.0,2754.0,2816.0,2732.0,1257583586728.0
2025-10-21,S*Mobarakeh Steel,2690.0,2796.0,2673.0,2712.0,1134926906653.0,418482212,8035,D,2754.0,2742.0,2690.0,2796.0,2673.0,2712.0,2754.0,2742.0,1134926906653.0
2025-10-22,S*Mobarakeh Steel,2759.0,2775.0,2701.0,2739.0,1080821715278.0,394567877,6860,D,2712.0,2772.0,2759.0,2775.0,2701.0,2739.0,2712.0,2772.0,1080821715278.0
2025-10-25,S*Mobarakeh Steel,2657.0,2669.0,2657.0,2657.0,2656275352619.0,999654976,10931,D,2739.0,2659.0,2657.0,2669.0,2657.0,2657.0,2739.0,2659.0,2656275352619.0
2025-10-26,S*Mobarakeh Steel,2640.0,2730.0,2640.0,2679.0,1352384878559.0,504729901,8369,D,2657.0,2685.0,2640.0,2730.0,2640.0,2679.0,2657.0,2685.0,1352384878559.0
2025-10-27,S*Mobarakeh Steel,2735.0,2759.0,2685.0,2743.0,1473760023542.0,537206167,7622,D,2679.0,2759.0,2735.0,2759.0,2685.0,2743.0,2679.0,2759.0,1473760023542.0
2025-10-28,S*Mobarakeh Steel,2825.0,2825.0,2748.0,2810.0,2102531173236.0,748362633,9451,D,2743.0,2825.0,2825.0,2825.0,2748.0,2810.0,2743.0,2825.0,2102531173236.0
2025-10-29,S*Mobarakeh Steel,2894.0,2894.0,2894.0,2894.0,1335059781918.0,461319897,4258,D,2810.0,2894.0,2894.0,2894.0,2894.0,2894.0,2810.0,2894.0,1335059781918.0
2025-11-01,S*Mobarakeh Steel,2980.0,2980.0,2950.0,2978.0,7782715704886.0,2613563964,22964,D,2894.0,2980.0,2980.0,2980.0,2950.0,2978.0,2894.0,2980.0,7782715704886.0
2025-11-02,S*Mobarakeh Steel,2990.0,3067.0,2975.0,3046.0,4539394221174.0,1490354001,18562,D,2978.0,3067.0,2990.0,3067.0,2975.0,3046.0,2978.0,3067.0,4539394221174.0
2025-11-03,S*Mobarakeh Steel,3120.0,3137.0,3068.0,3131.0,3918242453432.0,1251287042,17127,D,3046.0,3133.0,3120.0,3137.0,3068.0,3131.0,3046.0,3133.0,3918242453432.0
2025-11-04,S*Mobarakeh Steel,3117.0,3120.0,3038.0,3055.0,3772894149478.0,1234808338,17911,D,3131.0,3038.0,3117.0,3120.0,3038.0,3055.0,3131.0,3038.0,3772894149478.0
2025-11-05,S*Mobarakeh Steel,2989.0,3087.0,2973.0,3022.0,1818847646278.0,601905813,12440,D,3055.0,3078.0,2989.0,3087.0,2973.0,3022.0,3055.0,3078.0,1818847646278.0
2025-11-08,S*Mobarakeh Steel,3110.0,3112.0,3037.0,3094.0,2421004302277.0,782444663,11180,D,3022.0,3047.0,3110.0,3112.0,3037.0,3094.0,3022.0,3047.0,2421004302277.0
2025-11-09,S*Mobarakeh Steel,3002.0,3002.0,3002.0,3002.0,2513913714926.0,837412963,6630,D,3094.0,3002.0,3002.0,3002.0,3002.0,3002.0,3094.0,3002.0,2513913714926.0
2025-11-10,S*Mobarakeh Steel,3000.0,3092.0,2981.0,3052.0,3515773471091.0,1152098918,15520,D,3002.0,3088.0,3000.0,3092.0,2981.0,3052.0,3002.0,3088.0,3515773471091.0
2025-11-11,S*Mobarakeh Steel,3101.0,3143.0,3052.0,3109.0,2073585019170.0,666998063,10825,D,3052.0,3066.0,3101.0,3143.0,3052.0,3109.0,3052.0,3066.0,2073585019170.0
2025-11-12,S*Mobarakeh Steel,3082.0,3109.0,3032.0,3068.0,1140904652788.0,371877013,7584,D,3109.0,3076.0,3082.0,3109.0,3032.0,3068.0,3109.0,3076.0,1140904652788.0
2025-11-15,S*Mobarakeh Steel,3040.0,3088.0,3018.0,3048.0,1214789998653.0,398490241,6998,D,3068.0,3038.0,3040.0,3088.0,3018.0,3048.0,3068.0,3038.0,1214789998653.0
2025-11-16,S*Mobarakeh Steel,3050.0,3100.0,3006.0,3063.0,1294601803284.0,422694649,8912,D,3048.0,3090.0,3050.0,3100.0,3006.0,3063.0,3048.0,3090.0,1294601803284.0
2025-11-17,S*Mobarakeh Steel,3105.0,3135.0,3021.0,3076.0,2075369214339.0,674770932,12308,D,3063.0,3039.0,3105.0,3135.0,3021.0,3076.0,3063.0,3039.0,2075369214339.0
2025-11-18,S*Mobarakeh Steel,3043.0,3094.0,3015.0,3048.0,1245704061688.0,408740848,7489,D,3076.0,3045.0,3043.0,3094.0,3015.0,3048.0,3076.0,3045.0,1245704061688.0
2025-11-19,S*Mobarakeh Steel,3080.0,3095.0,3037.0,3061.0,1201111166486.0,392426863,7247,D,3048.0,3070.0,3080.0,3095.0,3037.0,3061.0,3048.0,3070.0,1201111166486.0
2025-11-22,S*Mobarakeh Steel,3080.0,3148.0,3074.0,3110.0,1264241085098.0,406478294,7984,D,3061.0,3086.0,3080.0,3148.0,3074.0,3110.0,3061.0,3086.0,1264241085098.0
2025-11-23,S*Mobarakeh Steel,3150.0,3203.0,3113.0,3197.0,2870503906102.0,897811176,7874,D,3110.0,3203.0,3150.0,3203.0,3113.0,3197.0,3110.0,3203.0,2870503906102.0
2025-11-25,S*Mobarakeh Steel,3292.0,3292.0,3253.0,3289.0,5124593053015.0,1557878042,13039,D,3197.0,3292.0,3292.0,3292.0,3253.0,3289.0,3197.0,3292.0,5124593053015.0
2025-11-26,S*Mobarakeh Steel,3289.0,3289.0,3191.0,3219.0,2618489995806.0,813378391,16047,D,3289.0,3215.0,3289.0,3289.0,3191.0,3219.0,3289.0,3215.0,2618489995806.0
2025-11-29,S*Mobarakeh Steel,3170.0,3261.0,3150.0,3197.0,1664964421044.0,520814102,9623,D,3219.0,3171.0,3170.0,3261.0,3150.0,3197.0,3219.0,3171.0,1664964421044.0
2025-11-30,S*Mobarakeh Steel,3197.0,3219.0,3102.0,3171.0,2560308504781.0,807447342,15593,D,3197.0,3213.0,3197.0,3219.0,3102.0,3171.0,3197.0,3213.0,2560308504781.0
2025-12-01,S*Mobarakeh Steel,3240.0,3266.0,3209.0,3247.0,2348752501868.0,723304384,11321,D,3171.0,3246.0,3240.0,3266.0,3209.0,3247.0,3171.0,3246.0,2348752501868.0
2025-12-02,S*Mobarakeh Steel,3266.0,3277.0,3227.0,3245.0,1452344550773.0,447553530,9195,D,3247.0,3229.0,3266.0,3277.0,3227.0,3245.0,3247.0,3229.0,1452344550773.0
2025-12-03,S*Mobarakeh Steel,3264.0,3342.0,3264.0,3315.0,2185205926791.0,659091131,10390,D,3245.0,3317.0,3264.0,3342.0,3264.0,3315.0,3245.0,3317.0,2185205926791.0
2025-12-06,S*Mobarakeh Steel,3389.0,3410.0,3321.0,3371.0,2497738095248.0,741051545,12157,D,3315.0,3355.0,3389.0,3410.0,3321.0,3371.0,3315.0,3355.0,2497738095248.0
2025-12-07,S*Mobarakeh Steel,3400.0,3400.0,3270.0,3310.0,3619489575374.0,1093456567,19000,D,3371.0,3270.0,3400.0,3400.0,3270.0,3310.0,3371.0,3270.0,3619489575374.0
2025-12-08,S*Mobarakeh Steel,3289.0,3409.0,3264.0,3343.0,2527009799128.0,755900834,13103,D,3310.0,3380.0,3289.0,3409.0,3264.0,3343.0,3310.0,3380.0,2527009799128.0
2025-12-09,S*Mobarakeh Steel,3385.0,3437.0,3357.0,3395.0,2340836153093.0,689523242,9211,D,3343.0,3395.0,3385.0,3437.0,3357.0,3395.0,3343.0,3395.0,2340836153093.0
2025-12-10,S*Mobarakeh Steel,3411.0,3496.0,3411.0,3490.0,2852359853494.0,817209723,7893,D,3395.0,3496.0,3411.0,3496.0,3411.0,3490.0,3395.0,3496.0,2852359853494.0
2025-12-13,S*Mobarakeh Steel,3589.0,3594.0,3550.0,3593.0,5089653844899.0,1416566101,14716,D,3490.0,3594.0,3589.0,3594.0,3550.0,3593.0,3490.0,3594.0,5089653844899.0
2025-12-14,S*Mobarakeh Steel,3650.0,3700.0,3511.0,3669.0,3724423872942.0,1015222956,15398,D,3593.0,3698.0,3650.0,3700.0,3511.0,3669.0,3593.0,3698.0,3724423872942.0
2025-12-15,S*Mobarakeh Steel,3705.0,3779.0,3705.0,3774.0,3061300294980.0,811060641,10807,D,3669.0,3779.0,3705.0,3779.0,3705.0,3774.0,3669.0,3779.0,3061300294980.0
2025-12-16,S*Mobarakeh Steel,3835.0,3887.0,3683.0,3822.0,4218130176787.0,1103531167,18263,D,3774.0,3720.0,3835.0,3887.0,3683.0,3822.0,3774.0,3720.0,4218130176787.0
2025-12-17,S*Mobarakeh Steel,3720.0,3826.0,3720.0,3783.0,2211625559935.0,584627147,10882,D,3822.0,3784.0,3720.0,3826.0,3720.0,3783.0,3822.0,3784.0,2211625559935.0
2025-12-20,S*Mobarakeh Steel,3876.0,3896.0,3844.0,3890.0,3002981479977.0,771884534,12001,D,3783.0,3896.0,3876.0,3896.0,3844.0,3890.0,3783.0,3896.0,3002981479977.0
2025-12-21,S*Mobarakeh Steel,3923.0,3944.0,3825.0,3885.0,3515745115182.0,905067519,16609,D,3890.0,3874.0,3923.0,3944.0,3825.0,3885.0,3890.0,3874.0,3515745115182.0
2025-12-22,S*Mobarakeh Steel,3874.0,3915.0,3781.0,3839.0,3124493479642.0,813877549,18174,D,3885.0,3825.0,3874.0,3915.0,3781.0,3839.0,3885.0,3825.0,3124493479642.0
2025-12-23,S*Mobarakeh Steel,3834.0,3925.0,3807.0,3868.0,1810567280299.0,468088800,10627,D,3839.0,3887.0,3834.0,3925.0,3807.0,3868.0,3839.0,3887.0,1810567280299.0
2025-12-24,S*Mobarakeh Steel,3940.0,3984.0,3935.0,3976.0,4004145494478.0,1007102689,16191,D,3868.0,3984.0,3940.0,3984.0,3935.0,3976.0,3868.0,3984.0,4004145494478.0
2025-12-27,S*Mobarakeh Steel,4095.0,4095.0,3970.0,4041.0,4811371538079.0,1190602987,21846,D,3976.0,4016.0,4095.0,4095.0,3970.0,4041.0,3976.0,4016.0,4811371538079.0
2025-12-28,S*Mobarakeh Steel,4049.0,4162.0,4010.0,4145.0,6661290075234.0,1607209950,22051,D,4041.0,4162.0,4049.0,4162.0,4010.0,4145.0,4041.0,4162.0,6661290075234.0
2025-12-29,S*Mobarakeh Steel,4225.0,4269.0,4021.0,4135.0,5464586013505.0,1321597918,25717,D,4145.0,4114.0,4225.0,4269.0,4021.0,4135.0,4145.0,4114.0,5464586013505.0
2025-12-30,S*Mobarakeh Steel,4011.0,4020.0,4011.0,4011.0,6664856615209.0,1661625018,16494,D,4135.0,4011.0,4011.0,4020.0,4011.0,4011.0,4135.0,4011.0,6664856615209.0
2025-12-31,S*Mobarakeh Steel,3960.0,4131.0,3959.0,4055.0,4588185228072.0,1131445398,18242,D,4011.0,4131.0,3960.0,4131.0,3959.0,4055.0,4011.0,4131.0,4588185228072.0
2026-01-04,S*Mobarakeh Steel,4061.0,4170.0,3934.0,3989.0,4948211025846.0,1240606287,20672,D,4055.0,4010.0,4061.0,4170.0,3934.0,3989.0,4055.0,4010.0,4948211025846.0
2026-01-05,S*Mobarakeh Steel,4108.0,4108.0,4051.0,4108.0,2705816315325.0,658684785,5761,D,3989.0,4108.0,4108.0,4108.0,4051.0,4108.0,3989.0,4108.0,2705816315325.0
2026-01-06,S*Mobarakeh Steel,4231.0,4231.0,4231.0,4231.0,2173371402219.0,513677949,4055,D,4108.0,4231.0,4231.0,4231.0,4231.0,4231.0,4108.0,4231.0,2173371402219.0
2026-01-07,S*Mobarakeh Steel,4357.0,4357.0,4248.0,4355.0,11124866889902.0,2554475478,26777,D,4231.0,4357.0,4357.0,4357.0,4248.0,4355.0,4231.0,4357.0,11124866889902.0
2026-01-10,S*Mobarakeh Steel,4225.0,4409.0,4225.0,4274.0,7263013864952.0,1699472042,23058,D,4355.0,4225.0,4225.0,4409.0,4225.0,4274.0,4355.0,4225.0,7263013864952.0
2026-01-11,S*Mobarakeh Steel,4254.0,4402.0,4254.0,4349.0,4928861028271.0,1133217155,18619,D,4274.0,4378.0,4254.0,4402.0,4254.0,4349.0,4274.0,4378.0,4928861028271.0
2026-01-12,S*Mobarakeh Steel,4430.0,4479.0,4381.0,4442.0,4545160807544.0,1023316822,18959,D,4349.0,4430.0,4430.0,4479.0,4381.0,4442.0,4349.0,4430.0,4545160807544.0
2026-01-13,S*Mobarakeh Steel,4490.0,4490.0,4309.0,4343.0,2803341071995.0,645498283,14056,D,4442.0,4309.0,4490.0,4490.0,4309.0,4343.0,4442.0,4309.0,2803341071995.0
2026-01-14,S*Mobarakeh Steel,4213.0,4213.0,4213.0,4213.0,1918575145289.0,455394053,4855,D,4343.0,4213.0,4213.0,4213.0,4213.0,4213.0,4343.0,4213.0,1918575145289.0
2026-01-18,S*Mobarakeh Steel,4122.0,4327.0,4122.0,4183.0,4201035870682.0,1004425857,22565,D,4213.0,4172.0,4122.0,4327.0,4122.0,4183.0,4213.0,4172.0,4201035870682.0
2026-01-19,S*Mobarakeh Steel,4215.0,4253.0,4058.0,4089.0,7098681262628.0,1736189974,27243,D,4183.0,4058.0,4215.0,4253.0,4058.0,4089.0,4183.0,4058.0,7098681262628.0
2026-01-20,S*Mobarakeh Steel,3982.0,4058.0,3967.0,3992.0,4723886052868.0,1183367126,20006,D,4089.0,3968.0,3982.0,4058.0,3967.0,3992.0,4089.0,3968.0,4723886052868.0
2026-01-21,S*Mobarakeh Steel,3987.0,3992.0,3873.0,3907.0,4050657384322.0,1036820265,23685,D,3992.0,3905.0,3987.0,3992.0,3873.0,3907.0,3992.0,3905.0,4050657384322.0
2026-01-24,S*Mobarakeh Steel,3790.0,3830.0,3790.0,3790.0,1445196740270.0,381282881,5622,D,3907.0,3790.0,3790.0,3830.0,3790.0,3790.0,3907.0,3790.0,1445196740270.0
2026-01-25,S*Mobarakeh Steel,3677.0,3677.0,3677.0,3677.0,2415479139210.0,656915730,5858,D,3790.0,3677.0,3677.0,3677.0,3677.0,3677.0,3790.0,3677.0,2415479139210.0
2026-01-26,S*Mobarakeh Steel,3567.0,3567.0,3567.0,3567.0,314557047141.0,88185323,1585,D,3677.0,3567.0,3567.0,3567.0,3567.0,3567.0,3677.0,3567.0,314557047141.0
2026-01-27,S*Mobarakeh Steel,3460.0,3460.0,3460.0,3460.0,701481434540.0,202740299,2748,D,3567.0,3460.0,3460.0,3460.0,3460.0,3460.0,3567.0,3460.0,701481434540.0
2026-01-28,S*Mobarakeh Steel,3357.0,3414.0,3357.0,3361.0,6513455316768.0,1938034526,29976,D,3460.0,3362.0,3357.0,3414.0,3357.0,3361.0,3460.0,3362.0,6513455316768.0
2026-01-31,S*Mobarakeh Steel,3320.0,3429.0,3261.0,3284.0,2820955714042.0,859114669,11933,D,3361.0,3261.0,3320.0,3429.0,3261.0,3284.0,3361.0,3261.0,2820955714042.0
2026-02-01,S*Mobarakeh Steel,3260.0,3382.0,3260.0,3344.0,1732743495598.0,518211091,9654,D,3284.0,3382.0,3260.0,3382.0,3260.0,3344.0,3284.0,3382.0,1732743495598.0
2026-02-02,S*Mobarakeh Steel,3430.0,3444.0,3370.0,3441.0,2031372695795.0,590310629,7937,D,3344.0,3444.0,3430.0,3444.0,3370.0,3441.0,3344.0,3444.0,2031372695795.0
2026-02-03,S*Mobarakeh Steel,3470.0,3501.0,3376.0,3437.0,2000036026400.0,581832880,10926,D,3441.0,3477.0,3470.0,3501.0,3376.0,3437.0,3441.0,3477.0,2000036026400.0
2026-02-09,S*Mobarakeh Steel,3334.0,3350.0,3334.0,3334.0,1360204699434.0,407933909,4993,D,3437.0,3334.0,3334.0,3350.0,3334.0,3334.0,3437.0,3334.0,1360204699434.0
2026-02-10,S*Mobarakeh Steel,3310.0,3434.0,3310.0,3428.0,2333701653793.0,680775202,7249,D,3334.0,3434.0,3310.0,3434.0,3310.0,3428.0,3334.0,3434.0,2333701653793.0
2026-02-14,S*Mobarakeh Steel,3530.0,3530.0,3411.0,3495.0,3265371559700.0,934198655,12332,D,3428.0,3453.0,3530.0,3530.0,3411.0,3495.0,3428.0,3453.0,3265371559700.0
2026-02-15,S*Mobarakeh Steel,3408.0,3440.0,3391.0,3392.0,1226475559436.0,361589013,6148,D,3495.0,3391.0,3408.0,3440.0,3391.0,3392.0,3495.0,3391.0,1226475559436.0
2026-02-16,S*Mobarakeh Steel,3292.0,3440.0,3292.0,3377.0,1018254937359.0,301518611,6005,D,3392.0,3417.0,3292.0,3440.0,3292.0,3377.0,3392.0,3417.0,1018254937359.0
2026-02-17,S*Mobarakeh Steel,3419.0,3478.0,3365.0,3438.0,1021150060449.0,297042819,5804,D,3377.0,3478.0,3419.0,3478.0,3365.0,3438.0,3377.0,3478.0,1021150060449.0
2026-02-18,S*Mobarakeh Steel,3482.0,3492.0,3347.0,3394.0,1049748491746.0,309278432,5860,D,3438.0,3370.0,3482.0,3492.0,3347.0,3394.0,3438.0,3370.0,1049748491746.0
2026-02-21,S*Mobarakeh Steel,3293.0,3293.0,3293.0,3293.0,506282992995.0,153745215,2193,D,3394.0,3293.0,3293.0,3293.0,3293.0,3293.0,3394.0,3293.0,506282992995.0
2026-02-22,S*Mobarakeh Steel,3195.0,3304.0,3195.0,3214.0,2477768884014.0,770927930,11608,D,3293.0,3290.0,3195.0,3304.0,3195.0,3214.0,3293.0,3290.0,2477768884014.0
2026-02-23,S*Mobarakeh Steel,3270.0,3310.0,3240.0,3282.0,1105008006034.0,336687235,6090,D,3214.0,3310.0,3270.0,3310.0,3240.0,3282.0,3214.0,3310.0,1105008006034.0
2026-02-24,S*Mobarakeh Steel,3298.0,3300.0,3216.0,3269.0,921388471289.0,281883619,4939,D,3282.0,3281.0,3298.0,3300.0,3216.0,3269.0,3282.0,3281.0,921388471289.0
2026-02-25,S*Mobarakeh Steel,3254.0,3367.0,3254.0,3359.0,1520373836259.0,452674550,6785,D,3269.0,3367.0,3254.0,3367.0,3254.0,3359.0,3269.0,3367.0,1520373836259.0
